Order_ID,Customer_ID,Order_Date,Product_ID,Product_Name,Category,Quantity,Unit_Price,Discount,Area,City,State,Zone,Sales_Channel,Payment_Method,Order_Status
ORD101546,CUST10106,2025-03-16,P002,HP Pavilion 14,Laptop,2,73360.32,0,Uppal,Hyderabad,Telangana,East Hyderabad,Online,Credit Card,Shipped
ORD100583,CUST10411,07/05/2025,P003,Lenovo IdeaPad Slim 5,Laptop,,56289.53,0,Manikonda,Hyderabad,Telangana, West Hyderabad ,Retail Store,UPI,Delivered
ORD101000,CUST10386,11/12/2025,P012,Logitech MX Master 3S,Accessories,,8906.93,0.15,Begumpet,Hyderabad,Telangana,Central Hyderabad,Online,Credit Card,Delivered
ORD102721,CUST10335,2025-05-22,P016,Green Soul Monster Chair,Furniture,5,12834.93,0.1,Uppal,Hyderabad,Telangana,East Hyderabad,Online,Credit Card,Shipped
ORD102010,CUST10314,2025-12-22,P001,Dell Inspiron 15,Laptop,4,58153.15,1.5,Uppal,Hyderabad,Telangana,East Hyderabad,Online,Cash on Delivery,Delivered
ORD100842,CUST10182,24/08/2025,P012,Logitech MX Master 3S,Accessories,2,9085.82,0.1,Gachibowli,Hyderabad,Telangana,West Hyderabad,Corporate Sales,Credit Card,Delivered
ORD100157,CUST10497,2025-11-12,P010,LG UltraGear 27,Monitor,5,28855.7,0.15,Banjara Hills,Hyderabad,Telangana,Central Hyderabad,Online,Credit Card,Delivered
ORD100389,CUST10241,21/02/2025,P010,LG UltraGear 27,Monitor,1,25791.4,0.15,Dilsukhnagar,Hyderabad,Telangana,East Hyderabad,Online,Cash on Delivery,Returned
ORD100377,CUST10486,2025-11-20,P002,HP Pavilion 14,Laptop,2,72784.01,0.1,HITEC City,Hyderabad,Telangana,West Hyderabad,Online, UPI ,Delivered
ORD102289,CUST10087,02-01-2025,P014,Samsung Galaxy Tab S9,Tablet,4,54861.52,0.15,Kompally,Hyderabad,Telangana,North Hyderabad,Online,Debit Card,Delivered
ORD102774,CUST10187,2025-10-05,P007,Sony WH-1000XM5,Audio,2,27262.66,0.1,Tarnaka,Hyderabad,Telangana,East Hyderabad,Online,Cash on Delivery,Delivered
ORD102306,CUST10001,2025-08-04,P008,JBL Tune 770NC,Audio,5,7778.03,0.1,Secunderabad,Hyderabad,Telangana,North Hyderabad,Online,,Delivered
ORD102744,CUST10345,04-30-2025,P015,Apple iPad Air,Tablet,1,68523.53,0.1,Jubilee Hills,Hyderabad,Telangana,Central Hyderabad,Retail Store,Debit Card,Delivered
ORD100977,CUST10368,2025-08-27,P018,American Tourister Backpack,Bags,1,4395.46,0.05,Kukatpally,Hyderabad,Telangana,North-West Hyderabad,Retail Store,Cash on Delivery,Delivered
ORD101589,,2025-03-30,P014,Samsung Galaxy Tab S9,Tablet,2,49014.83,0.1,Ameerpet,Hyderabad,Telangana,Central Hyderabad,Retail Store,UPI,Delivered
ORD102227,CUST10053,2025-05-20,P010,LG UltraGear 27,Monitor,1,29405.99,0.05,Dilsukhnagar,Hyderabad,Telangana,East Hyderabad,Retail Store,Credit Card,Returned
ORD100021,CUST10299,02-02-2025,P011,Logitech K380 Keyboard,Accessories,5,3196.5,0,Uppal,Hyderabad,Telangana,East Hyderabad,Retail Store,Credit Card,Delivered
ORD100446,CUST10410,2025-08-19,P006,iPhone 16,Smartphone,5,77494.11,0.1,Miyapur,Hyderabad,Telangana,North-West Hyderabad,Online,Debit Card,Delivered
ORD102578,CUST10275,11/10/2025,P015,Apple iPad Air,Tablet,1,66422.64,0.1,Mehdipatnam,Hyderabad,Telangana,South Hyderabad,Retail Store,Credit Card,Returned
ORD102689,CUST10193,07/05/2025,P011,Logitech K380 Keyboard,Accessories,1,3072.89,0.1,Miyapur,Hyderabad,Telangana,North-West Hyderabad,Online,UPI,Delivered
ORD101552,CUST10169,2025-11-23,P017,IKEA Linnmon Desk,Furniture,1,9318.27,0.1,Begumpet,Hyderabad,Telangana,Central Hyderabad,Online,Credit Card,Delivered
ORD100595,CUST10053,2025-11-15,P006,iPhone 16,Smartphone,1,81756.49,0,Manikonda,Hyderabad,Telangana,West Hyderabad,Retail Store,UPI,Cancelled
ORD100080,CUST10111,2025-07-04,P014,Samsung Galaxy Tab S9,Tablet,1,48327.17,0.15,Kompally,Hyderabad,Telangana,North Hyderabad,Retail Store,upi,Delivered
ORD102938,CUST10468,2025-07-23,P006,iPhone 16,Smartphone,2,,0.15,Uppal,Hyderabad,Telangana,East Hyderabad,Online,Debit Card,Delivered
ORD101868,CUST10397,2025-03-13,P015,Apple iPad Air, Tablet ,2,65752.11,0,Dilsukhnagar,Hyderabad,Telangana,East Hyderabad,CORPORATE SALES,Net Banking,Delivered
ORD100807,CUST10232,2025-11-27,P011,Logitech K380 Keyboard,Accessories,1,3259.79,0.1,Dilsukhnagar,Hyderabad,Telangana,East Hyderabad,online,UPI,Delivered
ORD102047,CUST10367,2025-09-22,P007,Sony WH-1000XM5,Audio,1,27488.87,0.05,Banjara Hills,Hyderabad,Telangana,Central Hyderabad,Online,Net Banking,Delivered
ORD102787,CUST10309,2025-05-17,P016,Green Soul Monster Chair,Furniture,5,12807.41,0.15,Attapur,Hyderabad,Telangana,South Hyderabad,Corporate Sales,Debit Card, Delivered 
ORD102018,CUST10375,2025-03-16,P018,American Tourister Backpack,Bags,4,4147.04,0.05, Kompally ,Hyderabad,Telangana,North Hyderabad,Retail Store  ,UPI,Delivered
ORD101806,CUST10451,2025-01-09,P011,Logitech K380 Keyboard,Accessories,4,3263.73,0.15,Ameerpet,Hyderabad,Telangana,Central Hyderabad,Online,Debit Card,Delivered
ORD100630,CUST10051,2025-08-26,P017,IKEA Linnmon Desk,Furniture,5,9173.4,0.1,Dilsukhnagar,Hyderabad,Telangana,East Hyderabad,Online,Credit Card,Cancelled
ORD100932,CUST10220,13/04/2025,P015,Apple iPad Air,Tablet,1,63307.02,0.1,Kukatpally,Hyderabad,Telangana,North-West Hyderabad,Retail Store,UPI,Shipped
ORD100481,CUST10469,2025-01-17,P003,Lenovo IdeaPad Slim 5,Laptop,5,59733.36,0.1,Gachibowli,Hyderabad,Telangana,West Hyderabad,Online,UPI,Delivered
ORD101039,CUST10106,2025-12-17,P012,Logitech MX Master 3S,Accessories,3,8881.49,0.05,LB Nagar,Hyderabad,Telangana,East Hyderabad,Online,UPI,Delivered
ORD102022,CUST10169,04-27-2025,P012,Logitech MX Master 3S,Accessories,4,8945,0.1,Kukatpally,Hyderabad,Telangana,North-West Hyderabad,Online,Net Banking,Delivered
ORD100946,CUST10027,2025-11-29,P013,HP Wireless Mouse,Accessories,1,1537.87,0,Tarnaka,Hyderabad,Telangana,East Hyderabad,Online,Credit Card,Delivered
ORD100205,CUST10198,2025-07-01,P015,Apple iPad Air,Tablet,1,63972.1,0.1,Begumpet,Hyderabad,Telangana,Central Hyderabad,Online,UPI,Delivered
  ORD101324 ,CUST10075,2025-05-05,P014,Samsung Galaxy Tab S9,Tablet,2,50265.84,0.05,Begumpet,Hyderabad,Telangana,Central Hyderabad,Corporate Sales,UPI,Delivered
ORD100542,CUST10310,2025-06-05,P017,IKEA Linnmon Desk,Furniture,1,9679.97,0,Attapur,Hyderabad,Telangana,South Hyderabad,Online,Credit Card,Delivered
ORD100981,CUST10037,2025-11-25,P018,American Tourister Backpack,Bags,5,4362.43,0.1,Kompally,Hyderabad,Telangana,North Hyderabad,Corporate Sales,Credit Card,Delivered
ORD101014,CUST10466,2025-12-02,P018,American Tourister Backpack,Bags,1,4016.25,0.05,Uppal,Hyderabad,Telangana,East Hyderabad, Corporate Sales ,UPI,Shipped
ORD100187,CUST10171,20/03/2025,P016,Green Soul Monster Chair,Furniture,,14318.16,0.2,Tarnaka,Hyderabad,Telangana,East Hyderabad,Retail Store,UPI,Delivered
ORD101260,CUST10164,2025-09-11,P014,Samsung Galaxy Tab S9,Tablet,1,52906.48,0.05,Ameerpet,Hyderabad,Telangana,Central Hyderabad,Online,UPI,Shipped
ORD102872,CUST10042,2025-11-29,P018,American Tourister Backpack,Bags,2,4476.77,0.1,,hyderabad,Telangana,Central Hyderabad,Online,Net Banking,Delivered
ORD101198,CUST10265,2025-11-26,P015,Apple iPad Air,Tablet,5,64744.4,0.15,Kukatpally,Hyderabad,Telangana,North-West Hyderabad,Retail Store,UPI,Delivered
ORD100535,CUST10045,2025-06-08,P012,Logitech MX Master 3S,Accessories,1,7997.25,0.1,Dilsukhnagar,Hyderabad,Telangana,East Hyderabad,Online,UPI,Shipped
ORD102691,CUST10091,17/02/2025,P015,Apple iPad Air,Tablet,1,64421.8,0.05,Dilsukhnagar,Hyderabad,Telangana,East Hyderabad,Online,Credit Card,Shipped
ORD101054,CUST10162,2025-08-31,P012,Logitech MX Master 3S,Accessories,2,8762.73,0,Miyapur,Hyderabad  ,Telangana,North-West Hyderabad,Retail Store,Credit Card,Delivered
ORD100909,CUST10095,2025-06-04,P011,Logitech K380 Keyboard,Accessories,1,2953.67,0.2,Uppal,Hyderabad,Telangana,East Hyderabad,Retail Store,Credit Card,Shipped
ORD101180,CUST10393,2025-12-10,P008,JBL TUNE 770NC,Audio,4,6964.2,0,Dilsukhnagar,Hyderabad,Telangana,East Hyderabad,Online,Credit Card,Delivered
ORD101317,CUST10198,2025-10-28,P004,Samsung Galaxy A55,Smartphone,3,37873.15,0.05,Tarnaka,Hyderabad,Telangana,East Hyderabad,Corporate Sales,Debit Card,Delivered
ORD100612,CUST10349,,P012,Logitech MX Master 3S,Accessories,4,8686.49,0.1,Miyapur,Hyderabad,Telangana,North-West Hyderabad,Online,Credit Card,Cancelled
ORD100179,CUST10463,01-08-2025,P017,IKEA Linnmon Desk,Furniture,2,8865.31,0.15,Manikonda,Hyderabad,Telangana,West Hyderabad,Online,UPI,Delivered
ORD100448,CUST10031,2025-08-05,P004,Samsung Galaxy A55,Smartphone,1,36590.08,0.1,Secunderabad,Hyderabad,Telangana,North Hyderabad,Online,UPI,Delivered
ORD100207,CUST10474,09-14-2025,P014,Samsung Galaxy Tab S9,Tablet,1,48136.11,0.1,HITEC City,Hyderabad,Telangana,West Hyderabad,Online,UPI,Delivered
ORD102533,CUST10462,31/08/2025,P001,Dell Inspiron 15  ,Laptop,1,64115.68,0.05,Jubilee Hills,Hyderabad,Telangana,Central Hyderabad,Online,Credit Card,Delivered
ORD100928,CUST10402,2025-10-21,P011,Logitech K380 Keyboard,Accessories,3,3297.89,0.05,Banjara Hills,Hyderabad,Telangana,Central Hyderabad,Online,Debit Card,Shipped
ORD102420,CUST10208,2025-06-17,P008,JBL Tune 770NC,Audio,4,8079.55,0.05,Manikonda,Hyderabad,Telangana,West Hyderabad,ONLINE,UPI,Delivered
ORD102481,CUST10290,2025-01-27,P013, HP Wireless Mouse ,Accessories,4,1622.29,0,Manikonda,Hyderabad,Telangana,West Hyderabad,Retail Store,Credit Card,Delivered
ORD101405,CUST10466,2025-06-05,P018,American Tourister Backpack,Bags,2,4138.27,0.15,Mehdipatnam,Hyderabad,Telangana,South Hyderabad  ,Corporate Sales,UPI,Delivered
ORD101007,CUST10094,2025-10-20,P010,LG UltraGear 27,Monitor,2,26487.4,0.05,Kompally,Hyderabad,Telangana,North Hyderabad,Online,Debit Card,Returned
ORD102878,CUST10137,,P007,Sony WH-1000XM5,Audio,2,28787.08,0.2,Madhapur,Hyderabad,Telangana,West Hyderabad,Retail Store,UPI,Shipped
ORD100090,CUST10364,2025-01-18,P004,Samsung Galaxy A55,Smartphone,5,38566.69,0.2,Tarnaka,Hyderabad,TELANGANA,East Hyderabad,Retail Store,UPI,Returned
ORD102912,CUST10342,2025-04-12,P009,Dell 24 Monitor,Monitor,2,14520.89,0.2,Banjara Hills,Hyderabad,Telangana,Central Hyderabad,Retail Store,UPI,Delivered
ORD101032,CUST10324,04-29-2025,P009,Dell 24 Monitor,Monitor,2,14500.08,0.05,Uppal,Hyderabad,Telangana,East Hyderabad,Corporate Sales,UPI,Delivered
ORD100194,CUST10278,2025-04-22,P005,OnePlus 13R,Smartphone,2,38687.04,0,Secunderabad,Hyderabad,Telangana,North Hyderabad,Retail Store,Credit Card,Cancelled
ORD101372,CUST10111,2025-01-23,P001,Dell Inspiron 15,Laptop,5,63711.31,0.1,Miyapur,Hyderabad,Telangana,North-West Hyderabad,Online,Debit Card,Delivered  
ORD101314,CUST10135,04-22-2025,P007,Sony WH-1000XM5,Audio,4,30918.98,0.15,Ameerpet,Hyderabad,Telangana,Central Hyderabad,Online,Cash on Delivery,Shipped
ORD100642,CUST10311,2025-08-28,P004,Samsung Galaxy A55,Smartphone,5,35876.23,0.05,Mehdipatnam, Hyderabad ,Telangana,South Hyderabad,Corporate Sales,UPI,Delivered
ORD101215,CUST10316,2025-06-16,P011,Logitech K380 Keyboard,Accessories,4,3109.6,0.15,Madhapur,Hyderabad,Telangana,West Hyderabad,Online,Credit Card,Shipped
ORD101875,CUST10075,2025-07-19,P008,JBL Tune 770NC,Audio,1,7252.07,0.1,Kukatpally,Hyderabad,Telangana,North-West Hyderabad,Retail Store,UPI,Cancelled
ORD101574,CUST10415,2025-06-11,P015,Apple iPad Air,Tablet,1,62514.48,0.2,Manikonda,Hyderabad,Telangana,West Hyderabad,Retail Store,Net Banking,Shipped
ORD100444,CUST10078,2025-05-15,P004,Samsung Galaxy A55,Smartphone,1,34976.74,0.15,Mehdipatnam,Hyderabad,Telangana,South Hyderabad,Online,UPI,Delivered
ORD100190,CUST10308,2025-01-04,P012,Logitech MX Master 3S,Accessories,5,-1000,0.1,Dilsukhnagar,HYDERABAD,Telangana,East Hyderabad,Retail Store,UPI,Delivered
ORD100474,CUST10250,20/09/2025,P015,Apple iPad Air,Tablet,1,60672.78,0.1,Jubilee Hills,Hyderabad,Telangana,Central Hyderabad,Corporate Sales,Cash on Delivery,Delivered
ORD101461,CUST10067,2025-03-03,P002,HP Pavilion 14,Laptop,1,71422.89,0.15,Ameerpet,Hyderabad,Telangana,Central Hyderabad,Retail Store,CREDIT CARD,Returned  
ORD101755,CUST10322,2025-06-28,P002,HP Pavilion 14,Laptop,1,68839.65,0.2,Jubilee Hills,Hyderabad,Telangana,Central Hyderabad,Retail Store,Cash on Delivery,Delivered
ORD102297,CUST10366,2025-12-01,P004,Samsung Galaxy A55,Smartphone,1,37860.39,0.05,Dilsukhnagar,Hyderabad,Telangana,East Hyderabad, Online ,UPI,Delivered
ORD102240,CUST10467,2025-05-07,P005,OnePlus 13R,Smartphone,5,41894.39,0.1,Dilsukhnagar,Hyderabad,Telangana,East Hyderabad,Corporate Sales,Credit Card,Delivered
ORD102464,CUST10057,2025-03-31,P012,Logitech MX Master 3S,Accessories,1,8352.58,0,Begumpet,Hyderabad,Telangana,Central Hyderabad,Online,Net Banking,Delivered
ORD100011,CUST10350,2025-07-18,P011,Logitech K380 Keyboard,accessories,1,3046.49,0,HITEC City,Hyderabad,Telangana,West Hyderabad,Corporate Sales,Credit Card,Delivered
ORD101838,CUST10085,2025-10-08,P013,HP Wireless Mouse,Accessories,2,1520.33,0.1,Jubilee Hills,Hyderabad,Telangana,Central Hyderabad,Retail Store,Credit Card,Delivered
ORD102643,CUST10003,2025-01-21,P003,Lenovo IdeaPad Slim 5,Laptop,1,56170.03,0.1,Kondapur,Hyderabad,Telangana,West Hyderabad,Retail Store,Debit Card,Delivered
ORD101085,CUST10384,01/09/2025,P008,JBL Tune 770NC,Audio,4,7668.39,0.15,Ameerpet,Hyderabad, Telangana ,Central Hyderabad,Online,UPI,Delivered
ORD102148,CUST10345,2025-07-17,P018,American Tourister Backpack,Bags,2,-2500,0.1,LB Nagar,Hyderabad,Telangana,East Hyderabad,Online,UPI,Shipped
ORD102869,CUST10240,22/09/2025,P007,Sony WH-1000XM5,Audio,4,26830.35,0.15,Ameerpet,Hyderabad,Telangana,Central Hyderabad,Online,Credit Card,Cancelled
ORD101615,CUST10335,2025-06-10,P010,LG UltraGear 27,Monitor,1,29456.93,0.05,Secunderabad,Hyderabad,Telangana,North Hyderabad,Retail Store,Credit Card,Delivered
ORD100836,CUST10456,2025-01-10,P006,iPhone 16,Smartphone,2,80755.8,0,Manikonda,Hyderabad,Telangana,West Hyderabad,Retail Store,UPI,Delivered
ORD102000,CUST10499,2025-12-15,P003,LENOVO IDEAPAD SLIM 5,Laptop,5,62983.52,0.2,Tarnaka,Hyderabad,Telangana,East Hyderabad,Corporate Sales,UPI,Delivered
ORD102342,CUST10194,2025-04-01,P009,Dell 24 Monitor,Monitor,4,14069.34,0.05,Madhapur,Hyderabad,Telangana,West Hyderabad,Corporate Sales,,Delivered
ORD100217,CUST10160,2025-01-06,P009,Dell 24 Monitor,Monitor,5,14951.79,0.05,Attapur,Hyderabad  ,Telangana,South Hyderabad,Retail Store,Cash on Delivery,Delivered
ORD100339,CUST10348,2025-06-30,P014,Samsung Galaxy Tab S9,Tablet,3,51473.99,0.1,HITEC City,Hyderabad,Telangana, West Hyderabad ,Corporate Sales,UPI,Delivered
ORD100674,CUST10324,2025-06-23,P011,Logitech K380 Keyboard,Accessories,2,3301.49,,Dilsukhnagar,Hyderabad,Telangana,East Hyderabad,Online,Credit Card,Delivered
ORD101163,CUST10445,2025-03-08,P008,JBL Tune 770NC, Audio ,1,7868.76,0.1,Ameerpet,Hyderabad,Telangana, Central Hyderabad ,Online,Debit Card,Shipped
ORD102314,CUST10081,2025-12-06,P010,LG UltraGear 27,Monitor,1,28763.57,0.05,Nallagandla,Hyderabad,Telangana,West Hyderabad,Online,UPI,Delivered
ORD100026,CUST10114,2025-08-19,P008,JBL Tune 770NC,Audio,1,7316.27,0.05,LB Nagar,Hyderabad,Telangana,East Hyderabad,Online,UPI,Delivered
ORD102428,CUST10433,2025-01-03,P007,Sony WH-1000XM5,Audio,4,26813.34,0.1,Ameerpet,Hyderabad,Telangana,Central Hyderabad,Online,Credit Card,Delivered
ORD102049,CUST10043,2025-11-23,P008,JBL Tune 770NC,Audio,1,6953.14,0.05,Miyapur,Hyderabad,Telangana,north-west hyderabad, Retail Store ,Credit Card,Delivered
ORD101355,CUST10461,2025-08-24,P005,OnePlus 13R,Smartphone,1,44088.6,0.15,Tarnaka,Hyderabad,Telangana,East Hyderabad,Online,UPI,Delivered
ORD101209,CUST10309,2025-06-06,P017,IKEA Linnmon Desk,Furniture,5,9725.9,0.15,Banjara Hills,Hyderabad,Telangana,Central Hyderabad,Retail Store,UPI,Delivered
ORD100834,CUST10352,2025-04-23,P015,Apple iPad Air,Tablet,5,64265.04,0.15,Kondapur,Hyderabad,Telangana,West Hyderabad,Corporate Sales,Cash on Delivery,Delivered
ORD102205,CUST10088,2025-09-09,P003,Lenovo IdeaPad Slim 5,Laptop,3,60215.35,0.15,Secunderabad,Hyderabad,Telangana,north hyderabad,Retail Store,UPI, Cancelled 
ORD101425,CUST10342,2025-01-04,P009,Dell 24 Monitor,Monitor,2,15417.37,0.1,Kondapur,Hyderabad,Telangana,West Hyderabad,Online,Credit Card  ,Delivered
ORD100311,CUST10172,2025-07-15,P007,Sony WH-1000XM5,Audio,3,29433.03,0.05,Nallagandla,Hyderabad,Telangana,West Hyderabad,Online,UPI,Delivered
ORD102266,CUST10066,2025-04-04,P008,JBL Tune 770NC,Audio,1,8023.49,0,Madhapur,Hyderabad,Telangana,West Hyderabad,Corporate Sales,UPI,Delivered
ORD100141,CUST10241,2025-12-18,P016,Green Soul Monster Chair,FURNITURE,4,13914.02,0.1,Kukatpally,Hyderabad,Telangana,North-West Hyderabad,Online,UPI,Shipped
ORD102416,CUST10129,2025-12-13,P006,iPhone 16,Smartphone,2,71972.71,0.15,Ameerpet,Hyderabad,Telangana,Central Hyderabad,Online,Credit Card,Delivered
ORD102176,CUST10247,11/05/2025,P003,Lenovo IdeaPad Slim 5,Laptop,3,61254.53,0.1,Attapur,Hyderabad,Telangana,South Hyderabad,Online,Cash on Delivery,Cancelled
ORD101662,CUST10409,17/10/2025,P018,American Tourister Backpack,Bags,2,3880.18,0.2,LB Nagar,Hyderabad,Telangana,East Hyderabad,Retail Store,UPI,Delivered
ORD102231,CUST10028,2025-10-04,P003,Lenovo IdeaPad Slim 5,Laptop,5,62199.32,0.05,Secunderabad,Hyderabad,Telangana,North Hyderabad,Retail Store,Cash on Delivery,Delivered
ORD101139,CUST10450,2025-02-11,P017,IKEA Linnmon Desk,Furniture,3,10102.25,0.15,Attapur,Hyderabad,Telangana,South Hyderabad,Online,Credit Card,Shipped
ORD101181,CUST10322,2025-05-26,P018,American Tourister Backpack,Bags,3,4312.1,0.05,Miyapur,Hyderabad,Telangana,North-West Hyderabad,Corporate Sales,Net Banking,Delivered
ORD101568,CUST10003,2025-12-08,P010,LG UltraGear 27,Monitor,1,29066.9,0.15,Attapur,Hyderabad,Telangana,South Hyderabad,Online,Credit Card,Delivered
ORD101776,CUST10070,2025-08-17,P017,IKEA Linnmon Desk,Furniture,1,9117.01,0,Gachibowli,Hyderabad,Telangana,West Hyderabad,Retail Store,UPI,Cancelled
ORD100084,CUST10425,03-17-2025,P014,Samsung Galaxy Tab S9,Tablet,1,48578.43,0.05,Kukatpally,Hyderabad,Telangana,North-West Hyderabad,Retail Store,Cash on Delivery,Delivered
ORD100567,CUST10250,2025-03-23,P001,Dell Inspiron 15,Laptop,3,62302.74,0,Kukatpally,Hyderabad,Telangana,North-West Hyderabad,Online,Net Banking,Delivered
ORD101560,CUST10166,2025-01-28,P016,Green Soul Monster Chair,Furniture,2,13925.74,0,Kukatpally,Hyderabad,Telangana,North-West Hyderabad,Online,Credit Card,Returned
ORD102160,CUST10426,2025-11-05,P014,Samsung Galaxy Tab S9,Tablet,1,54217.9,0.1,KUKATPALLY,Hyderabad,Telangana,North-West Hyderabad,Online,UPI,Delivered
ORD101551,CUST10461,2025-08-29,P016,Green Soul Monster Chair,Furniture,1,13450.05,0.1,Tarnaka,Hyderabad,Telangana,East Hyderabad,Retail Store,Net Banking,Shipped
ORD102104,CUST10375,2025-03-22,P012,Logitech MX Master 3S,Accessories,5,7883.81,0.1,HITEC City,Hyderabad,Telangana,West Hyderabad,Online,Debit Card,Delivered  
ORD100338,CUST10207,2025-04-05,P006,iPhone 16,Smartphone,2,73746.34,0.05,Nallagandla,Hyderabad,Telangana,West Hyderabad,Retail Store,Credit Card,Delivered
ORD100851,CUST10304,2025-06-06,P009,Dell 24 Monitor,monitor,1,13354.62,0.2,Gachibowli,Hyderabad,Telangana,West Hyderabad,Online,UPI,Shipped
ORD101543,CUST10129,06-09-2025,P018,American Tourister Backpack,Bags,3,3873.69,0.2,Banjara Hills,Hyderabad,Telangana,Central Hyderabad,Retail Store,Cash on Delivery,Shipped
ORD101484,CUST10049,2025-12-14,P015,Apple iPad Air,Tablet,1,69929.8,0.15,Banjara Hills,Hyderabad,Telangana,Central Hyderabad,Retail Store,UPI,Delivered
ORD101774,CUST10401,19/06/2025,P017,IKEA Linnmon Desk,Furniture,4,9758.67,0.2,HITEC City,Hyderabad,Telangana,West Hyderabad,Online,Credit Card,Shipped
ORD101715,CUST10430,2025-09-10,P014,Samsung Galaxy Tab S9, Tablet ,2,49925,0.15,Uppal,Hyderabad,Telangana,East Hyderabad,Online,UPI,Cancelled
ORD100935,CUST10455,2025-05-12,P016,Green Soul Monster Chair,Furniture,1,12605.68,0.15,Kompally,Hyderabad,Telangana,North Hyderabad,Retail Store,UPI,Shipped
ORD102462,CUST10213,2025-12-09,P009,Dell 24 Monitor,Monitor,3,15108.18,0.1,Begumpet,Hyderabad,Telangana,Central Hyderabad,Online,Net Banking,Delivered
ORD100538,CUST10046,2025-05-31,P018,American Tourister Backpack,Bags,,4526.45,0.1,Attapur,Hyderabad,Telangana,South Hyderabad,Online,UPI,Delivered
ORD100275,CUST10028,01/04/2025,P013,HP Wireless Mouse,Accessories,3,1699.31,0.05,Kukatpally,Hyderabad,Telangana,North-West Hyderabad,Corporate Sales,Debit Card,Delivered
ORD101681,CUST10023,2025-03-17,P014,Samsung Galaxy Tab S9,Tablet,1,48960.9,0,Banjara Hills,Hyderabad,Telangana,Central Hyderabad,ONLINE,UPI,Shipped
ORD101154,CUST10232,28/05/2025,P018,Logitech K380 Keyboard,Accessories,,3001.06,0,Jubilee Hills,Hyderabad,Telangana,Central Hyderabad,Retail Store,UPI,Delivered
ORD102261,CUST10457,27/08/2025,P004,Samsung Galaxy A55,Smartphone,2,38150.04,0.1,Gachibowli,Hyderabad,Telangana,West Hyderabad,Online,Credit Card,Shipped
ORD102028,CUST10118,2025-11-09,P001,Dell Inspiron 15,Laptop,3,58862.52,0.05,Kukatpally,Hyderabad,telangana,North-West Hyderabad,Online,Credit Card,Delivered
ORD101343,CUST10079,2025-03-26,P001,Dell Inspiron 15,Laptop,1,60172.83,0.1,Attapur,Hyderabad,Telangana,South Hyderabad,Retail Store,Cash on Delivery,Cancelled
ORD102805,CUST10095,2025-09-07,P014,Samsung Galaxy Tab S9,Tablet,4,55488.13,0.1,Uppal,Hyderabad,Telangana,East Hyderabad,Online,UPI  ,Delivered
ORD102441,CUST10307,2025-04-06,P007,Sony WH-1000XM5,Audio,1,29761.11,0.15,LB Nagar,Hyderabad,Telangana,East Hyderabad,Online,UPI,Cancelled
ORD100269,CUST10289,2025-04-13,P015,Apple iPad Air,Tablet,1,67894.72,0,Jubilee Hills,Hyderabad,Telangana,Central Hyderabad,Corporate Sales,Debit Card,Delivered
ORD102631,CUST10412,05/10/2025,P014,Samsung Galaxy Tab S9,Tablet,4,54682.83,0.2,Gachibowli,Hyderabad,Telangana,West Hyderabad,Online,UPI,Delivered
ORD101186,CUST10495,2025-12-30,P013,HP Wireless Mouse,Accessories,3,1510.32,0.2,Gachibowli,Hyderabad,Telangana,West Hyderabad,Online,Credit Card,Delivered
ORD100738,CUST10417,2025-12-27,P011,Logitech K380 Keyboard,Accessories,2,3449.18,0.05,Kondapur,Hyderabad,Telangana,West Hyderabad,Online,UPI,Delivered
ORD100458,CUST10162,2025-03-28,P013,HP Wireless Mouse,Accessories,4,1535.24,0,Jubilee Hills,Hyderabad,Telangana,Central Hyderabad,Online,UPI,Delivered
ORD101457,CUST10143,26/11/2025,P016,Green Soul Monster Chair,Furniture,4,13556.46,0.05,Kondapur,Hyderabad,Telangana,West Hyderabad,Online,Cash on Delivery,Delivered
ORD102923,CUST10136,2025-01-12,P012,Logitech MX Master 3S,Accessories,3,8702.4,0.5,Dilsukhnagar,Hyderabad,Telangana,North-West Hyderabad,Online,Net Banking,Delivered
ORD101390,CUST10018,2025-10-17,P007,Sony WH-1000XM5,Audio,3,26755.91,0.15,Kukatpally,Hyderabad,Telangana,North-West Hyderabad,Online,UPI,Delivered
ORD101346,CUST10264,2025-01-05,P016,Green Soul Monster Chair  ,Furniture,2,13739.96,0.05,Secunderabad,Hyderabad,Telangana,North Hyderabad,Online,UPI,Shipped
ORD100375,CUST10252,14/04/2025,P003,Lenovo IdeaPad Slim 5,Laptop,1,61189.52,0.2,Manikonda,Hyderabad,Telangana,West Hyderabad,Corporate Sales,UPI,Delivered
ORD100453,CUST10433,29/08/2025,P001,Dell Inspiron 15,Laptop,1,66134.44,0.2,Banjara Hills,Hyderabad,Telangana,Central Hyderabad,Retail Store,UPI,Delivered
ORD102898,,2025-12-01,P014,Samsung Galaxy Tab S9,Tablet,4,50335.23,0.05,Gachibowli,Hyderabad,Telangana,West Hyderabad,Online,UPI,Delivered
ORD102293,CUST10181,2025-06-18,P011,Logitech K380 Keyboard,Accessories,2,3026.19,0.05,Tarnaka,Hyderabad,Telangana,East Hyderabad,Online,Credit Card,Delivered
ORD100941,CUST10489,2025-03-20,P001,Dell Inspiron 15,Laptop,1,57149.74,0,Attapur,Hyderabad,Telangana,South Hyderabad,Online,Credit Card,Delivered
ORD101055,CUST10029,2025-06-14,,Apple iPad Air,Tablet,1,61497.08,0.1,Miyapur,Hyderabad,Telangana,North-West Hyderabad,Retail Store,Cash on Delivery,Delivered
ORD102835,CUST10135,2025-03-29,P003,Lenovo IdeaPad Slim 5,Laptop,1,60733.61,0.15,Miyapur,Hyderabad,Telangana,North-West Hyderabad,Corporate Sales,Debit Card,Delivered
ORD100525,CUST10257,2025-03-07,P014,Samsung Galaxy Tab S9,Tablet,2,48174.95,0.05,Dilsukhnagar,Hyderabad,Telangana,East Hyderabad,Retail Store,Cash on Delivery,Delivered
ORD100752,CUST10129,2025-03-30,P002,HP Pavilion 14,Laptop,1,65967.68,0,LB Nagar,Hyderabad,Telangana,East Hyderabad,Retail Store,Net Banking,Delivered
ORD100689,CUST10462,2025-03-13,P017,IKEA LINNMON DESK,FURNITURE,3,,0.2,Nallagandla,Hyderabad,Telangana,West Hyderabad,Online,Credit Card,Delivered
ORD100712,CUST10497,2025-04-22,P013,HP Wireless Mouse,Accessories,2,1588.3,0.05,Jubilee Hills,Hyderabad,Telangana,Central Hyderabad,Online,Debit Card,Delivered
ORD100540,CUST10495,2025-02-25,P010,LG UltraGear 27,Monitor,5,26841.09,0.05,Kondapur,Hyderabad,Telangana,West Hyderabad,Retail Store,Credit Card,Delivered
ORD101464,CUST10417,2025-03-03,P012,Logitech MX Master 3S,Accessories,3,8453.35,0.05, Miyapur ,Hyderabad,Telangana,North-West Hyderabad,Retail Store,UPI,Returned
ORD102202,CUST10191,2025-04-22,P017,IKEA Linnmon Desk,Furniture,1,10213.1,0.1,LB Nagar,Hyderabad,Telangana,East Hyderabad,Retail Store,UPI,Delivered
ORD100303,CUST10345,2025-06-18,P008,JBL Tune 770NC,audio,1,6925.32,0.15,Madhapur,Hyderabad,Telangana,West Hyderabad,Retail Store,UPI,Delivered
ORD101366,CUST10154,2025-09-05,P004,Samsung Galaxy A55,Smartphone,2,33798.82,0.1,Kondapur,Hyderabad,Telangana,West Hyderabad,Corporate Sales,Credit Card,Delivered
ORD101547,CUST10257,2025-04-10,P001,Dell Inspiron 15,Laptop,2,66292.15,0.2,Manikonda,Hyderabad,Telangana,West Hyderabad,Corporate Sales,UPI,Shipped
ORD101508,CUST10428,2025-05-22,P018,American Tourister Backpack,Bags,5,3917.68,0.05,LB Nagar,Hyderabad,telangana,East Hyderabad  ,Corporate Sales,Credit Card,Shipped
ORD100653,CUST10158,2025-07-20,P003,Lenovo IdeaPad Slim 5,Laptop,1,61851.05,0.1,Gachibowli,Hyderabad,Telangana,West Hyderabad,Retail Store,Credit Card,Delivered
ORD102348,CUST10292,2025-05-12,P018,American Tourister Backpack,Bags,2,4475.59,,Gachibowli,Hyderabad,Telangana,West Hyderabad,Online,Net Banking,Delivered
ORD100220,CUST10040,2025-01-06,P017,IKEA Linnmon Desk,Furniture,5,9235.48,0.1,Begumpet,Hyderabad,Telangana,Central Hyderabad,Retail Store,UPI,Delivered
ORD101226,CUST10073,2025-07-13,P003,Lenovo IdeaPad Slim 5,Laptop,2,57791.26,0.15,LB Nagar,Hyderabad,Telangana,East Hyderabad,Retail Store,Credit Card,Delivered
ORD102365,CUST10283,2025-03-22,P011,Logitech K380 Keyboard,Accessories,4,3117.33,0.1,Kukatpally,Hyderabad,Telangana,North-West Hyderabad,Retail Store,UPI,Delivered
ORD100472,CUST10194,2025-02-13,P009,Dell 24 Monitor,Monitor,1,15607.18,0.1,HITEC City,Hyderabad,Telangana,West Hyderabad,Online,UPI,Delivered
ORD102200,CUST10428,08-04-2025,P015,Apple iPad Air,TABLET,4,60018.73,0.1,Kompally,Hyderabad,Telangana,North Hyderabad,Corporate Sales,Net Banking,Delivered
ORD102855,CUST10100,2025-06-19,P009,Dell 24 Monitor,Monitor  ,1,14961.76,0,Banjara Hills,Hyderabad,Telangana,Central Hyderabad,Corporate Sales,Debit Card,Delivered
ORD100464,CUST10271,2025-09-03,P016,Green Soul Monster Chair,Furniture,2,14464.75,0.1,HITEC City,Hyderabad,Telangana,West Hyderabad,Online,UPI,Delivered
ORD100398,CUST10088,26/11/2025,P016,Green Soul Monster Chair,Furniture,4,14155.37,0.05,Secunderabad,hyderabad,Telangana,North Hyderabad,Retail Store,UPI,Cancelled
ORD100970,CUST10484,2025-07-15,P009,Dell 24 Monitor,Monitor,4,13921.53,0.05,Banjara Hills,Hyderabad,Telangana,Central Hyderabad,Online,UPI,Delivered
ORD101129,CUST10099,2025-07-14,P009,Dell 24 Monitor,Monitor,5,14813.49,0.1,Ameerpet,Hyderabad,Telangana,Central Hyderabad,Online,UPI,Delivered
ORD101848,CUST10401,08-06-2025,P008,JBL Tune 770NC,Audio,5,7356.49,0.05,Ameerpet,Hyderabad,Telangana,Central Hyderabad,Corporate Sales,Net Banking,Shipped
ORD102063,CUST10074,2025-12-22,P003,Lenovo IdeaPad Slim 5,Laptop,5,56896.78,1.5,Ameerpet,Hyderabad,Telangana,Central Hyderabad,Online,,Cancelled
ORD101915,CUST10253,2025-03-27,P002,HP Pavilion 14,Laptop,1,71890.03,0.3,Attapur,Hyderabad,Telangana,South Hyderabad,Retail Store,Credit Card,Delivered
ORD100881,CUST10128,2025-03-12,P005,OnePlus 13R,Smartphone,5,45358.65,0.05,Mehdipatnam,Hyderabad,Telangana,South Hyderabad,Retail Store,UPI, Returned 
ORD100764,CUST10226,2025-02-12,P002,HP Pavilion 14,Laptop,4,72384.66,0.1,LB Nagar,Hyderabad,Telangana,East Hyderabad,Retail Store,UPI,Delivered
ORD100409,CUST10070,2025-08-28,P017,IKEA Linnmon Desk,Furniture,1,9480.72,0.1,Kompally,Hyderabad,Telangana,North Hyderabad,Online,Credit Card,Delivered
ORD101270,CUST10010,2025-01-07,P011,Logitech K380 Keyboard,Accessories,4,3205.76,0.1,Kukatpally,Hyderabad,Telangana,North-West Hyderabad,Corporate Sales,Credit Card,Delivered
ORD102711,,2025-01-18,P011,Logitech K380 Keyboard, Accessories ,1,3026.2,,LB Nagar,Hyderabad,Telangana,East Hyderabad,Online,UPI  ,Delivered
ORD102983,CUST10352,08-30-2025,P001,Dell Inspiron 15,Laptop,2,66821.48,0.05,LB Nagar,Hyderabad,Telangana,East Hyderabad,Online,Credit Card,Delivered
ORD100711,CUST10119,17/10/2025,P009,Dell 24 Monitor,Monitor,4,15152.69,0.1,Gachibowli,Hyderabad,Telangana,West Hyderabad,Corporate Sales,UPI,Delivered
ORD100777,CUST10035,2025-10-20,P011,Logitech K380 Keyboard,Accessories,4,3085.59,0,Banjara Hills,Hyderabad,Telangana,Central Hyderabad,Corporate Sales, Net Banking ,Delivered
ORD100223,CUST10242,2025-07-23,P011,Logitech K380 Keyboard,accessories,2,3020.1,0.15,Gachibowli,Hyderabad,Telangana,West Hyderabad,RETAIL STORE,Credit Card,Delivered
ORD100718,CUST10271,2025-11-24,P017,IKEA Linnmon Desk,Furniture,4,8933.55,0,Ameerpet,Hyderabad,Telangana,Central Hyderabad,Online,UPI,Delivered
ORD101623,CUST10416,2025-10-24,P011,Logitech K380 Keyboard,Accessories,4,3286.63,0.1,Dilsukhnagar,Hyderabad,Telangana,East Hyderabad,Retail Store,Net Banking,Delivered
ORD101941,CUST10273,2025-05-25,P005,OnePlus 13R,Smartphone,1,43074.36,0,Tarnaka,Hyderabad,Telangana,East Hyderabad,Retail Store,Net Banking,Delivered
  ORD102268 ,CUST10259,2025-02-24,P002,HP Pavilion 14,Laptop,1,66008.93,0.2,Kompally,Hyderabad,Telangana,NORTH HYDERABAD,Corporate Sales,UPI,Shipped
ORD102775,CUST10433,2025-04-25,P018,American Tourister Backpack,Bags,4,4145.09,0.05,Kukatpally,Hyderabad,Telangana,North-West Hyderabad,Retail Store,Debit Card,Delivered
ORD102940,CUST10086,2025-12-22,P009,Dell 24 Monitor,Monitor,1,14919.75,0.05,Banjara Hills,Hyderabad,Telangana,Central Hyderabad,Online,Credit Card,Delivered
ORD102516,CUST10129,2025-04-06,P012,Logitech MX Master 3S,Accessories,2,8623.82,0.1,Miyapur,Hyderabad,Telangana,North-West Hyderabad,Retail Store,UPI,Delivered
ORD100115,CUST10457,12/02/2025,P008,JBL Tune 770NC,Audio,5,7273.52,0.1,Ameerpet,Hyderabad,Telangana,Central Hyderabad,Online,Credit Card,Delivered
ORD100192,CUST10114,2025-02-27,P014,Samsung Galaxy Tab S9,Tablet,1,52753.71,0.1,Kondapur,Hyderabad,Telangana,West Hyderabad,Retail Store,Debit Card,Delivered
ORD102269,CUST10207,2025-08-12,P007,Sony WH-1000XM5  ,Audio,2,30969.07,0.2,Banjara Hills,Hyderabad,Telangana,Central Hyderabad,Corporate Sales,UPI,Delivered
ORD102884,CUST10399,2025-01-18,P004,Samsung Galaxy A55,Smartphone,5,36118.37,0.05,ATTAPUR,Hyderabad,Telangana,South Hyderabad,Online,Net Banking,Delivered
ORD100059,CUST10079,2025-07-19,P008,JBL Tune 770NC,Audio,3,7103.21,0,Mehdipatnam,Hyderabad,Telangana,South Hyderabad,Retail Store,Net Banking,Returned
ORD100754,CUST10093,,P004,Samsung Galaxy A55,Smartphone,2,35008.44,0.2,LB Nagar,Hyderabad,Telangana,East Hyderabad,Retail Store,UPI,Delivered
ORD100617,CUST10006,2025-02-28,P001,Dell Inspiron 15,Laptop,3,62577.72,0.1,Kukatpally,Hyderabad,Telangana,North-West Hyderabad,Corporate Sales,UPI,Delivered
ORD101573,CUST10263,2025-10-17,P015,Apple iPad Air,Tablet,4,61130.9,0.15,Tarnaka,Hyderabad,Telangana,East Hyderabad,Online,Debit Card,Delivered
ORD102499,CUST10280,2025-12-27,P010,LG UltraGear 27,Monitor,3,27435.29,0.05,HITEC City,Hyderabad,Telangana,West Hyderabad,Retail Store,UPI,Delivered
ORD101658,CUST10016,2025-05-23,P003,Lenovo IdeaPad Slim 5,Laptop,1,63123.78,0,Ameerpet,Hyderabad,Telangana,Central Hyderabad,Retail Store,UPI,Delivered
ORD100227,CUST10123,2025-04-06,P016,Green Soul Monster Chair,Furniture,2,13204.58,0.1,Uppal,Hyderabad,Telangana,East Hyderabad,Retail Store,Net Banking,Shipped
ORD102121,CUST10189,2025-10-07,P002,HP Pavilion 14,Laptop,1,66889.72,0.05,Attapur,Hyderabad,Telangana,South Hyderabad,Retail Store,UPI,Delivered
ORD101072,CUST10158,2025-03-07,P015,Apple iPad Air,Tablet,2,65366.17,0,Attapur,Hyderabad,Telangana,North Hyderabad,Online,UPI,Delivered
ORD100252,CUST10202,2025-10-25,P018,American Tourister Backpack,Bags,4,4314.95,0,Tarnaka,Hyderabad,Telangana,East Hyderabad,Corporate Sales,Debit Card,Delivered
ORD102091,CUST10107,2025-09-15,P011,Logitech K380 Keyboard,Accessories,2,3147.92,0.15,Uppal,Hyderabad,Telangana,East Hyderabad,Online,Credit Card,Returned
ORD100528,CUST10479,2025-01-25,P012,Logitech MX Master 3S,Accessories,5,9131.54,0.1,Ameerpet,Hyderabad,Telangana,Central Hyderabad,Retail Store,UPI,Cancelled
ORD101016,CUST10237,07-27-2025,P018,American Tourister Backpack,Bags,5,4034.14,0.15,LB Nagar,Hyderabad,Telangana,East Hyderabad,Corporate Sales,Net Banking,Shipped
ORD102865,CUST10414,2025-01-06,P015,Apple iPad Air,Tablet,2,66147.93,0.05,Miyapur,Hyderabad,Telangana,North-West Hyderabad,Online,Credit Card,Shipped
ORD102680,CUST10238,2025-09-08,P018,American Tourister Backpack,Bags,5,4267.29,0.05,Mehdipatnam,Hyderabad,Telangana,South Hyderabad,Online,UPI,Delivered
ORD100830,,2025-02-07,P007,Sony WH-1000XM5,Audio,5,29641.27,0.05,Uppal,Hyderabad,Telangana,East Hyderabad,Online,Debit Card,Delivered
ORD102695,CUST10226,02-23-2025,P006,iPhone 16,Smartphone,1,83102.59,0.05,Mehdipatnam,Hyderabad,Telangana,South Hyderabad,Corporate Sales,Debit Card,Delivered
ORD100146,CUST10218,2025-09-02,P010,LG UltraGear 27,Monitor,2,30032.73,0.1,Dilsukhnagar,Hyderabad,Telangana,East Hyderabad,Online,UPI,Delivered
ORD102710,CUST10267,10-10-2025,P018,American Tourister Backpack,Bags,2,4436.29,0.15,LB Nagar,Hyderabad,Telangana,East Hyderabad,Retail Store,Net Banking,Delivered
ORD100357,CUST10073,2025-11-09,P009,Dell 24 Monitor,Monitor,2,14798.58,0.15,Jubilee Hills,Hyderabad,Telangana,Central Hyderabad,Online,Credit Card,Delivered
ORD100307,CUST10239,2025-01-26,P018,American Tourister Backpack,Bags,4,3991.51,0.1,Kompally,Hyderabad,Telangana,North Hyderabad,Online,Net Banking,Delivered
ORD102302,CUST10345,2025-10-07,P005,OnePlus 13R,Smartphone,2,38863.85,0.05,Ameerpet,Hyderabad,Telangana,Central Hyderabad,Online,Net Banking,Delivered
ORD101197,CUST10379,2025-12-17,P005,OnePlus 13R,Smartphone,1,41689.6,0.1,Uppal,Hyderabad,Telangana,East Hyderabad,Online,UPI,DELIVERED
ORD101717,CUST10091,2025-06-19,P013,HP Wireless Mouse,ACCESSORIES,2,1605.88,0,Mehdipatnam,Hyderabad,Telangana,South Hyderabad,Retail Store,UPI,Shipped
ORD102144,CUST10336,2025-07-18,P005,OnePlus 13R,Smartphone,4,42832.49,0.05,Banjara Hills,Hyderabad,telangana,Central Hyderabad,Corporate Sales,Credit Card,Delivered
ORD102019,CUST10260,11-30-2025,P004,Samsung Galaxy A55,Smartphone,4,35463.56,0.2,LB Nagar,Hyderabad,Telangana,East Hyderabad,Retail Store,Net Banking,Returned
ORD100739,CUST10235,2025-06-14,P010,LG UltraGear 27,Monitor,2,27357.16,0,Gachibowli,Hyderabad,Telangana,West Hyderabad,Online,UPI,Delivered
ORD100543,CUST10253,2025-02-17,P018,American Tourister Backpack,Bags,2,-2500,0.1,Secunderabad,Hyderabad,Telangana,North Hyderabad,Corporate Sales,UPI,Cancelled
ORD100924,CUST10287,2025-03-30,P003,Lenovo IdeaPad Slim 5,Laptop,5,58206.99,0.2,Secunderabad,Hyderabad,Telangana,North Hyderabad,Retail Store,UPI,Delivered
ORD101126,CUST10066,2025-04-08,P001,Dell Inspiron 15,Laptop,1,57198.12,0.15,Kompally,Hyderabad,Telangana,North Hyderabad,Online,Credit Card,Cancelled
ORD101564,CUST10162,2025-01-06,P001,Dell Inspiron 15,Laptop,1,60685.16,0.1,Jubilee Hills,Hyderabad,Telangana,Central Hyderabad,Retail Store,UPI,Delivered
ORD100649,CUST10046,01/08/2025,P011,Logitech K380 Keyboard,Accessories,1,3149.83,0.1,Kondapur,Hyderabad,Telangana,West Hyderabad,Corporate Sales,UPI,Delivered
ORD101956,CUST10181,2025-12-15,P016,Green Soul Monster Chair,Furniture,3,14531.04,0.05,Tarnaka,Hyderabad,Telangana,East Hyderabad,Retail Store, UPI ,Delivered
ORD102260,CUST10142,24/12/2025,P017,IKEA Linnmon Desk,Furniture,1,9767.86,0.05,Manikonda,Hyderabad,Telangana,West Hyderabad,Corporate Sales,Net Banking,Delivered
ORD102699,CUST10078,2025-08-17,P016,Green Soul Monster Chair,Furniture,4,12611.96,0.15,Begumpet,Hyderabad,Telangana,Central Hyderabad,Retail Store,Net Banking,Delivered
ORD100606,CUST10002,2025-02-04,P014,Samsung Galaxy Tab S9,Tablet,4,49949.5,0.05,Banjara Hills,Hyderabad,Telangana,Central Hyderabad,Online,Credit Card,delivered
ORD100704,CUST10169,2025-06-06,P009,Dell 24 Monitor,Monitor,5,14451.93,0.05,miyapur,Hyderabad,Telangana,North-West Hyderabad,Online,Debit Card,Delivered
ORD102621,CUST10141,03-31-2025,P005,OnePlus 13R,Smartphone,1,43671.68,0.05,Banjara Hills,Hyderabad,Telangana,Central Hyderabad,Online,UPI,Delivered
ORD101232,CUST10041,06-16-2025,P017,IKEA Linnmon Desk,Furniture,2,9655.9,0.15,Secunderabad,Hyderabad,Telangana,North Hyderabad,Online,Cash on Delivery,Delivered
ORD101337,CUST10298,2025-10-03,P006,iPhone 16,Smartphone,2,79314.23,0.1,Kompally,Hyderabad,Telangana,North Hyderabad,Corporate Sales,Debit Card,Delivered
ORD101118,CUST10329,2025-05-02,P018,American Tourister Backpack,bags,2,4361.63,0.1,LB Nagar,Hyderabad,Telangana,East Hyderabad, Retail Store ,Debit Card,Shipped
ORD101863,CUST10335,2025-06-17,P002,HP Pavilion 14,Laptop,1,69314.46,0.1,Kondapur,Hyderabad,Telangana,WEST HYDERABAD,Retail Store,Debit Card,Delivered
ORD100353,CUST10376,01-13-2025,P006,iPhone 16,Smartphone,4,82725.71,0.05,Jubilee Hills, Hyderabad ,Telangana,Central Hyderabad,Retail Store,Credit Card,Cancelled
ORD101287,CUST10238,2024-11-20,P012,Logitech MX Master 3S,Accessories,4,7957.61,0.1,Kukatpally,Hyderabad,Telangana,North-West Hyderabad,Retail Store,UPI,Delivered
ORD101724,CUST10364,2025-09-10,P018,American Tourister Backpack,Bags,1,4509.41,0.1,Kukatpally,Hyderabad,Telangana,North-West Hyderabad,Online,Credit Card,Delivered
ORD102247,CUST10466,2025-01-28,P017,IKEA Linnmon Desk,Furniture,1,9825.67,0.05,LB Nagar,Hyderabad,Telangana,East Hyderabad,Online,UPI,Delivered
ORD100477,CUST10087,2025-07-11,P011,Logitech K380 Keyboard,Accessories,1,3265.35,0.2,tarnaka,Hyderabad,Telangana,East Hyderabad,Online,Credit Card,Delivered
ORD102994,CUST10075,2025-02-06,P016,Green Soul Monster Chair,Furniture,3,13121.36,0.15,Kukatpally,Hyderabad,Telangana,North-West Hyderabad,Online,Cash on Delivery,Delivered
ORD100662,CUST10198,04-05-2025,P006,iPhone 16,Smartphone,2,79304.09,0.05,Begumpet,Hyderabad,Telangana,Central Hyderabad,Corporate Sales,UPI,Delivered
ORD101899,CUST10203,2025-04-13,P005,OnePlus 13R,Smartphone,2,39827.32,0.1,Ameerpet,Hyderabad,Telangana,Central Hyderabad,Online,Net Banking,Delivered
ORD100637,CUST10456,2025-01-01,P015,Apple iPad Air,Tablet,4,60928.42,0,Dilsukhnagar,Hyderabad,Telangana,East Hyderabad,Retail Store,Cash on Delivery,Delivered
ORD102453,CUST10445,2025-08-17,P007,Sony WH-1000XM5,Audio,1,31290.45,0.2,Secunderabad,Hyderabad,Telangana,North Hyderabad,Corporate Sales,Credit Card,Delivered
ORD102156,CUST10181,2025-09-10,P010,LG UltraGear 27,Monitor,1,28748.07,0.1,Secunderabad,Hyderabad,Telangana,North Hyderabad,Online,UPI,Delivered
ORD101393,CUST10124,2025-06-29,P003,Lenovo IdeaPad Slim 5,Laptop,1,62284.44,0.2,Begumpet,Hyderabad,Telangana,Central Hyderabad,Online,Net Banking,Delivered
ORD102618,CUST10147,2025-03-06,P010,LG UltraGear 27,Monitor,4,27348.03,0.05,Tarnaka,Hyderabad,Telangana,East Hyderabad,Retail Store,UPI,Delivered
ORD100755,CUST10478,2025-11-05,P017,IKEA Linnmon Desk,Furniture,2,8821.86,0.2,Secunderabad,Hyderabad,Telangana,North Hyderabad, Online ,Cash on Delivery,Delivered
ORD100690,CUST10035,31/05/2025,P016,Green Soul Monster Chair,Furniture,2,14251.98,0,Jubilee Hills,Hyderabad,Telangana,Central Hyderabad,Retail Store,Debit Card,Shipped
ORD101515,CUST10040,2025-03-31,P008,JBL Tune 770NC,Audio,1,6963.29,0.1,Begumpet,Hyderabad,Telangana,Central Hyderabad,Retail Store,UPI,Delivered
ORD102713,CUST10220,2025-01-04,P014,Samsung Galaxy Tab S9,Tablet,5,49717.58,0.1,Jubilee Hills,Hyderabad,Telangana,Central Hyderabad,Retail Store,Credit Card,Delivered
ORD102722,CUST10048,2025-10-28,P007,Sony WH-1000XM5,Audio,1,27678.82,0.15,Kompally,Hyderabad,Telangana,North Hyderabad,Corporate Sales,Credit Card,Delivered
ORD102368,CUST10085,26/07/2025,P002,HP Pavilion 14,Laptop,5,71904.17,0.05,Nallagandla,hyderabad,Telangana,West Hyderabad,Retail Store,Debit Card,Delivered
ORD101238,CUST10414,2025-10-20,P009,Dell 24 Monitor,Monitor,1,13379.62,0.05,Banjara Hills,Hyderabad,Telangana,Central Hyderabad,Online,Net Banking,Shipped
ORD102741,CUST10263,2025-05-04,P012,Logitech MX Master 3S,Accessories,4,8067.42,0.1,Ameerpet,Hyderabad,Telangana,Central Hyderabad,Online,Debit Card,Delivered
ORD102400,CUST10238,2025-09-17,P003,Lenovo IdeaPad Slim 5,Laptop,2,58424.54,0.05,Tarnaka,Hyderabad,Telangana,East Hyderabad,Corporate Sales,Net Banking,Delivered
ORD101636,CUST10240,2025-04-01,P001,Dell Inspiron 15,Laptop,2,63082.49,0,Madhapur,Hyderabad,Telangana,West Hyderabad,Online,UPI,Delivered
ORD102167,CUST10243,2025-02-22,P005,OnePlus 13R,Smartphone,2,38968.51,0.1,Kompally,Hyderabad,Telangana,North Hyderabad,Online,NET BANKING,Shipped
ORD102207,CUST10170,2025-12-07,P005,OnePlus 13R,Smartphone,5,42843.55,0.15,Gachibowli,Hyderabad,Telangana,West Hyderabad,Retail Store,Credit Card,Delivered
ORD100570,CUST10372,2025-02-11,P008,JBL Tune 770NC,Audio,3,7166.29,0,Tarnaka,Hyderabad,Telangana,East Hyderabad,Online,Debit Card,Delivered
ORD101670,CUST10277,2025-12-19,P016,Green Soul Monster Chair,Furniture,2,13345,0.15,Dilsukhnagar,Hyderabad,Telangana,East Hyderabad,Retail Store,UPI,Shipped
ORD100820,CUST10445,2025-12-19,P012,Logitech MX Master 3S,Accessories,1,9012.55,0,Gachibowli,Hyderabad,Telangana,West Hyderabad,Online,UPI,Delivered
ORD101169,CUST10113,2025-06-09,P005,OnePlus 13R,Smartphone,3,41628.28,0.2,ameerpet,Hyderabad,Telangana,Central Hyderabad,Online,Net Banking,Delivered
ORD100597,CUST10118,2025-10-31,P010,LG UltraGear 27,Monitor,4,,0.2,Dilsukhnagar,Hyderabad,Telangana,East Hyderabad,Online,Net Banking,Delivered
ORD101170,CUST10380,2025-05-31,P009,Dell 24 Monitor,Monitor,2,14002.58,0.05,Kukatpally,Hyderabad,Telangana,North-West Hyderabad,Retail Store,Credit Card,Delivered
ORD100694,CUST10189,2025-05-17,P009,Dell 24 Monitor,Monitor,1,15221.61,0.05,Gachibowli,Hyderabad,Telangana,West Hyderabad,Online,UPI,Delivered
ORD101212,CUST10410,2025-04-06,P007,Sony WH-1000XM5,Audio,5,27027.24,0.2,Kukatpally,Hyderabad,Telangana,North-West Hyderabad,Corporate Sales,Credit Card,Shipped
ORD102245,CUST10415,2025-05-28,P005,OnePlus 13R,Smartphone,1,42468.57,0.1,Miyapur,Hyderabad,Telangana,North-West Hyderabad,Online,UPI,Delivered
ORD100753,CUST10437,2025-01-14,P004,Samsung Galaxy A55,Smartphone,5,33540.77,0.15,Attapur,Hyderabad,Telangana,South Hyderabad,Corporate Sales,Debit Card,Shipped
ORD102031,CUST10367,2025-04-15,P002, HP Pavilion 14 ,Laptop,2,65352.5,0,Kompally,Hyderabad,Telangana,North Hyderabad,Retail Store,Credit Card,Delivered
ORD100233,CUST10389,08-29-2025,P013,HP Wireless Mouse,Accessories,2,1695.51,0.1,Secunderabad,Hyderabad,Telangana,North Hyderabad,Retail Store,Debit Card,Delivered
ORD100994,CUST10145,2025-06-29,P001,Dell Inspiron 15,Laptop,1,58530.62,0.15,Ameerpet,Hyderabad,Telangana,Central Hyderabad,Retail Store,Net Banking,Delivered
ORD101562,CUST10337,2025-06-07,P001,Dell Inspiron 15,Laptop,3,62115.05,0.05,Nallagandla,Hyderabad,Telangana,West Hyderabad,Online,UPI,Shipped
ORD102446,CUST10230,11-20-2025,P009,Dell 24 Monitor,Monitor,1,14613.76,0.1,Jubilee Hills,Hyderabad,Telangana,Central Hyderabad,Online,Debit Card,Shipped
ORD101814,CUST10324,2025-03-02,P018,American Tourister Backpack,Bags,1,3984.66,0,Nallagandla,Hyderabad,Telangana,West Hyderabad,Online,Debit Card,Shipped
ORD102930,CUST10443,2025-10-29,P017,IKEA Linnmon Desk,Furniture,1,9809.51,0.05,Nallagandla,Hyderabad,Telangana,West Hyderabad,Corporate Sales,Credit Card,Delivered
ORD102900,CUST10326,2025-12-10,P009,Dell 24 Monitor,Monitor,1,13520.89,0,Jubilee Hills,Hyderabad,Telangana,Central Hyderabad,Online,Cash on Delivery,Shipped
ORD102922,CUST10153,2025-09-16,P002,HP Pavilion 14,Laptop,1,70189.09,0.1,Uppal,Hyderabad,Telangana,East Hyderabad,Online,UPI,Delivered
ORD101124,CUST10124,2025-08-31,P006,iPhone 16,Smartphone,1,73254.39,0.2,Mehdipatnam,Hyderabad,Telangana,South Hyderabad,Online,Net Banking,Shipped
ORD100772,CUST10171,2025-09-27,P006,iPhone 16,Smartphone,2,76706.61,0.1,Kondapur,Hyderabad,Telangana,West Hyderabad,Corporate Sales,Credit Card,Shipped
ORD101991,CUST10056,2025-04-27,P018,American Tourister Backpack,Bags,1,4482.95,0,Tarnaka,Hyderabad,Telangana,East Hyderabad,Online,UPI,Delivered
ORD102778,CUST10098,2025-05-05,P003,Lenovo IdeaPad Slim 5,Laptop,1,59350.15,0.1,Ameerpet,Hyderabad,Telangana,Central Hyderabad,Online,Credit Card,Delivered
ORD100796,CUST10472,2025-04-17,P010,LG UltraGear 27,Monitor,2,27018.51,0.15,Mehdipatnam,Hyderabad,Telangana,South Hyderabad,Retail Store,UPI,Returned
ORD100938,CUST10158,2025-09-22,P008,JBL Tune 770NC,Audio,2,-1000,0.05,Begumpet,Hyderabad,Telangana,Central Hyderabad,Corporate Sales,Net Banking,Cancelled
ORD102173,CUST10375,,P018,American Tourister Backpack,Bags,1,4443.84,0,Dilsukhnagar,Hyderabad,Telangana,East Hyderabad,Retail Store,UPI,Delivered
ORD101389,CUST10313,2025-05-18,P011,Logitech K380 Keyboard,Accessories,3,3085.61,0.1,Attapur,Hyderabad,Telangana,South Hyderabad,Online, Credit Card ,Delivered
ORD102706,CUST10491,2025-11-06,P006,iPhone 16,smartphone,3,75108.66,0.1,Madhapur,Hyderabad,Telangana,West Hyderabad,Online,UPI,Returned
ORD100854,CUST10381,25/02/2025,P004,Samsung Galaxy A55,Smartphone,5,33504.79,,Kukatpally,Hyderabad,Telangana,North-West Hyderabad,Retail Store,UPI,Delivered
ORD102248,CUST10084,31/12/2025,P007,sony wh-1000xm5,Audio,5,28617.83,0.1,Secunderabad,Hyderabad,Telangana,North Hyderabad,Online,Net Banking,Delivered
ORD100973,CUST10382,2025-06-15,P018,American Tourister Backpack,Bags,2,4027.44,0.15,Gachibowli,Hyderabad,Telangana,West Hyderabad,Retail Store,Debit Card,Delivered
ORD101718,CUST10015,2025-04-27,P008,JBL Tune 770NC,Audio,1,7049.28,0.15,Madhapur,Hyderabad,Telangana,West Hyderabad,Retail Store,Debit Card,Delivered
ORD102057,CUST10058,2025-12-12,P009,Dell 24 Monitor,Monitor,3,15586.87,0.1,Kukatpally,Hyderabad,Telangana,North-West Hyderabad,Online,Cash on Delivery,Delivered
ORD102514,CUST10013,2025-01-02,P010,LG ULTRAGEAR 27,Monitor,1,28170.39,0,Kompally,Hyderabad,Telangana,North Hyderabad,Online,UPI,Delivered
ORD102013,CUST10130,2025-07-13,P008,JBL Tune 770NC,Audio,3,7226.51,0.15,Gachibowli,Hyderabad,Telangana,WEST HYDERABAD,Online,Net Banking,Delivered
ORD100824,CUST10228,2025-04-25,P010,LG UltraGear 27,Monitor,5,29640.74,0.05,HITEC City,Hyderabad,Telangana,West Hyderabad,Corporate Sales,Cash on Delivery,Returned
ORD101480,CUST10401,2025-09-06,P002,HP Pavilion 14,Laptop,3,66608.75,0.1,Madhapur,Hyderabad,Telangana,West Hyderabad,Online,UPI,Delivered
ORD100243,CUST10125,2025-02-14,P012,Logitech MX Master 3S,Accessories,2,9148.75,0.1,Madhapur,Hyderabad,Telangana,West Hyderabad,Online,Credit Card,Delivered
ORD100698,CUST10378,2025-08-16,P008,JBL Tune 770NC,Audio,2,7603.55,0.15,Kukatpally,Hyderabad,Telangana,North-West Hyderabad,Online,Debit Card,Shipped
ORD100174,CUST10286,2025-02-20,P001,Dell Inspiron 15,Laptop,4,62951.54,0.05,Manikonda,Hyderabad,Telangana,West Hyderabad,Online,UPI,Delivered
ORD101147,CUST10255,2025-11-13,P016,Green Soul Monster Chair,Furniture,1,12974.66,0.15,Miyapur,Hyderabad,Telangana,North-West Hyderabad,Online,Net Banking,Delivered
ORD100750,CUST10334,2025-03-19,P016,Green Soul Monster Chair,Furniture,2,14015.63,0.1,Manikonda,Hyderabad,Telangana,West Hyderabad,Online,Cash on Delivery,Delivered
ORD100751,CUST10174,2025-02-01,P012,Logitech MX Master 3S,Accessories,5,8491.59,0.05,Madhapur,Hyderabad,Telangana,West Hyderabad,Corporate Sales,Credit Card,Delivered
ORD102550,CUST10057,2025-03-08,P015,Apple iPad Air,Tablet,,64413.27,0.1,Kompally,Hyderabad,Telangana,North Hyderabad  ,Online,Credit Card,Delivered
ORD101271,CUST10304,10/11/2025,P012,Logitech MX Master 3S,Accessories,1,8551.98,0,Banjara Hills,Hyderabad,Telangana,West Hyderabad,Retail Store,Net Banking,Returned
ORD102931,CUST10419,2025-12-12,P011,Logitech K380 Keyboard,Accessories,1,3429.27,0.05,Begumpet,Hyderabad,Telangana,Central Hyderabad,Retail Store,UPI,Delivered
ORD102583,CUST10457,2025-11-07,P012,Logitech MX Master 3S,Accessories,1,8440.94,0.1,Uppal,Hyderabad,Telangana,East Hyderabad,Online,Credit Card,Delivered
ORD100033,CUST10169,2025-09-16,P001,Dell Inspiron 15,laptop,1,57583.09,0.05,Attapur,Hyderabad,Telangana,South Hyderabad,Online,Credit Card,Delivered
ORD100572,CUST10495,07/07/2025,P010,LG UltraGear 27,Monitor,,27763.67,0.2,Nallagandla,Hyderabad,Telangana,West Hyderabad,Online,Debit Card,Shipped
ORD102696,CUST10063,2025-05-01,P018,American Tourister Backpack,Bags,2,4281.91,0.1,Manikonda,Hyderabad,Telangana,West Hyderabad,Corporate Sales,UPI,Delivered
ORD102078,CUST10259,2025-03-10,P002,HP Pavilion 14,Laptop,4,66007.66,0.1,Miyapur  ,Hyderabad,Telangana,North-West Hyderabad,Online,Debit Card,Delivered
ORD100635,CUST10423,2025-10-07,P005,OnePlus 13R,Smartphone,4,40947.33,0.05, Gachibowli ,Hyderabad,Telangana,West Hyderabad,Online,Net Banking,Delivered
ORD101949,CUST10349,2025-11-30,P004,Samsung Galaxy A55,Smartphone,1,33535.2,0.05,Ameerpet,Hyderabad,Telangana,Central Hyderabad,Retail Store,UPI  ,Delivered
ORD100552,CUST10421,02/12/2025,P010,LG UltraGear 27,Monitor,5,29112.89,0.1,Miyapur,Hyderabad,Telangana,North-West Hyderabad,Retail Store,Debit Card,Delivered
ORD101953,CUST10350,2025-02-08,P017,IKEA Linnmon Desk,Furniture,4,9716.08,0.1,LB Nagar,Hyderabad,Telangana,East Hyderabad,Online,Debit Card,Delivered
ORD100492,CUST10115,2025-12-12,P013,HP WIRELESS MOUSE,Accessories,1,1591,0.15,Jubilee Hills,hyderabad,Telangana,Central Hyderabad,Retail Store,Credit Card,Delivered
ORD102440,CUST10237,2025-12-21,P002,HP Pavilion 14,Laptop,3,67749.91,0.1,Tarnaka,Hyderabad,Telangana,East Hyderabad,Retail Store,UPI,Delivered
ORD102345,CUST10054,2025-03-22,P001,Dell Inspiron 15,Laptop,3,64207.21,0.2,LB Nagar,Hyderabad,Telangana,East Hyderabad,Online,Cash on Delivery,Delivered
ORD102746,CUST10218,2025-09-28,P010,LG UltraGear 27,Monitor,3,28081.78,0.15,Manikonda,Hyderabad,Telangana,West Hyderabad,Online,Debit Card,Delivered
ORD100831,CUST10003,2025-12-27,P001,Dell Inspiron 15,Laptop,1,65074.8,0,Mehdipatnam,Hyderabad,Telangana,South Hyderabad,Online,UPI,Delivered
ORD102295,CUST10191,2025-07-29,P010,LG UltraGear 27,Monitor,1,26973.06,0.15,Manikonda,Hyderabad,Telangana,West Hyderabad,Online,Credit Card,Delivered
ORD100482,CUST10019,2025-04-04,P009,Dell 24 Monitor,Monitor,4,13793.26,0.15,Gachibowli,Hyderabad,Telangana, West Hyderabad ,Online,Credit Card,Delivered
ORD102098,CUST10497,2025-02-11,P011,Logitech K380 Keyboard,Accessories,2,3384.03,0,Kukatpally,Hyderabad,Telangana,North-West Hyderabad,Online,Credit Card,Delivered
ORD102522,CUST10466,2025-04-01,P011,Logitech K380 Keyboard,Accessories,5,3196.31,0.2,Tarnaka,Hyderabad,Telangana,East Hyderabad,Corporate Sales,Debit Card,Delivered
ORD101189,,2025-05-11,P001,Dell Inspiron 15,Laptop,2,63009.05,0.15,Uppal,Hyderabad,Telangana,East Hyderabad,Retail Store,UPI,Delivered
ORD102802,CUST10349,2025-04-29,P013,HP Wireless Mouse,Accessories,3,1661.66,0.15,Kukatpally,Hyderabad,Telangana,North-West Hyderabad,Online,UPI,Shipped
ORD100849,CUST10071,2025-11-04,P005,OnePlus 13R,Smartphone,2,41930.69,0.2,HITEC City,Hyderabad,Telangana,West Hyderabad,Retail Store,UPI,Shipped
ORD101053,CUST10043,2025-06-04,P002,HP Pavilion 14,Laptop,2,63045.82,0.1,HITEC City,Hyderabad,Telangana,West Hyderabad,Retail Store,UPI,Delivered
ORD102482,CUST10087,2025-11-06,P005,OnePlus 13R,Smartphone,2,42737.54,0.05,tarnaka,Hyderabad,Telangana,East Hyderabad,Online,Net Banking,Delivered
ORD101704,CUST10369,2025-10-15,P018,American Tourister Backpack,Bags,1,4328.23,,Kukatpally,Hyderabad,Telangana, North-West Hyderabad ,Corporate Sales,UPI,Delivered
ORD101172,CUST10192,09/02/2025,,Samsung Galaxy A55,Smartphone,1,34903.05,0.15,Secunderabad,Hyderabad,Telangana,North Hyderabad,Online,Credit Card,Shipped
ORD102023,CUST10097,2025-08-03,P006,iPhone 16,Smartphone,2,83316.15,0.05,LB Nagar,Hyderabad,Telangana,East Hyderabad,Online,UPI,Delivered
ORD102708,CUST10028,2025-02-19,P012,Logitech MX Master 3S,Accessories,5,8092.26,0.1,Madhapur,Hyderabad,Telangana,West Hyderabad,Online,UPI,Delivered
ORD100714,CUST10414,2025-07-14,P006,iPhone 16,Smartphone,1,82757.1,0.2,Manikonda,Hyderabad,Telangana,South Hyderabad,Retail Store,Credit Card,Cancelled
ORD100562,CUST10141,2025-11-15,P014,Samsung Galaxy Tab S9,Tablet,3,52853.3,0.05,Mehdipatnam,Hyderabad,Telangana,South Hyderabad,Retail Store,UPI,Delivered
ORD102521,CUST10178,2025-09-16,P010,LG UltraGear 27,Monitor,2,26003.43,0.15,Secunderabad,Hyderabad,Telangana,North Hyderabad,Online,Net Banking,Shipped
ORD101286,CUST10309,26/07/2025,P002,HP Pavilion 14,Laptop,-1,69066.2,0,Begumpet,Hyderabad,Telangana,Central Hyderabad,Online,Cash on Delivery,Delivered
ORD102373,CUST10289,2025-11-08,P009,Dell 24 Monitor,Monitor,2,13705.39,0.15,Kukatpally,Hyderabad,Telangana,North-West Hyderabad,Retail Store,Net Banking,Delivered
ORD102615,CUST10042,2025-05-16,P008,JBL Tune 770NC,Audio,2,7681.38,0.2,Dilsukhnagar,Hyderabad,Telangana,East Hyderabad,Online,UPI,Cancelled
ORD100384,CUST10059,2025-09-24,P011,Logitech K380 Keyboard,Accessories,1,3217.18,0.15,Secunderabad,Hyderabad,Telangana,North Hyderabad,Online,Credit Card,Delivered
ORD100857,CUST10313,2025-03-10,P016,Green Soul Monster Chair,Furniture,2,13977.23,0.15,Manikonda,Hyderabad,Telangana  ,West Hyderabad,Retail Store,UPI,Delivered
ORD102189,CUST10128,2025-04-05,P014,Samsung Galaxy Tab S9,Tablet,1,50981.16,,Attapur,Hyderabad,Telangana,South Hyderabad,Retail Store,Cash on Delivery,Delivered
ORD100359,CUST10145,2025-04-07,P003,Lenovo IdeaPad Slim 5,Laptop,2,62485.84,0.1,Uppal,Hyderabad,Telangana,East Hyderabad,Retail Store,Cash on Delivery,Shipped
ORD102246,,2025-09-29,P007,Sony WH-1000XM5,Audio,1,30288.99,0.05,Kondapur,Hyderabad,Telangana,West Hyderabad,Online,Credit Card,Delivered
ORD102358,CUST10134,24/12/2025,P009,Dell 24 Monitor,Monitor,5,13473.07,0.15,Jubilee Hills,Hyderabad,Telangana,Central Hyderabad,Retail Store,Cash on Delivery,Shipped
ORD100509,CUST10143,2025-07-23,P013,HP Wireless Mouse,Accessories,1,1619.42,0.1,HITEC City,Hyderabad,Telangana,West Hyderabad,Retail Store,Debit Card,Delivered
ORD102650,CUST10300,2025-04-05,P006,iPhone 16,Smartphone,1,77716.8,0.15,HITEC City,Hyderabad,Telangana,West Hyderabad,Online,Debit Card,Delivered
ORD102510,CUST10263,2025-12-16,P001,Dell Inspiron 15,Laptop,1,57118.53,0.1,Miyapur,Hyderabad,Telangana,North-West Hyderabad,Online,UPI,Delivered
ORD101465,CUST10151,2025-12-21,P017,IKEA Linnmon Desk,Furniture,1,9802.62,0.1,Ameerpet,Hyderabad,Telangana,Central Hyderabad,Retail Store,Debit Card,Delivered
ORD102146,CUST10128,2025-11-01,P008,JBL Tune 770NC,Audio,2,7331.15,0.05,Miyapur,Hyderabad,Telangana,North-West Hyderabad,Corporate Sales,Credit Card,Delivered
ORD101933,CUST10178,16/05/2025,P010,LG UltraGear 27,Monitor,1,26583.97,0.05,Kompally,Hyderabad,Telangana,North Hyderabad,Corporate Sales,UPI,Delivered
ORD100790,CUST10283,04-11-2025,P007,Sony WH-1000XM5,Audio,1,27351.01,0.1,Nallagandla,Hyderabad,Telangana,West Hyderabad,Online,Credit Card,Delivered
ORD100362,CUST10196,17/08/2025,P002,HP Pavilion 14  ,Laptop,4,68820.98,0.15,Kondapur,HYDERABAD,Telangana,West Hyderabad,Retail Store,,Delivered
ORD102074,CUST10173,2025-07-17,P005,OnePlus 13R,Smartphone,5,44209.25,0.05,Nallagandla,Hyderabad,Telangana,West Hyderabad,Corporate Sales,Credit Card,Delivered
ORD100795,CUST10011,26/08/2025,P009,Dell 24 Monitor,Monitor,2,14057.39,0.1,Banjara Hills,Hyderabad,Telangana,Central Hyderabad,Online,UPI,Delivered
ORD100829,CUST10136,2025-07-18,P002,HP Pavilion 14,Laptop,1,65629.28,0.05,Madhapur,Hyderabad,Telangana,West Hyderabad,Online,UPI,Delivered
ORD101298,CUST10214,2025-01-30,P007,Sony WH-1000XM5,Audio,2,27243.24,0.1,Kompally,hyderabad,Telangana,North Hyderabad,Online,Credit Card,Shipped
ORD102196,CUST10155,2025-10-27,P015,Apple iPad Air,Tablet,3,64553.76,0.1,Ameerpet,Hyderabad,Telangana,Central Hyderabad,Online,Debit Card,Cancelled
ORD102019,CUST10260,11-30-2025,P004,Samsung Galaxy A55,Smartphone,4,35463.56,0.2,LB Nagar,Hyderabad,Telangana,East Hyderabad,Retail Store,Net Banking,Returned
ORD102241,CUST10118,2024-11-20,P017,IKEA Linnmon Desk,Furniture,3,9122.22,0.2,Gachibowli,Hyderabad,Telangana,West Hyderabad,Corporate Sales,Debit Card,Delivered
ORD101396,CUST10075,2025-09-16,P014,Samsung Galaxy Tab S9,Tablet,4,53017.91,0.2,Tarnaka,Hyderabad,Telangana,East Hyderabad,Retail Store,UPI,Delivered
ORD102847,CUST10311,2025-11-19,P009,Dell 24 Monitor,Monitor,1,13648.56,0.15,Jubilee Hills,Hyderabad,Telangana,Central Hyderabad,Retail Store,Net Banking,Delivered
ORD100094,CUST10441,2025-11-23,P014,Samsung Galaxy Tab S9,Tablet,3,52375.65,0.05,Kompally,Hyderabad,Telangana,North Hyderabad,Online,UPI,Delivered
ORD100203,CUST10146,2025-06-28,P008,JBL Tune 770NC,audio,3,7658.05,0.3,Banjara Hills,Hyderabad,Telangana,Central Hyderabad,Online, Cash on Delivery ,Cancelled
ORD100683,CUST10381,10-22-2025,P017,IKEA Linnmon Desk,Furniture,1,10247.75,0,Dilsukhnagar,Hyderabad,Telangana,East Hyderabad,Online,Net Banking,Delivered
ORD102491,CUST10211,2025-02-11,P017,IKEA Linnmon Desk,Furniture,1,9846.62,0.05,Gachibowli,Hyderabad,Telangana,West Hyderabad,Online,UPI,Cancelled
ORD101473,CUST10030,2025-08-22,P001,Dell Inspiron 15,Laptop,2,63438.59,0.1,Banjara Hills,Hyderabad,Telangana,Central Hyderabad,Retail Store,Credit Card,Delivered
ORD101295,,2025-02-09,P016,Green Soul Monster Chair,Furniture,5,13847.99,0.1,Gachibowli,Hyderabad,Telangana,West Hyderabad,Online  ,Credit Card,Delivered
ORD102130,CUST10181,08-04-2025,P012,Logitech MX Master 3S,Accessories,2,7919.15,0.1,Kompally,Hyderabad,Telangana,North Hyderabad,Online,Debit Card,Delivered
ORD101089,CUST10102,2025-03-17,P001,Dell Inspiron 15,Laptop,1,61548.05,0.2,Kondapur,Hyderabad,Telangana,West Hyderabad,Retail Store,Credit Card,Delivered
ORD101384,CUST10121,2025-03-16,P007,Sony WH-1000XM5,Audio,1,28344.4,0.05,Jubilee Hills,Hyderabad,Telangana,Central Hyderabad,Online,UPI,Delivered
ORD101356,CUST10322,2025-07-17,P007,Sony WH-1000XM5,Audio,1,28287.29,0.1,LB Nagar,Hyderabad,Telangana,East Hyderabad,Retail Store,UPI,Delivered
ORD100505,CUST10081,08-30-2025,P002,HP Pavilion 14,Laptop,1,65036.86,0.15,Secunderabad,Hyderabad,Telangana,North Hyderabad,Retail Store,UPI,Delivered
ORD101741,CUST10378,2025-10-06,P001,Dell Inspiron 15,Laptop,4,65560.01,0.15,Mehdipatnam,Hyderabad,Telangana,South Hyderabad,Online,Cash on Delivery,Shipped
ORD102479,CUST10480,2025-05-20,P003,Lenovo IdeaPad Slim 5,Laptop,2,59926.86,0.2,Jubilee Hills,Hyderabad,Telangana,Central Hyderabad,Online,Credit Card,Delivered
ORD100426,CUST10060,11-09-2025,P013,HP Wireless Mouse,Accessories,2,1611.15,0.1,HITEC City,Hyderabad,Telangana,West Hyderabad,Retail Store,UPI,Delivered
ORD101977,CUST10202,08-10-2025,P010,LG UltraGear 27,Monitor,2,30076.04,0.2,HITEC City,Hyderabad,Telangana,West Hyderabad,Online,Credit Card,Delivered
ORD102404,CUST10256,2025-04-22,P004,Samsung Galaxy A55,Smartphone,2,33137.55,0.1,HITEC City,Hyderabad,Telangana,West Hyderabad,Retail Store,UPI,Delivered
ORD101701,CUST10201,2025-04-08,P010,LG UltraGear 27,Monitor,1,26619.98,0.2,Dilsukhnagar,Hyderabad,Telangana,East Hyderabad,Corporate Sales,Credit Card,Returned
ORD102151,CUST10383,2025-06-10,P006,iPhone 16,Smartphone,1,80437.62,0.05,Uppal,Hyderabad,Telangana,East Hyderabad,Corporate Sales,Net Banking,Delivered
ORD102220,CUST10222,2025-09-01,P006,iPhone 16,Smartphone,4,76051.42,0.15,Jubilee Hills,Hyderabad,Telangana,Central Hyderabad,Online,Debit Card,Delivered
ORD100593,CUST10239,2025-04-22,P013,HP Wireless Mouse,Accessories,1,1566.25,0.2,Kondapur,Hyderabad,Telangana,West Hyderabad,Online,UPI,Delivered
ORD100323,CUST10391,2025-08-15,P014,Samsung Galaxy Tab S9,Tablet,2,54381.08,0.15,Attapur,Hyderabad,Telangana,South Hyderabad,Online,Credit Card,Delivered
ORD101571,CUST10422,19/04/2025,P002,HP Pavilion 14,Laptop,5,64235.87,0.15,Jubilee Hills,Hyderabad,Telangana,Central Hyderabad,Retail Store,Credit Card,Delivered
ORD102412,CUST10188,2025-03-30,P013,HP Wireless Mouse,Accessories,3,1552.77,0.2,Secunderabad,Hyderabad  ,Telangana,North Hyderabad,Online,UPI,Shipped
ORD101857,CUST10484,2025-12-18,P007,Sony WH-1000XM5,Audio,2,29441.57,0.1,gachibowli,Hyderabad,Telangana,West Hyderabad,Online,UPI,Delivered
ORD102840,CUST10282,2025-06-18,P002,HP Pavilion 14,Laptop,4,67286.4,0.1,LB Nagar,Hyderabad,Telangana,East Hyderabad,Corporate Sales,UPI,Delivered
ORD101375,CUST10012,2025-10-12,P002,HP Pavilion 14,Laptop,5,67466.64,0,Jubilee Hills, Hyderabad ,Telangana,Central Hyderabad,Retail Store,Net Banking,Delivered
ORD101091,CUST10296,2025-08-24,P003,Lenovo IdeaPad Slim 5,Laptop,5,61685.46,0.1,Kondapur,Hyderabad,Telangana,West Hyderabad,Online,Debit Card,Delivered
ORD100273,CUST10022,2025-12-04,P007,Sony WH-1000XM5,Audio,1,30223.95,0.1,Miyapur,Hyderabad,Telangana,North-West Hyderabad,Online,Credit Card,Shipped
ORD102276,CUST10357,22/04/2025,P012,Logitech MX Master 3S,Accessories,5,9106.32,0.1,Kondapur,Hyderabad,Telangana,West Hyderabad,Online,UPI,Delivered
ORD102444,CUST10038,2025-04-06,P001,Dell Inspiron 15,Laptop,1,58809.74,0.15,Begumpet,Hyderabad,Telangana,Central Hyderabad,Online,UPI,Delivered
ORD100943,CUST10475,03/03/2025,P012,Logitech MX Master 3S,Accessories,5,8239.87,0.05,Kompally,Hyderabad,Telangana,North Hyderabad,Retail Store,Cash on Delivery,Delivered  
ORD101684,CUST10178,2025-01-10,P005,OnePlus 13R,Smartphone,1,39826.54,0.1,,Hyderabad,Telangana,South Hyderabad  ,Retail Store,UPI,Delivered
ORD100558,CUST10393,2025-06-22,P016,Green Soul Monster Chair,Furniture,5,14105.9,0.1,Uppal,Hyderabad,Telangana,East Hyderabad,Retail Store,Debit Card,Shipped
ORD100613,CUST10439,2025-04-19,P008,JBL Tune 770NC,Audio,1,7198.28,0.15,Tarnaka  ,Hyderabad,Telangana,East Hyderabad,Retail Store,Debit Card,Returned
ORD101958,CUST10313,2025-07-01,P017,IKEA Linnmon Desk,Furniture,1,9405.89,0,Miyapur,Hyderabad,Telangana,North-West Hyderabad,Retail Store,UPI,Delivered
ORD102281,CUST10423,2025-08-13,P011,Logitech K380 Keyboard,Accessories,1,3160.35,0,Dilsukhnagar,Hyderabad,Telangana,East Hyderabad,Online,Credit Card,Delivered
ORD102150,CUST10338,2025-06-15,P013,HP Wireless Mouse,Accessories,1,1580.67,0.1,Ameerpet,Hyderabad,Telangana,Central Hyderabad,Online,Credit Card,Delivered
ORD101884,CUST10103,2025-08-03,P001,Dell Inspiron 15,Laptop,1,64337.18,0.1,Attapur,Hyderabad,Telangana,South Hyderabad,Online,UPI,Delivered
ORD101688,CUST10410,2025-01-25,P018,American Tourister Backpack,Bags,2,4175.9,0.1,Mehdipatnam,Hyderabad,Telangana,South Hyderabad,Corporate Sales,Cash on Delivery,Shipped
ORD100864,CUST10435,04-25-2025,P008,JBL Tune 770NC,Audio,4,7279.39,0.05,Kompally,Hyderabad,Telangana,North Hyderabad,Online,UPI,Delivered
ORD100042,CUST10167,2025-11-27,P011,Logitech K380 Keyboard,Accessories,5,3081.62,0.1,LB Nagar,Hyderabad,Telangana,East Hyderabad,Online,Net Banking,Delivered
ORD101882,CUST10033,2025-06-28,P003,Lenovo IdeaPad Slim 5,Laptop,1,62840.08,0.15,Kompally,Hyderabad,Telangana,North Hyderabad,Online,Credit Card,Delivered
ORD100560,CUST10371,2025-06-26,P008,JBL Tune 770NC,Audio,1,7866.57,0.1,Secunderabad,Hyderabad,Telangana,North Hyderabad,Online,UPI,Cancelled
ORD101050,,2025-07-09,P003,Lenovo IdeaPad Slim 5,Laptop,1,59552.41,0.05,LB Nagar,Hyderabad,Telangana,East Hyderabad,Online,Credit Card,Delivered
ORD100950,CUST10184,2025-07-16,P011,Logitech K380 Keyboard,Accessories,1,3180.83,0,LB Nagar,Hyderabad,Telangana,East Hyderabad,Online,Net Banking,Delivered
ORD102593,CUST10490,2025-05-12,P018,American Tourister Backpack,Bags,1,4024.33,0.15,Banjara Hills,Hyderabad,Telangana,Central Hyderabad,Retail Store,Credit Card,Delivered
ORD102633,CUST10099,2025-08-23,P015,Apple iPad Air,Tablet,1,67777.78,0,Kukatpally,Hyderabad,Telangana,North-West Hyderabad,Retail Store,UPI,Returned
ORD101853,CUST10186,15/08/2025,P008,JBL Tune 770NC,Audio,5,7233.32,0.1,Kompally,Hyderabad,Telangana,North Hyderabad,Retail Store,Net Banking,Shipped
ORD101299,CUST10475,09-02-2025,P013,HP Wireless Mouse,Accessories,2,1498.7,0.1,Attapur,Hyderabad,Telangana,South Hyderabad,Retail Store,Credit Card,Delivered
ORD100109,CUST10446,2025-11-16,P016,Green Soul Monster Chair,Furniture,2,14269.35,0.05,HITEC City,Hyderabad,Telangana,West Hyderabad,Retail Store, Debit Card ,Delivered
ORD100351,CUST10367,2025-10-11,P013,HP Wireless Mouse,Accessories,4,1584.89,0.05,Madhapur,Hyderabad,Telangana,West Hyderabad,Online,Net Banking,Shipped
ORD102762,CUST10343,2025-07-13,P017,IKEA Linnmon Desk,Furniture,1,9756.97,0.1,Banjara Hills,Hyderabad,Telangana,Central Hyderabad,RETAIL STORE,Credit Card,Returned
ORD100343,CUST10323,2025-05-05,P005,OnePlus 13R,Smartphone,4,39962.81,0,Gachibowli,Hyderabad,Telangana,West Hyderabad,Online,Net Banking,Delivered
ORD100955,CUST10465,2025-08-31,P008,JBL Tune 770NC,Audio,2,7702.84,1.5,Miyapur,Hyderabad,Telangana,North-West Hyderabad,Online,Cash on Delivery,Delivered
ORD102337,CUST10331,2025-05-01,P004,Samsung Galaxy A55,Smartphone,1,36425.84,0.05,Kompally,Hyderabad,Telangana,North Hyderabad,Corporate Sales,Cash on Delivery,Delivered
ORD101021,CUST10141,05-05-2025,P014,Samsung Galaxy Tab S9,Tablet,1,53429.42,0,Miyapur,Hyderabad,Telangana, North-West Hyderabad ,Online,UPI,Delivered
ORD102701,CUST10460,2025-07-24,P012,Logitech MX Master 3S,Accessories  ,3,8414.7,0,Begumpet,Hyderabad,Telangana,Central Hyderabad,Retail Store,Net Banking,Delivered
ORD101326,CUST10471,02/11/2025,P014,Samsung Galaxy Tab S9,Tablet,4,52618.72,0.05,Gachibowli,Hyderabad,Telangana,East Hyderabad,Online,Net Banking,Delivered
ORD102032,CUST10328,2025-05-20,P013,HP Wireless Mouse,Accessories,2,1483.88,0.05,Kondapur,Hyderabad,Telangana,West Hyderabad,Retail Store,Credit Card,Delivered
ORD101596,CUST10201,2025-08-17,P011,Logitech K380 Keyboard,Accessories,2,3233.36,0.1,LB Nagar,Hyderabad,Telangana,East Hyderabad,Retail Store,Debit Card,Delivered
ORD100747,CUST10331,2025-01-30,P008,JBL Tune 770NC,Audio,1,7020.93,0.1,Uppal,Hyderabad,Telangana,East Hyderabad,Corporate Sales,Cash on Delivery,DELIVERED
ORD102339,CUST10178,2025-08-18,P011,Logitech K380 Keyboard,Accessories,3,3400.95,0.15,Tarnaka,Hyderabad,Telangana,East Hyderabad,Online,UPI,Returned
ORD100041,CUST10472,2025-01-20,P003,Lenovo IdeaPad Slim 5,Laptop,3,57688.87,0,,Hyderabad,Telangana,West Hyderabad,Online,Net Banking,Delivered
ORD101005,CUST10257,2025-06-03,P012,Logitech MX Master 3S,Accessories,1,8616.42,0.1,Secunderabad  ,Hyderabad,Telangana,North Hyderabad,Corporate Sales,UPI,Shipped
ORD100108,CUST10451,2025-11-30,P007,Sony WH-1000XM5,Audio,5,27070.31,0.05,Tarnaka,HYDERABAD,Telangana,East Hyderabad,Corporate Sales,Debit Card,Delivered
ORD101572,CUST10411,2025-01-05,P010,LG UltraGear 27,Monitor,2,25859.35,0.05,Mehdipatnam,Hyderabad,Telangana,South Hyderabad,Online,UPI,Delivered
ORD100372,CUST10483,2025-05-26,P003,Lenovo IdeaPad Slim 5,Laptop,2,62627.89,0.15,Gachibowli,Hyderabad,Telangana,West Hyderabad, Online ,Credit Card,Delivered
ORD101532,CUST10251,17/07/2025,P011,Logitech K380 Keyboard,Accessories,2,2956.85,0.15,Kukatpally,Hyderabad,Telangana,North-West Hyderabad,Retail Store,Credit Card,Delivered
ORD101427,CUST10114,2025-08-21,P005,OnePlus 13R  ,Smartphone,2,42487.34,0.1,HITEC City,Hyderabad,Telangana,West Hyderabad,Online,Credit Card,Cancelled
ORD101972,CUST10420,12-08-2025,P014,Samsung Galaxy Tab S9,Tablet,2,50551,0.1,Miyapur,Hyderabad,Telangana,North-West Hyderabad,Corporate Sales,Net Banking,Delivered
ORD100327,CUST10350,2025-07-12,P005,OnePlus 13R,Smartphone,5,42785.05,0.05,Mehdipatnam,Hyderabad,Telangana,South Hyderabad,Corporate Sales,UPI,Cancelled
ORD102136,CUST10137,2025-09-17,P013,HP Wireless Mouse,Accessories,4,1541.82,0.2,Jubilee Hills,Hyderabad,Telangana,Central Hyderabad,Retail Store,Net Banking,Delivered
ORD100569,CUST10184,2025-06-07,P018,American Tourister Backpack,Bags,3,3924.4,0.15,Kukatpally,Hyderabad,Telangana,North-West Hyderabad,Retail Store,UPI,Delivered
ORD102666,CUST10308,11-18-2025,,Dell 24 Monitor,Monitor  ,2,13886.84,0.1,Madhapur,Hyderabad,Telangana,West Hyderabad,Retail Store,Net Banking,Delivered
ORD101993,CUST10470,2025-10-31,P016,Green Soul Monster Chair,Furniture,2,12942.67,0.1,Kukatpally,Hyderabad,Telangana,NORTH-WEST HYDERABAD,Retail Store,UPI,Returned
ORD100892,CUST10314,2025-02-26,P001,Dell Inspiron 15,Laptop,4,61572.91,0.05,Uppal,Hyderabad,Telangana,East Hyderabad,ONLINE,Cash on Delivery,Returned
ORD100212,CUST10192,2025-12-26,P008,JBL Tune 770NC,Audio,2,7215.53,0.15,Kompally,Hyderabad,Telangana,North Hyderabad, Corporate Sales ,Net Banking,Delivered
ORD100001,CUST10081,29/11/2025,P012,Logitech MX Master 3S,Accessories,1,8181.87,0,Banjara Hills,Hyderabad,Telangana,Central Hyderabad,Online,Net Banking,Delivered
ORD101097,CUST10197,2025-12-11,P002,HP Pavilion 14,Laptop,3,63888.38,0.15,Madhapur,Hyderabad,Telangana,West Hyderabad,Retail Store,Cash on Delivery,Delivered
ORD100114,CUST10170,2025-10-11,P012,Logitech MX Master 3S,Accessories,2,8469.75,0,manikonda,Hyderabad,Telangana,West Hyderabad,Corporate Sales,Cash on Delivery,Delivered
ORD101413,CUST10035,2025-05-02,P018,American Tourister Backpack,Bags,4,4195.96,0.15,,Hyderabad,Telangana,West Hyderabad,Corporate Sales,Credit Card,Delivered
ORD101420,,03/03/2025,P010,LG UltraGear 27,Monitor,3,25903.93,0.05,Dilsukhnagar,Hyderabad,Telangana,East Hyderabad,Corporate Sales,Net Banking,Delivered
ORD102379,CUST10094,2025-03-17,P007,Sony WH-1000XM5,Audio,1,29248.55,0.1,Gachibowli,Hyderabad,Telangana,West Hyderabad,Retail Store,Debit Card,Delivered
ORD100145,CUST10300,25/10/2025,P002,HP Pavilion 14,Laptop,4,65242.52,0.05,Madhapur,Hyderabad,Telangana,West Hyderabad,Retail Store,Net Banking,DELIVERED
ORD101608,CUST10360,2025-07-22,P009,Dell 24 Monitor,Monitor,2,13934.18,0.15,Secunderabad,Hyderabad,Telangana,North Hyderabad,ONLINE,UPI,Delivered
ORD102282,CUST10083,2025-03-18,P009,Dell 24 Monitor,Monitor,3,15256.56,0.05,Uppal,Hyderabad,Telangana,East Hyderabad,Corporate Sales, Credit Card ,Delivered
ORD102443,CUST10090,2025-08-21,P008,JBL Tune 770NC,Audio,1,7582.6,0.15,Ameerpet,Hyderabad,Telangana,Central Hyderabad,Retail Store,Debit Card,Shipped
ORD101009,CUST10222,2025-11-26,P012,Logitech MX Master 3S,Accessories,5,9097.19,0.15,Mehdipatnam,Hyderabad,Telangana,South Hyderabad,Retail Store,UPI,Shipped
ORD100470,CUST10268,2025-01-12,P013,HP Wireless Mouse,Accessories,1,1677.87,0.05,Nallagandla,Hyderabad,Telangana,West Hyderabad,Retail Store,Net Banking,Delivered
ORD100510,CUST10031,2025-05-12,P006,iPhone 16,Smartphone,1,75968.94,0.15,Uppal,Hyderabad,Telangana,East Hyderabad,Corporate Sales,Debit Card,Delivered
ORD101321,,2025-02-24,P013,HP Wireless Mouse,Accessories,1,1544.51,0,Kompally,Hyderabad,Telangana,North Hyderabad,Retail Store,Credit Card,Delivered
ORD101080,CUST10464,2025-12-18,P008,JBL Tune 770NC,Audio,1,7183.71,0.15,Attapur,Hyderabad,Telangana,South Hyderabad,Retail Store,Debit Card,Delivered
ORD102096,CUST10408,2025-02-16,P009,Dell 24 Monitor,Monitor,2,15590.16,0.1,Kondapur,Hyderabad,Telangana,West Hyderabad,Online,Credit Card,Delivered
ORD101871,CUST10390,26/07/2025,P003,Lenovo IdeaPad Slim 5,Laptop,2,57657.62,0.05,Begumpet,Hyderabad,Telangana,Central Hyderabad,Online,Net Banking,Shipped
ORD100246,CUST10055,15/03/2025,P013,HP Wireless Mouse,Accessories,2,1551.46,0.2,Secunderabad,Hyderabad,Telangana,North Hyderabad,Retail Store,Net Banking,Returned
ORD100058,CUST10384,,P013,HP Wireless Mouse,Accessories,3,1626.39,0.05,Tarnaka,Hyderabad,Telangana,East Hyderabad,Corporate Sales,Credit Card,Delivered
ORD101227,CUST10272,19/05/2025,P004,Samsung Galaxy A55,Smartphone,5,35891.28,0.15,Banjara Hills, Hyderabad ,Telangana,Central Hyderabad,Retail Store,Credit Card,Delivered
ORD101794,CUST10485,2025-07-23,P016,Green Soul Monster Chair,Furniture,1,-1000,0.1,Kukatpally,Hyderabad,Telangana,North-West Hyderabad,Online,UPI, Delivered 
ORD102979,CUST10317,2025-09-24,P001,Dell Inspiron 15,Laptop,5,61377.79,0.1,Gachibowli,Hyderabad,Telangana,West Hyderabad,Online,Cash on Delivery,Delivered
ORD101402,CUST10120,10/11/2025,P015,Apple iPad Air,Tablet,1,66665.52,0.1,Attapur,Hyderabad,Telangana,south hyderabad,Online,Credit Card,Delivered
ORD102075,CUST10498,2025-03-13,P018,American Tourister Backpack,Bags,3,4096.02,0,Dilsukhnagar,Hyderabad,Telangana,East Hyderabad,Online,Net Banking,Shipped
ORD101730,CUST10368,28/02/2025,P010,LG UltraGear 27,Monitor,1,28520.67,0.05,Kukatpally,Hyderabad,Telangana,North-West Hyderabad,Retail Store,Credit Card,Delivered
ORD101349,CUST10136,20/07/2025,P010,LG UltraGear 27,Monitor,2,27905.13,0.05,Banjara Hills,Hyderabad,Telangana,Central Hyderabad,Online,Net Banking,Delivered
ORD102833,CUST10096,2025-01-10,P004,Samsung Galaxy A55,Smartphone,1,38676.4,0.1,Kompally,Hyderabad,Telangana,North Hyderabad,Retail Store,Debit Card,Cancelled
ORD100847,CUST10066,2025-07-11,P006,iPhone 16,Smartphone,2,81548.8,0.05,Miyapur,Hyderabad,Telangana, North-West Hyderabad ,Corporate Sales,UPI,Delivered
ORD100167,CUST10145,05-20-2025,P018,American Tourister Backpack,Bags,5,4346.66,0.05,Attapur,Hyderabad,Telangana,South Hyderabad,Online,Credit Card,Delivered
ORD102657,CUST10185,2025-04-13,P002,HP Pavilion 14,Laptop,3,72880.02,0.15,Miyapur,Hyderabad,Telangana,North-West Hyderabad,Retail Store,Credit Card,Delivered
ORD100341,CUST10467,05-07-2025,P013,HP Wireless Mouse,Accessories,1,1491.03,0.2,Kukatpally,Hyderabad,Telangana,North-West Hyderabad,Corporate Sales,UPI,Delivered
ORD101353,CUST10099,2025-12-06,P018,American Tourister Backpack,Bags,3,4531.75,0,Miyapur,Hyderabad,telangana,North-West Hyderabad,Online,Credit Card,Delivered
ORD101042,CUST10006,13/09/2025,P006,iPhone 16,Smartphone,1,78718.45,0.2,Banjara Hills,Hyderabad,Telangana,Central Hyderabad,ONLINE,UPI,Shipped
ORD100787,CUST10232,2025-01-05,P001,Dell Inspiron 15,Laptop,4,61929.03,0,HITEC City,Hyderabad,Telangana,West Hyderabad,Online,Credit Card,Cancelled
ORD101775,CUST10037,2025-05-19,P017,IKEA Linnmon Desk,Furniture,2,9745.61,-0.1,HITEC City,Hyderabad,Telangana,West Hyderabad,Corporate Sales,Credit Card,Shipped
ORD100435,CUST10286,2025-07-17,P003,Lenovo IdeaPad Slim 5,Laptop,1,56593.11,0.2,Nallagandla,Hyderabad,Telangana,WEST HYDERABAD,Online,UPI,Delivered
ORD101896,CUST10458,2025-03-22,P016,Green Soul Monster Chair,Furniture,1,12724.29,0,Kukatpally,Hyderabad,Telangana,North-West Hyderabad,Online,Net Banking,Delivered
ORD101667,CUST10437,2025-11-20,P009,Dell 24 Monitor,Monitor,2,14024,0.05,Uppal,Hyderabad,Telangana,East Hyderabad,Online,UPI,Delivered
ORD101964,CUST10441,2025-09-25,P006,iPhone 16,Smartphone,1,75434.61,0.2,Attapur,Hyderabad,Telangana,South Hyderabad,Retail Store,Net Banking,Delivered
ORD102186,CUST10294,2025-08-16,P016,GREEN SOUL MONSTER CHAIR,Furniture,1,14354.72,0.05,Mehdipatnam,Hyderabad,Telangana,South Hyderabad,Corporate Sales,UPI,Shipped
ORD101965,CUST10038,2025-04-11,P006,iPhone 16,Smartphone,3,79918.61,0.05,Attapur,Hyderabad,Telangana,South Hyderabad,Online,Debit Card,Delivered
ORD101510,CUST10237,02/12/2025,P015,Apple iPad Air,Tablet,3,65603.87,0.15,HITEC City,Hyderabad,Telangana,West Hyderabad,Corporate Sales,Cash on Delivery,Delivered
ORD102897,CUST10039,31/10/2025,P003,Lenovo IdeaPad Slim 5,Laptop,1,58007.79,,Uppal,Hyderabad,Telangana,East Hyderabad,Online,credit card,Delivered
ORD102433,CUST10480,2025-10-25,P016,Green Soul Monster Chair,Furniture,4,13639.56,0.05,HITEC City,Hyderabad,Telangana,West Hyderabad,Corporate Sales,UPI,Delivered
ORD100484,CUST10413,2025-01-28,P006,iPhone 16,Smartphone,1,73233.35,0.1,madhapur,Hyderabad,Telangana,West Hyderabad,Corporate Sales,UPI,Delivered
ORD101998,CUST10193,2025-01-15,P007,Sony WH-1000XM5,Audio,1,26939.82,0.05,Uppal,Hyderabad,Telangana,East Hyderabad,Retail Store,Cash on Delivery,Shipped
ORD100270,CUST10288,2025-06-26,P014,Samsung Galaxy Tab S9,Tablet,5,52709.74,0,Jubilee Hills,Hyderabad,Telangana,Central Hyderabad,Online,Net Banking,Delivered
ORD101101,CUST10116,2025-08-15,P009,Dell 24 Monitor,Monitor,1,15473.26,0,Manikonda,Hyderabad,Telangana,West Hyderabad,Online,Debit Card,Delivered
ORD100905,CUST10471,2025-05-18,P016,Green Soul Monster Chair,Furniture,3,13308.08,0.15,Kukatpally,Hyderabad,Telangana,North-West Hyderabad,Online,Debit Card,Delivered
ORD101761,CUST10144,10-08-2025,P004,Samsung Galaxy A55,Smartphone,1,34396.62,0.05,LB Nagar,Hyderabad,Telangana,East Hyderabad,Online,Net Banking,Delivered
ORD102007,CUST10438,2025-11-12,P012,Logitech MX Master 3S,Accessories,4,8790.39,0.05,Dilsukhnagar,HYDERABAD,Telangana,East Hyderabad,Retail Store,Net Banking,Delivered
ORD102069,CUST10345,23/05/2025,P010,LG UltraGear 27,Monitor,1,27914.74,0,LB Nagar,hyderabad,Telangana,East Hyderabad,Online,UPI,Delivered
ORD101503,CUST10367,2025-12-11,P007,Sony WH-1000XM5,Audio,2,31106.75,0.2,Madhapur,Hyderabad,Telangana,West Hyderabad,Retail Store,UPI,Delivered
ORD101339,CUST10203,2025-02-15,P017,IKEA Linnmon Desk,Furniture,5,9544.51,0.1,Madhapur,Hyderabad,Telangana,West Hyderabad,Retail Store,UPI,Delivered
ORD100415,CUST10024,2025-08-25,P011,Logitech K380 Keyboard,Accessories,4,2961.86,0.05,Ameerpet,Hyderabad,Telangana,Central Hyderabad,Retail Store,upi,Delivered
ORD100650,CUST10291,2025-08-16,P004,Samsung Galaxy A55,Smartphone,1,33211.82,0.05,Nallagandla,Hyderabad,Telangana,West Hyderabad,Online,UPI,Delivered
ORD102540,CUST10438,2025-05-11,P002,HP Pavilion 14,Laptop,1,71433.66,0.15,Begumpet,Hyderabad,Telangana,Central Hyderabad,Corporate Sales,UPI,Delivered
ORD101179,CUST10010,2025-12-20,P003,Lenovo IdeaPad Slim 5,Laptop,1,54495.5,0,Madhapur,Hyderabad,Telangana,West Hyderabad,Retail Store,Credit Card,Cancelled
ORD100746,CUST10187,18/01/2025,P003,Lenovo IdeaPad Slim 5,Laptop,5,59388.54,0.2,Nallagandla,Hyderabad,Telangana,West Hyderabad,Retail Store,UPI,Delivered
ORD100991,CUST10493,2025-09-28,P013,HP Wireless Mouse,Accessories,3,1668.5,0.1,Gachibowli,Hyderabad,Telangana,West Hyderabad,Retail Store,Credit Card,Shipped
ORD100734,CUST10411,16/09/2025,P014,Samsung Galaxy Tab S9,Tablet,5,48060.29,0,Madhapur,Hyderabad,Telangana,West Hyderabad,Online,UPI,Cancelled
ORD101506,CUST10311,2025-02-02,P011,Logitech K380 Keyboard,Accessories,4,3028.81,0.15,Kukatpally,Hyderabad,Telangana,North-West Hyderabad,Corporate Sales,UPI,Delivered
ORD102187,CUST10068,03-20-2025,P017,IKEA Linnmon Desk,Furniture,3,10175.58,0.2,LB Nagar,Hyderabad, Telangana ,East Hyderabad,Online,Debit Card,Delivered
ORD102747,CUST10229,2025-08-11,P009,Dell 24 Monitor,Monitor,2,13955.33,0.05,Tarnaka,Hyderabad,Telangana,East Hyderabad,Retail Store,Debit Card,Returned
ORD102608,CUST10005,2025-03-01,P018,American Tourister Backpack,Bags,0,4014.98,0.1,LB Nagar,Hyderabad,Telangana,East Hyderabad,Corporate Sales,UPI,Delivered
ORD101041,CUST10175,2025-01-21,P005,OnePlus 13R,Smartphone,2,43373.46,0.05,Uppal,Hyderabad,Telangana,East Hyderabad,Online,Cash on Delivery,Delivered
ORD100106,CUST10263,2025-02-27,P012,Logitech MX Master 3S,Accessories,1,8784.97,0.1,Miyapur,Hyderabad,Telangana,North-West Hyderabad,Retail Store,Credit Card,Delivered
ORD101283,CUST10462,2025-12-07,P017,IKEA Linnmon Desk,Furniture,1,10193.78,0.15,Tarnaka,Hyderabad,Telangana,East Hyderabad,Online,Net Banking,Delivered
ORD101878,CUST10274,2025-05-16,P018,American Tourister Backpack,Bags,1,4279.12,0.15,Banjara Hills,Hyderabad,Telangana,Central Hyderabad,Online,Credit Card,Delivered
ORD100887,CUST10209,2025-04-14,P007,Sony WH-1000XM5,Audio,4,28871.8,0.05,Dilsukhnagar,Hyderabad,Telangana,East Hyderabad,Online,UPI,Delivered
ORD100253,CUST10221,2025-07-26,P013,HP Wireless Mouse,accessories,3,1531.82,0.05,Jubilee Hills,Hyderabad,Telangana,Central Hyderabad,retail store, UPI ,Delivered
ORD100340,CUST10068,2025-04-06,P007,Sony WH-1000XM5,Audio,3,26732.27,0.1,Dilsukhnagar,Hyderabad,Telangana,East Hyderabad,Corporate Sales,UPI,Delivered
ORD100839,CUST10477,2025-03-31,P008,JBL Tune 770NC,Audio,5,7975.9,0,Uppal,Hyderabad,Telangana,East Hyderabad,Online,UPI,Delivered
ORD100580,CUST10462,2025-01-22,P018,American Tourister Backpack,Bags,1,3901.31,0.05,Madhapur,Hyderabad,Telangana,West Hyderabad,Retail Store,UPI,Returned
ORD100859,CUST10057,2025-05-16,P011,Logitech K380 Keyboard,Accessories,1,3048.58,0.15,Secunderabad,Hyderabad,Telangana,North Hyderabad,Online,Debit Card,Delivered
ORD100134,CUST10077,2025-02-03,P013,HP Wireless Mouse,Accessories,1,1536.07,0.15,Secunderabad,Hyderabad,Telangana,North Hyderabad,Retail Store,UPI,Shipped
ORD101813,CUST10195,2025-04-07,P006,iPhone 16,Smartphone,1,78510.51,0.15,Manikonda,Hyderabad,Telangana,West Hyderabad,online,UPI,Shipped
ORD100615,CUST10089,2025-10-11,P007,Sony WH-1000XM5,Audio,2,27423.8,0,Tarnaka,Hyderabad,Telangana,East Hyderabad,Online,Cash on Delivery,Delivered
ORD102798,,2025-04-23,P016,Green Soul Monster Chair,Furniture,3,12439.84,0.1,Attapur,Hyderabad,Telangana,South Hyderabad,Retail Store,UPI,Delivered
ORD102224,CUST10292,2025-01-28,P005,OnePlus 13R,Smartphone,1,39754.61,0.05,Madhapur,Hyderabad,Telangana,West Hyderabad,Corporate Sales,Cash on Delivery,Delivered
ORD101607,CUST10469,2025-07-23,P011,Logitech K380 Keyboard,Accessories,2,3179.11,0,Attapur,Hyderabad,Telangana,South Hyderabad,Online,Credit Card,Delivered
ORD100160,CUST10200,2025-02-27,P009,Dell 24 Monitor,Monitor,2,15557.23,0.15,Attapur,Hyderabad,Telangana,South Hyderabad,Online,Credit Card,Delivered
ORD101245,CUST10030,10/03/2025,P010,LG UltraGear 27,Monitor,3,28007.45,0.05,Dilsukhnagar,Hyderabad,Telangana,East Hyderabad,Retail Store,Cash on Delivery,Shipped
ORD100963,CUST10374,2025-09-11,P007,Sony WH-1000XM5,Audio,3,27253.18,0.2,Gachibowli,HYDERABAD,Telangana,West Hyderabad,Online,Credit Card,Delivered
ORD102046,CUST10070,09-01-2025,P013,HP Wireless Mouse,Accessories,3,1616.09,0.1,Kondapur,Hyderabad,Telangana,West Hyderabad,Corporate Sales,Credit Card,Delivered
ORD102140,CUST10479,2025-09-28,P002,HP Pavilion 14,Laptop,5,66987.13,0.1,Kukatpally,Hyderabad,Telangana,North-West Hyderabad,Retail Store,Debit Card,Delivered
ORD100308,CUST10190,19/11/2025,P003,Lenovo IdeaPad Slim 5,Laptop,4,62905.47,0,Secunderabad,Hyderabad,Telangana,North Hyderabad,Online,Debit Card,Delivered
ORD102350,CUST10492,2025-03-28,P013,HP Wireless Mouse,Accessories,1,1508.89,0.1,Kompally,Hyderabad,Telangana,North Hyderabad,Online,Credit Card,Delivered
ORD101428,CUST10026,2025-01-07,P010,LG UltraGear 27,Monitor,1,27994.19,0.1,Jubilee Hills,Hyderabad,Telangana,Central Hyderabad,Online,UPI,Shipped
ORD100461,CUST10385,2025-08-19,P015,Apple iPad Air,Tablet,1,66764.89,0.1,Nallagandla,Hyderabad,Telangana,West Hyderabad,Online,Debit Card,Delivered
ORD100336,CUST10178,2025-04-24,P006,iPhone 16,Smartphone,2,82390.21,0.15,Kompally,Hyderabad,Telangana,North Hyderabad,Online,Cash on Delivery,Delivered
ORD100493,CUST10036,2025-07-01,P003,Lenovo IdeaPad Slim 5,Laptop,0,58365.33,0.05,Tarnaka,Hyderabad,Telangana,East Hyderabad,Online,Net Banking,Delivered
ORD102770,CUST10404,2025-06-28,P011,Logitech K380 Keyboard,Accessories,2,3090.15,0,Banjara Hills,Hyderabad,Telangana,Central Hyderabad,Online,Net Banking,Delivered
ORD102509,CUST10410,04/06/2025,P016,Green Soul Monster Chair,Furniture,1,13101.59,0.15,Dilsukhnagar,Hyderabad,Telangana,East Hyderabad,Corporate Sales,UPI,Delivered
ORD100056,CUST10333,11/03/2025,P001,Dell Inspiron 15,Laptop,1,59455.12,0,Begumpet,Hyderabad,Telangana,Central Hyderabad,Online,Cash on Delivery,Delivered
ORD102255,CUST10078,2025-11-14,P009,Dell 24 Monitor,Monitor,4,14183.69,0.05,Banjara Hills,Hyderabad,Telangana,Central Hyderabad,Online,UPI,Shipped
ORD101023,CUST10245,2025-12-01,P010,LG UltraGear 27,Monitor,1,26764.1,0.05,Mehdipatnam,Hyderabad,Telangana,South Hyderabad,Retail Store,Debit Card,Delivered
ORD100603,CUST10381,2025-08-24,P016,Green Soul Monster Chair,Furniture,1,12844.76,0.2,Banjara Hills,Hyderabad,Telangana,Central Hyderabad,Online,Credit Card,Delivered
ORD100566,CUST10279,2025-06-11,P003,Lenovo IdeaPad Slim 5  ,Laptop,2,63476.93,0.2,Jubilee Hills,Hyderabad,Telangana,Central Hyderabad,Online,Debit Card,Delivered
ORD100678,CUST10370,2025-12-01,P005,OnePlus 13R,Smartphone,1,43220.88,0.05,Tarnaka,Hyderabad,Telangana,East Hyderabad,Online,Credit Card,Delivered
ORD102003,CUST10013,2025-10-08,P002,HP Pavilion 14,Laptop,4,66307.53,0.05,Begumpet,Hyderabad,Telangana,Central Hyderabad,Corporate Sales,Net Banking,Delivered
ORD101453,CUST10473,2025-11-21,P002,HP Pavilion 14,Laptop,3,65575.53,0.05,Kompally,Hyderabad,Telangana,North Hyderabad,Online,Credit Card,Delivered
ORD101592,CUST10319,2025-12-20,P006,iPhone 16,Smartphone,2,80922.52,0,,Hyderabad,Telangana,West Hyderabad,Online,UPI,Delivered
ORD101926,CUST10062,01-01-2025,P016,Green Soul Monster Chair,Furniture,1,13394.86,0.2,Gachibowli,Hyderabad,Telangana,West Hyderabad,Retail Store,UPI,SHIPPED
ORD102717,CUST10178,2025-06-11,P016,Green Soul Monster Chair,Furniture,4,12537.16,0.1,Dilsukhnagar,Hyderabad,Telangana,East Hyderabad,Corporate Sales,Debit Card,Delivered
ORD102967,CUST10188,2025-03-20,P011,Logitech K380 Keyboard,Accessories,4,3001.88,0.15,Begumpet,Hyderabad,Telangana,Central Hyderabad,Online,UPI,Delivered
ORD101378,CUST10036,11-08-2025,P002,HP Pavilion 14,Laptop,1,67638.42,0.05,Begumpet,Hyderabad,Telangana,Central Hyderabad,Online,Cash on Delivery,Delivered
ORD102828,CUST10032,2025-01-10,P001,Dell Inspiron 15,Laptop,2,65593.62,0,Secunderabad,Hyderabad,Telangana,North Hyderabad,Online,Net Banking,Returned
ORD100876,CUST10397,2025-11-19,P017,IKEA Linnmon Desk,Furniture,3,9438.85,0,Banjara Hills,Hyderabad,Telangana,Central Hyderabad,Online,UPI,Delivered
ORD100170,CUST10238,2025-11-15,P003,Lenovo IdeaPad Slim 5,Laptop,1,60331.3,0.2,Secunderabad,Hyderabad,Telangana,North Hyderabad,Online,UPI,Returned
ORD102896,CUST10352,2025-08-17,P003,IKEA Linnmon Desk,Furniture,1,9237.59,0.05,Miyapur,Hyderabad,Telangana,North-West Hyderabad,Retail Store,Credit Card,Shipped
ORD101709,CUST10292,2025-10-03,P005,OnePlus 13R,Smartphone,1,40402.89,0,HITEC City,Hyderabad,Telangana,West Hyderabad,Online,Debit Card,Delivered
ORD101328,CUST10108,05-26-2025,P002,HP Pavilion 14,Laptop,1,73066.21,0.15,LB Nagar,Hyderabad,Telangana,East Hyderabad,Online,UPI,Shipped
ORD101514,CUST10105,2025-07-17,P002,HP Pavilion 14,Laptop,5,64110.15,0.15,Uppal,Hyderabad,Telangana,East Hyderabad,Retail Store,UPI,Delivered
ORD101256,CUST10449,07-14-2025,P013,HP Wireless Mouse,Accessories,2,1618.23,0,Uppal,Hyderabad,Telangana,East Hyderabad,Online,UPI,Delivered
ORD102191,CUST10079,02/05/2025,P015,Apple iPad Air,Tablet,1,67098.89,0,HITEC City,Hyderabad,Telangana,West Hyderabad,Online,Net Banking,Delivered
ORD100775,CUST10127,2025-10-27,P012,Logitech MX Master 3S,Accessories,1,8950.68,0.1,Gachibowli,Hyderabad,Telangana,West Hyderabad,Online,Net Banking,Cancelled
ORD101795,CUST10173,2025-10-17,,Sony WH-1000XM5,Audio,1,31255.9,0.15,Madhapur,Hyderabad,Telangana,West Hyderabad,Retail Store,UPI,Delivered
ORD100204,CUST10203,2025-01-12,P008,JBL Tune 770NC,Audio,5,8035.86,0,Manikonda,Hyderabad,Telangana,West Hyderabad,Retail Store,UPI,Cancelled
ORD101820,CUST10206,2025-08-26,P003,Lenovo IdeaPad Slim 5,Laptop,1,61010.11,0.15,Tarnaka,Hyderabad,Telangana,East Hyderabad,Online,UPI,Delivered
ORD100240,CUST10348,2025-06-11,P008,JBL Tune 770NC,Audio,5,7800.98,0.05,Mehdipatnam,Hyderabad,Telangana,South Hyderabad, Online ,Credit Card,Shipped
ORD101201,CUST10062,2025-08-20,P010,LG UltraGear 27,Monitor,1,27197.5,0.1,Jubilee Hills,Hyderabad,Telangana,Central Hyderabad,Online,UPI,Delivered
ORD101647,CUST10248,21/07/2025,P017,IKEA Linnmon Desk,Furniture,5,10137.32,0.15,Nallagandla,Hyderabad,Telangana,west hyderabad,Retail Store,UPI,Delivered
ORD102903,CUST10203,2025-02-03,P008,JBL Tune 770NC,Audio,1,7456.31,0.05,Nallagandla,Hyderabad,Telangana,West Hyderabad,Retail Store,Credit Card,Cancelled
ORD100654,CUST10224,2025-12-15,P007,Sony WH-1000XM5,Audio,2,29463.51,0.15,Kompally,Hyderabad,Telangana,North Hyderabad,online,UPI,Delivered
ORD102497,CUST10186,2025-07-17,P006,iPhone 16,Smartphone,1,73103.12,0.1,Banjara Hills,Hyderabad,Telangana,Central Hyderabad,Retail Store,Debit Card,Delivered
ORD102675,CUST10474,2025-04-02,P016,Green Soul Monster Chair,Furniture,4,13457.96,0.15,Madhapur,Hyderabad,Telangana,West Hyderabad,Online,UPI,Delivered
ORD101653,CUST10061,28/06/2025,P012,Logitech MX Master 3S,Accessories,4,8055.47,0.05,Mehdipatnam,Hyderabad,Telangana,South Hyderabad  ,Online,Debit Card,Delivered
ORD102452,CUST10023,2025-12-27,P006,iPhone 16,Smartphone,1,72819.34,0.1,Begumpet,Hyderabad,Telangana,Central Hyderabad,Retail Store, Credit Card ,Shipped
ORD101407,CUST10234,2025-02-23,P002,HP Pavilion 14,Laptop,2,69935.94,0.05,Manikonda,Hyderabad,Telangana,West Hyderabad,Retail Store,UPI,Delivered
ORD101828,CUST10201,2025-06-18,P010,LG UltraGear 27,Monitor,-2,26838.4,0.1,Banjara Hills,Hyderabad,Telangana,Central Hyderabad,Retail Store,Net Banking,Delivered
ORD100797,CUST10169,2025-05-27,P014,Samsung Galaxy Tab S9,Tablet,5,52219.77,0,Nallagandla,Hyderabad,Telangana,West Hyderabad,Online,Cash on Delivery,Shipped
ORD101597,CUST10033,2025-06-18,P002,HP Pavilion 14,Laptop,2,71263.07,0.05,Dilsukhnagar,Hyderabad,Telangana,East Hyderabad,Retail Store,Credit Card,Delivered
ORD102082,CUST10201,2025-12-23,P018,American Tourister Backpack,Bags,2,4062.97,0.1,Tarnaka,Hyderabad,Telangana,East Hyderabad,Retail Store,UPI,Delivered
ORD100016,CUST10436,2025-03-25,P001,Dell Inspiron 15,Laptop,2,59808.32,0.05,Ameerpet,Hyderabad,Telangana,Central Hyderabad,Online,Debit Card,Delivered
ORD102718,CUST10405,03-05-2025,P012,Logitech MX Master 3S,Accessories,1,9074.64,0.1,Ameerpet,Hyderabad,Telangana,Central Hyderabad,Retail Store,Debit Card,Shipped
ORD101849,CUST10023,08-13-2025,P010,LG UltraGear 27,Monitor,1,29343.95,0.1,Nallagandla,Hyderabad,Telangana,West Hyderabad,Online,Credit Card,Delivered
ORD101924,CUST10365,2025-12-18,P005,OnePlus 13R,Smartphone,1,41675.53,0.15,Banjara Hills,Hyderabad,Telangana,Central Hyderabad,Retail Store,Credit Card,Delivered
ORD100456,CUST10410,2025-11-29,,Sony WH-1000XM5,Audio,3,26889.86,0.1,Mehdipatnam,Hyderabad,Telangana,South Hyderabad,Online,Credit Card,Delivered
ORD102299,CUST10153,2025-11-06,P018,American Tourister Backpack,Bags,3,4040.63,0.2,Madhapur,Hyderabad,Telangana,West Hyderabad,Retail Store,UPI,Delivered
ORD100702,CUST10141,2025-10-11,P001,Dell Inspiron 15, Laptop ,5,61044.26,0.05,Secunderabad,Hyderabad,Telangana,North Hyderabad,Retail Store,Net Banking,Cancelled
ORD100926,CUST10268,11-24-2025,P007,Sony WH-1000XM5,Audio,3,30404.4,0,Kukatpally,Hyderabad,Telangana,South Hyderabad,Retail Store,Credit Card,Cancelled
ORD101719,CUST10304,2025-08-15,P007,Sony WH-1000XM5,Audio,4,30009.51,1.5,Secunderabad,Hyderabad,Telangana,North Hyderabad,Online,UPI,Delivered
ORD102376,CUST10263,21/08/2025,P010,LG UltraGear 27,Monitor,3,28218.73,0.15,Attapur,Hyderabad,Telangana,South Hyderabad,Online,Debit Card,Delivered
ORD101482,CUST10293,2025-05-15,P014,Samsung Galaxy Tab S9,Tablet,5,,0.15,Kondapur,Hyderabad,Telangana,West Hyderabad,Online,Cash on Delivery,Cancelled
ORD101658,CUST10016,23/05/2025,P003,Lenovo IdeaPad Slim 5,Laptop,1,63123.78,0,ameerpet,Hyderabad,Telangana,Central Hyderabad,Retail Store,UPI,Delivered
ORD100944,CUST10138,09-05-2025,P008,JBL Tune 770NC,Audio,1,7415.2,0.15,Dilsukhnagar,Hyderabad,Telangana,East Hyderabad,Online,UPI,Delivered
ORD100675,CUST10451,16/05/2025,P016,Green Soul Monster Chair,Furniture,2,13760.63,0,Secunderabad,Hyderabad,Telangana,North Hyderabad,Retail Store,UPI,Delivered
ORD102100,CUST10464,2025-06-03,P014,Samsung Galaxy Tab S9,Tablet,5,52679.83,0,Kukatpally,Hyderabad,Telangana,North-West Hyderabad,Online,UPI,Delivered
ORD101359,CUST10078,2025-12-27,P001,Dell Inspiron 15,Laptop,1,63163,0.15,Jubilee Hills,Hyderabad,Telangana,Central Hyderabad,Retail Store,Credit Card,Delivered
ORD100591,CUST10123,2025-05-29,P016,Green Soul Monster Chair,Furniture,2,13618.03,0.05,Ameerpet,Hyderabad,Telangana,Central Hyderabad,Retail Store,UPI,Delivered
ORD101250,CUST10358,2025-11-01,P016,Green Soul Monster Chair,Furniture,1,14111.08,0.1,Dilsukhnagar,Hyderabad,Telangana,East Hyderabad,Retail Store,Credit Card,Delivered
ORD101634,CUST10177,08-13-2025,P008,JBL Tune 770NC,Audio,5,7862.2,0.1,LB Nagar,Hyderabad,Telangana,East Hyderabad,Online,UPI,Delivered
ORD102489,CUST10467,07-29-2025,,Green Soul Monster Chair,Furniture,3,12558.75,0.05,Kukatpally,Hyderabad,Telangana,North-West Hyderabad,Retail Store,Net Banking,Delivered
ORD102131,CUST10499,27/02/2025,P014, Samsung Galaxy Tab S9 ,Tablet,1,52261.86,0.2,Attapur,Hyderabad,Telangana,South Hyderabad,Online,Net Banking,Delivered
ORD100966,CUST10369,2025-10-27,P009,Dell 24 Monitor,Monitor,5,13647.99,0,Kukatpally,Hyderabad,Telangana,North-West Hyderabad,Corporate Sales,Credit Card,Delivered
ORD101968,CUST10306,2025-07-10,P007,Sony WH-1000XM5,Audio  ,3,29883.07,0.05,Kondapur,Hyderabad,Telangana,Central Hyderabad,Retail Store,UPI,Delivered
ORD101030,CUST10191,2025-11-18,P017,IKEA Linnmon Desk,Furniture,5,10116.53,0.1,LB Nagar,Hyderabad,Telangana,East Hyderabad,Retail Store,Debit Card,Delivered
ORD102030,CUST10261,2025-01-22,P007, Sony WH-1000XM5 ,Audio,3,28757.42,0.1,Ameerpet,Hyderabad,Telangana,Central Hyderabad,Corporate Sales,Credit Card,Cancelled
ORD102257,CUST10165,07-30-2025,P009,Dell 24 Monitor,Monitor,4,13542.22,0.2,Ameerpet,Hyderabad,Telangana,Central Hyderabad,Online  ,UPI,DELIVERED
ORD100468,CUST10223,03/12/2025,P001,Dell Inspiron 15,Laptop,1,58393.47,0.1,Uppal,Hyderabad,Telangana,East Hyderabad,Online,Credit Card,Delivered
ORD102842,CUST10341,2025-11-13,P008,JBL Tune 770NC,AUDIO,3,7012.88,0.05,Nallagandla,Hyderabad  ,Telangana,West Hyderabad,Online,Cash on Delivery,Delivered
ORD102995,,2025-12-16,P013,HP WIRELESS MOUSE,Accessories,3,1696.67,0.15,Kompally,Hyderabad,Telangana,North Hyderabad,Online,Credit Card,Delivered
ORD102750,CUST10416,2025-07-16,P011,Logitech K380 Keyboard,Accessories,2,3424.21,0.05,Madhapur,Hyderabad,Telangana,West Hyderabad,Online,Credit Card,Delivered
ORD100431,CUST10026,05-20-2025,P013,HP Wireless Mouse,Accessories,1,1668.61,0,Kompally,Hyderabad,Telangana,North Hyderabad,Retail Store,Cash on Delivery,Delivered
ORD101646,CUST10271,2025-06-01,P018,American Tourister Backpack,Bags,2,3883.97,0,Gachibowli,Hyderabad,Telangana,West Hyderabad,Corporate Sales,Debit Card,Delivered
ORD101167,CUST10333,2025-06-19,P004,Samsung Galaxy A55,Smartphone,1,34097.88,0.05,Attapur,Hyderabad,Telangana,South Hyderabad,Corporate Sales,Cash on Delivery,DELIVERED
ORD101858,CUST10174,2025-12-02,P002,HP Pavilion 14,Laptop,4,69504.46,0.2,Jubilee Hills,Hyderabad,Telangana,Central Hyderabad,Online,UPI,Delivered
ORD100693,CUST10206,2025-01-23,P007,SONY WH-1000XM5,Audio,2,28044.52,0.05,LB Nagar,Hyderabad,Telangana,East Hyderabad,Online,Cash on Delivery,Delivered
ORD100668,CUST10201,2025-02-23,P001,Dell Inspiron 15,Laptop,2,60315,0,Tarnaka,Hyderabad,Telangana,West Hyderabad,Online,Cash on Delivery,Delivered
ORD101876,CUST10206,01/06/2025,P009,Dell 24 Monitor,Monitor,1,15573.28,0.1,Banjara Hills,Hyderabad,Telangana,Central Hyderabad,Online,Credit Card,Delivered
ORD102472,CUST10323,2025-03-13,P010,LG UltraGear 27,Monitor,3,29668.61,0.05,Uppal,Hyderabad,Telangana,East Hyderabad,Online,UPI,Delivered
ORD101637,CUST10043,2025-01-24,P015,Apple iPad Air,Tablet,1,69671.44,0.2,Kukatpally,Hyderabad,Telangana,North-West Hyderabad,Online,UPI,Delivered
ORD100459,CUST10305,2025-02-22,P014,Samsung Galaxy Tab S9,TABLET,2,48298.18,0.05,Ameerpet,Hyderabad,Telangana,Central Hyderabad,Corporate Sales,Debit Card,Cancelled
ORD102119,CUST10062,2025-01-11,P009,Dell 24 Monitor,Monitor,5,14648.03,0.05,Attapur,Hyderabad,Telangana,South Hyderabad,Online,Net Banking,Delivered
ORD100964,CUST10007,2025-07-02,P003,Lenovo IdeaPad Slim 5,Laptop,3,57666.71,0.05,Jubilee Hills,Hyderabad,Telangana,Central Hyderabad,Corporate Sales,UPI,Delivered
ORD102512,CUST10357,11-29-2025,P005,OnePlus 13R,Smartphone,1,40198.19,0,Ameerpet,Hyderabad,Telangana,Central Hyderabad,Retail Store,Debit Card,Delivered
ORD101954,CUST10140,20/06/2025,P007,Sony WH-1000XM5,Audio,2,28807.87,0.05,Kompally,Hyderabad,Telangana,North Hyderabad,Online,Debit Card,Delivered
ORD100897,CUST10155,2025-09-06,P003,Lenovo IdeaPad Slim 5,Laptop,1,62113.06,0.1,Miyapur,Hyderabad,Telangana,North-West Hyderabad,Corporate Sales,Credit Card,Cancelled
ORD101866,CUST10276,2025-05-28,P015,Apple iPad Air,Tablet,1,60341.46,0.1,Tarnaka,Hyderabad,Telangana,East Hyderabad,Online,Debit Card,Delivered
ORD101992,CUST10290,2025-11-16,P009,Dell 24 Monitor,Monitor,2,14553.93,0.1,Ameerpet,Hyderabad,Telangana,Central Hyderabad,Online,Net Banking,Delivered
ORD100922,CUST10345,2025-03-25,P005,OnePlus 13R,Smartphone,1,43422.62,0.15,Madhapur,Hyderabad,Telangana,West Hyderabad,Retail Store,UPI,Shipped
ORD102392,CUST10391,2025-06-12,P018,American Tourister Backpack,Bags,-5,,0.1,Gachibowli,Hyderabad,Telangana,West Hyderabad  ,Retail Store,UPI,Cancelled
ORD102304,CUST10275,18/10/2025,P017,IKEA Linnmon Desk,Furniture,3,8928.55,0.05,Mehdipatnam,Hyderabad,Telangana,South Hyderabad,Corporate Sales,Cash on Delivery,Delivered
ORD100904,CUST10328,2025-11-04,P009,Dell 24 Monitor,Monitor,4,14278.03,0.1,Tarnaka,Hyderabad,Telangana,East Hyderabad,Online,Debit Card,Delivered
ORD102211,CUST10353,2025-07-14,P014,Samsung Galaxy Tab S9,Tablet,1,49647.14,0.15,Nallagandla,Hyderabad,Telangana,West Hyderabad,Online,Debit Card,Delivered
ORD101379,CUST10342,2025-05-31,P011,Logitech K380 Keyboard,Accessories,1,3417.75,0.1,HITEC City,Hyderabad,Telangana,West Hyderabad,Online,Net Banking,Delivered
ORD102849,CUST10095,2025-09-10,P013,HP Wireless Mouse,Accessories,1,1491.84,0.05,HITEC City,Hyderabad,Telangana,West Hyderabad,Online,UPI,Cancelled
ORD102611,CUST10123,2025-12-23,P010,LG UltraGear 27,Monitor,3,30073.21,0.15,Manikonda,Hyderabad,Telangana,West Hyderabad,Retail Store,Credit Card,Shipped
ORD100430,CUST10474,2025-08-12,P007,Sony WH-1000XM5,Audio,2,28502.98,0.15,Kompally,Hyderabad,Telangana,North Hyderabad,Online,UPI,Shipped
ORD102808,CUST10220,2025-03-25,P004,Samsung Galaxy A55,Smartphone,4,35350.13,0.15,Banjara Hills,Hyderabad,Telangana,Central Hyderabad,Online,Cash on Delivery,Shipped
ORD101705,CUST10255,2025-05-01,P006,iPhone 16,Smartphone,2,75181.14,0,Dilsukhnagar,Hyderabad,Telangana,East Hyderabad,online,UPI,Delivered
ORD100103,CUST10120,2025-10-20,P017,IKEA Linnmon Desk,Furniture,2,9199,0.1,Kompally,Hyderabad,Telangana,North Hyderabad,Corporate Sales,UPI,Delivered
ORD101697,CUST10210,2025-04-01,P009,Dell 24 Monitor,Monitor,3,15646.34,0.05,Manikonda,Hyderabad,Telangana,West Hyderabad,Online,Credit Card,Shipped
ORD100219,CUST10356,2025-10-18,P014,Samsung Galaxy Tab S9,Tablet,3,50869.15,0.05,Jubilee Hills,Hyderabad,Telangana,Central Hyderabad,Retail Store,Credit Card,Delivered
ORD100507,CUST10244,10-25-2025,P009,Dell 24 Monitor,Monitor,1,13454.91,0.1,Tarnaka,Hyderabad,Telangana,East Hyderabad,Corporate Sales,Credit Card,Delivered
ORD100436,CUST10353,2025-07-24,P011,Logitech K380 Keyboard  ,Accessories,3,,0.1,Kondapur,Hyderabad,Telangana,West Hyderabad,Online,Net Banking,Shipped
ORD100512,CUST10334,2025-02-27,P008,JBL Tune 770NC,Audio,1,7969.8,0.1,Madhapur,Hyderabad,Telangana,West Hyderabad,Online,Debit Card,Shipped
ORD102815,CUST10456,2025-09-22,P005,OnePlus 13R,Smartphone,3,43397.99,0.1,Kukatpally,Hyderabad,Telangana,North-West Hyderabad,Online,Debit Card,Delivered
ORD102968,CUST10112,2025-01-23,P016,Green Soul Monster Chair,Furniture,1,13857.32,0,HITEC City,hyderabad,Telangana,West Hyderabad,Online,UPI,Delivered
ORD101712,CUST10182,2025-01-01,P006,iPhone 16,Smartphone,2,75431.79,0.1,HITEC City,Hyderabad,Telangana,West Hyderabad,Online,UPI,Delivered
ORD101616,CUST10293,2025-04-29,P018,American Tourister Backpack,Bags,2,4512.87,0.05,Nallagandla,Hyderabad,Telangana,West Hyderabad,Online,Net Banking,Delivered
ORD101783,CUST10303,2025-04-24,P002,HP Pavilion 14,Laptop,5,68877.02,0.1,Secunderabad,Hyderabad,telangana,North Hyderabad,Retail Store,Cash on Delivery,Cancelled
ORD100096,CUST10327,2025-03-17,P010,LG UltraGear 27,Monitor,5,29360.11,0.2,Kompally,Hyderabad,Telangana,North Hyderabad,Retail Store,Credit Card,Delivered
ORD101223,CUST10207,2025-09-17,P005,OnePlus 13R,Smartphone,3,43308.16,0.15,Secunderabad,Hyderabad,Telangana,North Hyderabad,Corporate Sales,UPI,Delivered
ORD102821,CUST10493,2025-04-17,,IKEA Linnmon Desk,Furniture,2,10125.69,0.05,Nallagandla,Hyderabad,TELANGANA,West Hyderabad,Online, Credit Card ,Delivered
ORD101429,CUST10117,31/03/2025,P012,Logitech MX Master 3S,Accessories,2,8459.54,0.1,Manikonda,Hyderabad,Telangana,West Hyderabad,Retail Store,Cash on Delivery,Delivered
ORD101781,CUST10173,07/05/2025,P005,OnePlus 13R,Smartphone,1,40994.87,0.15,Secunderabad,Hyderabad,Telangana,North Hyderabad,Online,UPI,Delivered
ORD101664,CUST10007,2025-12-10,P018,American Tourister Backpack,Bags,4,4416.55,0.05,Attapur,Hyderabad,Telangana,South Hyderabad,Retail Store,Debit Card,Delivered
ORD101325,CUST10475,2025-02-11,P002,HP Pavilion 14,Laptop,5,71556.47,0.1,Kukatpally,Hyderabad,Telangana,North-West Hyderabad,Online,Credit Card,Delivered
ORD101666,CUST10457,2025-09-11,P012,Logitech MX Master 3S,Accessories,4,8716.59,0.05,Mehdipatnam,Hyderabad,Telangana,South Hyderabad  ,Retail Store,Net Banking,Delivered
ORD100604,CUST10488,2025-02-15,P017,ikea linnmon desk,Furniture,3,9854.58,0.05,Uppal,Hyderabad,Telangana,East Hyderabad,Online,Debit Card,Cancelled
ORD102745,CUST10497,2025-01-06,P013,HP Wireless Mouse,Accessories,1,1572.81,0,kondapur,Hyderabad,Telangana,West Hyderabad,Online,UPI,Delivered
ORD102294,CUST10327,2025-11-07,P012,Logitech MX Master 3S,Accessories,1,8180.99,0.05,Nallagandla,Hyderabad,Telangana,West Hyderabad,Retail Store,UPI,Shipped
ORD102986,CUST10168,04/11/2025,P001,Dell Inspiron 15,Laptop,2,64399.34,0.05,LB Nagar,Hyderabad,Telangana,East Hyderabad,Retail Store,UPI,Delivered
ORD100808,CUST10018,2025-08-28,P013,HP Wireless Mouse,Accessories,2,1681.71,0,Uppal,Hyderabad,Telangana,East Hyderabad,Retail Store,UPI,Delivered
ORD102147,CUST10358,,P017,IKEA Linnmon Desk,Furniture,5,9567.93,0.15,HITEC City,Hyderabad,Telangana  ,West Hyderabad,Retail Store,Debit Card,Delivered
ORD101951,CUST10235,2025-02-21,P009,Dell 24 Monitor,Monitor,1,13697.15,0.1,Banjara Hills,Hyderabad,Telangana  ,Central Hyderabad,Online,Debit Card,Delivered
ORD100680,CUST10424,01/06/2025,P005,OnePlus 13R,Smartphone,1,39547.23,0.05,Attapur,Hyderabad,Telangana,South Hyderabad,Retail Store,Debit Card,Delivered
ORD101196,CUST10493,2025-05-25,P004,Samsung Galaxy A55,Smartphone,1,34001.5,0.1,Begumpet,hyderabad,Telangana,Central Hyderabad,Retail Store,Credit Card,Delivered
ORD100356,CUST10084,03/09/2025,P004,Samsung Galaxy A55,Smartphone,5,35421.79,0.1,Manikonda,Hyderabad,Telangana,West Hyderabad,Online,Net Banking,Delivered
ORD102122,CUST10079,2025-11-22,P004,Samsung Galaxy A55,Smartphone,1,34427.62,0.1,Begumpet,Hyderabad,Telangana,Central Hyderabad,Online,Net Banking,Delivered
ORD100394,CUST10137,2025-07-14,P009,Dell 24 Monitor,Monitor,3,15530.28,0.1,Manikonda,Hyderabad,Telangana,West Hyderabad,Retail Store,UPI,Shipped
ORD101995,CUST10362,08-31-2025,P004,Samsung Galaxy A55,Smartphone,5,37262.85,0.1,HITEC City,Hyderabad,Telangana,West Hyderabad,Online,Net Banking,Delivered
ORD100385,CUST10279,2025-06-22,P003,Lenovo IdeaPad Slim 5,Laptop,4,55452.34,,Manikonda,Hyderabad,Telangana,West Hyderabad,Online,Cash on Delivery,Delivered
ORD101536,CUST10413,2025-02-18,P015,Apple iPad Air,Tablet,3,69035.63,0,Secunderabad,Hyderabad,Telangana,North Hyderabad,Online,Credit Card,Delivered
ORD100520,CUST10191,2025-08-16,P011,Logitech K380 Keyboard,Accessories,2,3059.14,0.15,Banjara Hills,Hyderabad,Telangana,Central Hyderabad,Online,Cash on Delivery,Delivered
ORD102639,CUST10009,2025-11-15,P011,Logitech K380 Keyboard,Accessories,1,2992.81,0.15,Secunderabad,Hyderabad, Telangana ,North Hyderabad,Retail Store,Credit Card,Delivered
ORD100197,CUST10332,2025-07-02,P008,JBL Tune 770NC,Audio,4,6913.99,0.2,Begumpet,Hyderabad,Telangana,Central Hyderabad,Retail Store,Debit Card,Shipped
ORD101412,CUST10375,2025-01-11,P014,Samsung Galaxy Tab S9,Tablet,1,55830.88,0.2,Uppal,Hyderabad,Telangana,East Hyderabad,Retail Store,Cash on Delivery,Returned
ORD100283,CUST10165,2025-01-16,P015,Apple iPad Air,Tablet,3,63724.33,0.15,Nallagandla,Hyderabad,Telangana,West Hyderabad,Online,Debit Card,Returned
ORD101331,CUST10309,2025-08-04,P013,HP Wireless Mouse,Accessories,2,1602.21,0.05,Uppal,Hyderabad,Telangana,East Hyderabad,Online,Cash on Delivery,Delivered
ORD102275,CUST10065,2025-08-01,P003,Lenovo IdeaPad Slim 5,Laptop,2,58858.55,0.05,Miyapur,Hyderabad,Telangana,North-West Hyderabad,Corporate Sales,Debit Card,Delivered
ORD101120,CUST10189,2025-07-01,P005,OnePlus 13R,Smartphone,1,39607.54,0.1,Uppal,Hyderabad,Telangana,East Hyderabad,Retail Store,Debit Card,Delivered
ORD101476,CUST10032,2025-10-02,P004,Samsung Galaxy A55,Smartphone,2,37951.87,0.15,Manikonda,Hyderabad,Telangana,West Hyderabad,Retail Store,Credit Card,Returned
ORD101305,CUST10105,2025-10-16,P004,Samsung Galaxy A55,Smartphone,5,34118.32,0.15,,Hyderabad,Telangana,West Hyderabad,Online,Credit Card,Delivered
ORD102382,CUST10328,2025-07-16,P011,Logitech K380 Keyboard,Accessories,1,3326.69,0.05,Kompally,Hyderabad,Telangana,North Hyderabad,Retail Store,UPI,Delivered
ORD100514,CUST10481,2025-02-15,P001,Dell Inspiron 15,Laptop,1,60067.97,0.15,Kondapur,Hyderabad,Telangana,West Hyderabad,Retail Store,UPI,Returned
ORD100723,CUST10085,2025-10-19,P013,HP Wireless Mouse,Accessories,1,,0.05,Ameerpet,Hyderabad,Telangana,Central Hyderabad,Retail Store,UPI,Delivered
ORD101410,CUST10099,2025-02-17,P001,Dell Inspiron 15,Laptop,5,62404.47,0.1,LB Nagar,Hyderabad,Telangana,East Hyderabad,Online,UPI,Delivered
ORD101111,CUST10242,2025-10-13,P002,HP Pavilion 14,Laptop,1,64453.58,0.1,LB Nagar,Hyderabad,Telangana,East Hyderabad,Online,Net Banking,Delivered
ORD102192,CUST10274,2025-12-11,P011,Logitech K380 Keyboard,Accessories,5,3100.68,0.1,LB Nagar,Hyderabad,Telangana,East Hyderabad,online,Cash on Delivery,Delivered
ORD100226,CUST10437,2025-11-12,P002,HP Pavilion 14,Laptop,2,65762.06,0.15,LB Nagar,Hyderabad,Telangana,East Hyderabad,Corporate Sales,UPI,Delivered
ORD102534,,2025-07-26,P011,Logitech K380 Keyboard,Accessories,1,3386.26,0.05,Miyapur,Hyderabad,Telangana,North-West Hyderabad,Retail Store,UPI,Delivered
ORD102616,CUST10017,04-03-2025,P012,Logitech MX Master 3S,Accessories,2,7970.67,0.1,Ameerpet,Hyderabad,Telangana,Central Hyderabad,Online,Credit Card,Delivered
ORD101138,CUST10329,2025-04-16,P001,Dell Inspiron 15,Laptop,5,64337.46,0.2,Gachibowli,Hyderabad,Telangana,West Hyderabad,Online,Cash on Delivery,Delivered
ORD100367,CUST10330,2025-07-09,P002,HP Pavilion 14,Laptop,2,63407.63,0,Mehdipatnam,Hyderabad,Telangana,South Hyderabad,Online,UPI,Delivered
ORD102423,CUST10134,30/10/2025,P004,Samsung Galaxy A55,Smartphone,1,36854.76,0.05,Nallagandla,Hyderabad,Telangana,West Hyderabad,Corporate Sales,UPI,Cancelled
ORD101855,CUST10327,2025-11-15,P011,Logitech K380 Keyboard,Accessories,3,2985.89,0.05,Mehdipatnam,HYDERABAD,Telangana,South Hyderabad,Retail Store,UPI,Delivered
ORD100675,CUST10451,2025-05-16,P016,Green Soul Monster Chair,Furniture,2,13760.63,0,Secunderabad,Hyderabad,Telangana,North Hyderabad,Retail Store,UPI,Delivered
ORD101192,CUST10326,2025-01-17,P007,Sony WH-1000XM5,Audio,5,30429.01,0.05,Kukatpally,Hyderabad,Telangana,North-West Hyderabad,Online,Net Banking,Delivered
ORD102867,CUST10475,2025-09-23,P002,HP Pavilion 14,Laptop,1,66479.57,0.1,HITEC City,Hyderabad,Telangana,West Hyderabad,Corporate Sales,Cash on Delivery,Delivered
ORD102936,CUST10488,2025-05-07,P008,JBL Tune 770NC,Audio,5,8048.48,0.15,Attapur,Hyderabad,Telangana,South Hyderabad,Corporate Sales,Cash on Delivery,Delivered
ORD100594,CUST10041,2025-12-07,P003,Lenovo IdeaPad Slim 5,Laptop,4,63290.21,0.15,Secunderabad,Hyderabad,Telangana  ,North Hyderabad,Online,Debit Card,Delivered
ORD102088,CUST10413,2025-02-11,P008,JBL Tune 770NC,Audio,2,7648.49,0.15,Manikonda,Hyderabad,Telangana,West Hyderabad,Online,Cash on Delivery,Returned
ORD101611,,2025-02-20,P006,iPhone 16,Smartphone,2,78243.43,0.1,Gachibowli,Hyderabad,Telangana,West Hyderabad,Online,UPI,Delivered
ORD102567,CUST10210,2025-12-29,P012,Logitech MX Master 3S,Accessories,1,8600.75,0.2,Kukatpally,Hyderabad,Telangana,North-West Hyderabad,Retail Store,Credit Card,Delivered
ORD102767,CUST10290,2025-07-25,P015,Apple iPad Air,Tablet,3,69947.11,0.2,Secunderabad,Hyderabad,Telangana,North Hyderabad,Online,Credit Card,Delivered
ORD100312,CUST10364,2025-10-20,P008,JBL Tune 770NC,Audio,2,7299.38,0.1,LB Nagar  ,Hyderabad,Telangana,East Hyderabad,Retail Store,Net Banking,Shipped
ORD101149,CUST10413,2025-09-14,P005,OnePlus 13R,Smartphone,2,44387.82,0.1,Mehdipatnam,Hyderabad,Telangana,South Hyderabad,Online,Cash on Delivery,Delivered
ORD101831,CUST10148,2025-10-24,P002,HP Pavilion 14,Laptop,1,64629.57,0.15,Gachibowli,Hyderabad,Telangana,West Hyderabad,Online,UPI,Delivered
ORD101538,CUST10397,2025-10-13,P009,Dell 24 Monitor,Monitor,3,13496.87,0.05,Tarnaka,Hyderabad,Telangana,East Hyderabad,Corporate Sales,Credit Card,Delivered
ORD102703,CUST10274,2025-03-29,P013,HP Wireless Mouse,Accessories,4,1602.7,0.05,Dilsukhnagar,Hyderabad,Telangana,East Hyderabad,Corporate Sales,UPI,Cancelled
ORD102913,CUST10319,2025-01-06,P014,Samsung Galaxy Tab S9,Tablet,-1,55770.7,0.05,Dilsukhnagar,Hyderabad,Telangana,East Hyderabad,Corporate Sales,Cash on Delivery,Delivered
ORD101431,CUST10146,2025-11-07,P003,Lenovo IdeaPad Slim 5,Laptop  ,3,58626.03,0.05,Miyapur,Hyderabad,Telangana,North-West Hyderabad,Online,UPI,Shipped  
ORD102536,CUST10124,19/04/2025,P003,Lenovo IdeaPad Slim 5,Laptop,1,59645.17,0.1,Nallagandla,Hyderabad,Telangana,West Hyderabad,Online,UPI,Shipped
ORD100760,CUST10450,02/12/2025,P007,Sony WH-1000XM5,Audio,2,30647.61,0.1,Madhapur,Hyderabad,Telangana,West Hyderabad,Corporate Sales,Net Banking,Delivered
ORD102210,CUST10416,23/07/2025,P006,iPhone 16,Smartphone,3,72067.68,0.15,Tarnaka,Hyderabad,Telangana,East Hyderabad,Online,Credit Card,Delivered
ORD102015,CUST10131,2025-12-16,P017,IKEA Linnmon Desk,Furniture,4,9781.42,0.1,Kondapur,Hyderabad,Telangana,West Hyderabad,Online,Debit Card,Cancelled
ORD100695,CUST10145,2025-02-16,P008,JBL Tune 770NC,Audio,1,7058.19,0.15,Dilsukhnagar,Hyderabad,Telangana,East Hyderabad,Online,Credit Card,Delivered
ORD101895,CUST10309,2025-09-24,P006,iPhone 16,Smartphone,4,79998.02,0,Begumpet,Hyderabad,Telangana,Central Hyderabad,Online,Net Banking,Delivered
ORD100895,CUST10025,01-09-2025,P001,Dell Inspiron 15,Laptop,4,60214.86,0.5,Manikonda,Hyderabad,Telangana,West Hyderabad,Online,UPI,Delivered
ORD102902,CUST10384,2025-01-30,P018,American Tourister Backpack,Bags,1,4154.78,0.1,Secunderabad,Hyderabad,Telangana,North Hyderabad,Corporate Sales,Credit Card,Shipped
ORD101118,CUST10329,2025-05-02,P018,American Tourister Backpack,Bags,2,4361.63,0.1,Gachibowli,Hyderabad,Telangana,East Hyderabad,Retail Store,Debit Card,SHIPPED
ORD100676,CUST10296,2025-05-20,P011,Logitech K380 Keyboard,Accessories,1,3205.35,0.05,Dilsukhnagar,Hyderabad,Telangana,East Hyderabad,Online,Credit Card,Delivered
ORD100688,CUST10154,2025-01-02,P010,IKEA Linnmon Desk,Furniture,2,9107.81,0.2,Tarnaka,Hyderabad,Telangana,East Hyderabad,Corporate Sales,Cash on Delivery,Delivered
ORD100609,CUST10491,18/07/2025,P001,Dell Inspiron 15,Laptop,2,66122.89,0.1,Begumpet,Hyderabad,Telangana,Central Hyderabad,Corporate Sales,Credit Card,Shipped
ORD101630,CUST10391,2025-07-01,P012,Logitech MX Master 3S,Accessories,1,7912.38,0.05,Mehdipatnam,Hyderabad  ,Telangana,South Hyderabad,Online,UPI,Delivered
ORD100285,CUST10274,2025-02-06,P017,IKEA Linnmon Desk,Furniture,2,8788.17,0.05,Attapur,Hyderabad,Telangana,South Hyderabad,Retail Store,UPI,Delivered
ORD100616,CUST10476,26/05/2025,P005,OnePlus 13R,Smartphone,,39849.53,0.1,Uppal,Hyderabad,Telangana,East Hyderabad,Online,Credit Card,delivered
ORD100063,CUST10017,2025-03-23,P010,LG UltraGear 27,Monitor,1,29802.42,0.2,Kondapur,Hyderabad,Telangana,West Hyderabad,Corporate Sales,UPI,Delivered
ORD100513,CUST10456,05/07/2025,P002,HP Pavilion 14,Laptop,1,69221.26,0.05,Banjara Hills,Hyderabad,Telangana,Central Hyderabad,Online,Debit Card,Delivered
ORD100286,CUST10216,03/04/2025,P008,JBL Tune 770NC,Audio,2,8058.53,0.05,Kukatpally,Hyderabad,Telangana,North-West Hyderabad,Retail Store,Debit Card,Delivered
ORD102199,CUST10086,2025-03-23,P012,Logitech MX Master 3S,Accessories,1,8386.38,0.15,Uppal,Hyderabad,Telangana,East Hyderabad,Online,UPI,Cancelled
ORD101850,CUST10298,2025-10-04,P005,OnePlus 13R,Smartphone,5,40401.86,0.05,Begumpet,Hyderabad,Telangana,Central Hyderabad,Retail Store,Net Banking,Delivered
ORD100729,CUST10348,2025-02-08,P001, Dell Inspiron 15 ,Laptop,3,58467.75,0.15,LB Nagar,Hyderabad,Telangana,East Hyderabad,Online,Net Banking,Delivered
ORD100088,CUST10109,2025-07-03,P002,HP Pavilion 14,Laptop,1,73384.17,0.1,Mehdipatnam,Hyderabad,Telangana,South Hyderabad,Online,Credit Card,Delivered
ORD100626,CUST10499,2025-10-02,P009,Dell 24 Monitor,Monitor,2,14149.43,0.1,Uppal,Hyderabad,Telangana,East Hyderabad,Corporate Sales,Net Banking,Delivered
ORD101829,CUST10048,23/06/2025,P001,Dell Inspiron 15,Laptop,2,58705.97,,Secunderabad,Hyderabad,Telangana,North Hyderabad,Corporate Sales,Debit Card,Cancelled
ORD102427,CUST10236,2025-09-14,P010,LG UltraGear 27,Monitor,2,27717.71,0.15,Manikonda,Hyderabad,Telangana,West Hyderabad,Retail Store,UPI,Cancelled
ORD100144,CUST10076,2025-07-31,P013,HP Wireless Mouse,Accessories,1,1588.64,0.1,LB Nagar,Hyderabad  ,Telangana,East Hyderabad,Corporate Sales,Credit Card,Cancelled
ORD101447,CUST10460,2025-03-24,P013,HP Wireless Mouse,Accessories,4,,0.05,Secunderabad,Hyderabad,Telangana,North Hyderabad,Online,UPI,Delivered
ORD100328,CUST10380,2025-06-18,P007,Sony WH-1000XM5,Audio,4,29420.49,0.1,Begumpet,Hyderabad,Telangana,Central Hyderabad,Online,Net Banking,Cancelled
ORD102859,CUST10138,2025-11-26,P009,Dell 24 Monitor,Monitor,4,14019.81,0.1,Secunderabad,Hyderabad,Telangana,North Hyderabad,Online,Credit Card,Delivered
ORD101765,CUST10490,2025-12-01,P010,LG UltraGear 27,Monitor,4,29348.67,,Miyapur,Hyderabad,Telangana,North-West Hyderabad,Online,Net Banking,Cancelled
ORD101890,CUST10362,2025-03-05,P007,Sony WH-1000XM5,Audio,4,27765.04,0,Tarnaka,Hyderabad,Telangana,East Hyderabad,Retail Store,Debit Card,Delivered
ORD101460,CUST10127,2025-12-03,P007, Sony WH-1000XM5 ,Audio,1,30047.83,0,HITEC City,Hyderabad,Telangana,West Hyderabad,Retail Store,UPI,Cancelled
ORD100302,CUST10365,2025-06-22,P014,Samsung Galaxy Tab S9,Tablet,1,54396.53,0.2,HITEC City,Hyderabad,Telangana,West Hyderabad,Retail Store,UPI,Delivered
ORD102928,CUST10339,2025-03-28,P008,JBL Tune 770NC,Audio,5,7132.3,0.1,Ameerpet,Hyderabad,Telangana,Central Hyderabad,Online,Debit Card,Delivered
ORD101307,CUST10217,23/06/2025,P015,Apple iPad Air,Tablet,1,69373.34,0.15,Kondapur,Hyderabad,Telangana,West Hyderabad,Online,Credit Card,Delivered
ORD102678,CUST10428,11-08-2025,P003,Lenovo IdeaPad Slim 5,Laptop,5,63308.59,0.15,Madhapur,Hyderabad,Telangana,West Hyderabad,Retail Store,Net Banking,Delivered
ORD100906,CUST10015,11-30-2025,P009,Dell 24 Monitor,Monitor,1,13878.66,0,Manikonda,Hyderabad,Telangana,West Hyderabad,Retail Store,Credit Card,Delivered
ORD102073,CUST10492,2025-06-23,P008,JBL Tune 770NC,audio,2,6961.9,0.05,Kompally,Hyderabad,Telangana,North Hyderabad,Online,Net Banking,Delivered
ORD102280,CUST10189,09-29-2025,P004,Samsung Galaxy A55,Smartphone,1,33172.21,0.05,Secunderabad,Hyderabad,Telangana,North Hyderabad,Online,Cash on Delivery,Delivered
ORD102728,CUST10229,2025-01-24,P010,LG UltraGear 27,Monitor,1,26745.43,0,Kompally,Hyderabad,Telangana,North Hyderabad  ,Online  ,Credit Card,Delivered
ORD100692,CUST10203,2025-04-23,P012,Logitech MX Master 3S,Accessories,2,8223.48,0,Uppal,Hyderabad,Telangana,East Hyderabad,Corporate Sales,UPI,Delivered
ORD100982,CUST10239,2025-12-01,P012,Logitech MX Master 3S  ,Accessories,5,9116.18,0.05,LB Nagar,Hyderabad,Telangana,East Hyderabad,Online,UPI,Delivered
ORD102714,CUST10117,2025-06-10,P008,JBL Tune 770NC,Audio,2,7815.1,0.05,Uppal,Hyderabad,Telangana,East Hyderabad,Online,UPI,Delivered
ORD101182,CUST10274,2025-05-30,P008,JBL Tune 770NC,Audio,3,7689.06,0.05,Ameerpet,Hyderabad,Telangana,Central Hyderabad,Online, UPI ,Shipped
ORD100865,CUST10006,2025-10-15,P009,Dell 24 Monitor,Monitor,2,13354.8,0.15,Kukatpally,Hyderabad,Telangana,North-West Hyderabad,Corporate Sales,Debit Card,Delivered
ORD100379,CUST10249,2025-08-15,P010,LG UltraGear 27,Monitor,3,27678.84,0.15,Ameerpet,Hyderabad,Telangana,West Hyderabad,Retail Store,Credit Card,Delivered
ORD102219,CUST10036,2025-12-15,P011,Logitech K380 Keyboard,Accessories,1,3171.62,0.05,Uppal,Hyderabad,Telangana,East Hyderabad,Online,UPI,Delivered
ORD102064,CUST10210,2025-05-11,P012,Logitech MX Master 3S,Accessories,5,7823.35,0.1,Attapur,Hyderabad,Telangana,South Hyderabad,Online,Cash on Delivery,Returned
ORD101602,CUST10114,2025-02-13,P013,HP Wireless Mouse,Accessories,1,1635.42,0.15,Kompally,Hyderabad,Telangana,North Hyderabad,Online,Cash on Delivery,Delivered
ORD101889,CUST10219,2025-02-22,P017,IKEA Linnmon Desk,Furniture,2,9308.24,0.15,Gachibowli,Hyderabad,telangana,West Hyderabad,Online,,Cancelled
ORD101603,CUST10322,2025-10-28,P011,Logitech K380 Keyboard,Accessories,0,3447.15,0.05,Miyapur,Hyderabad,Telangana,North-West Hyderabad,Retail Store,Credit Card,Returned
ORD100980,CUST10008,07-13-2025,P004,SAMSUNG GALAXY A55,Smartphone,3,33129.01,0.05,Kompally,Hyderabad,Telangana,North Hyderabad,Online,Debit Card,Delivered
ORD100082,CUST10046,2025-12-25,P002,HP Pavilion 14,Laptop,5,70074.43,0.05,HITEC City,Hyderabad,Telangana,West Hyderabad,Online,Debit Card,delivered
ORD102486,CUST10071,2025-06-14,P008,JBL Tune 770NC,Audio,1,7873.62,0.15,Uppal,Hyderabad,Telangana,East Hyderabad,Online,Debit Card,Delivered
ORD102539,CUST10168,2025-08-02,P016,Green Soul Monster Chair,Furniture,2,12854.19,0.1,Kompally,Hyderabad,Telangana,North Hyderabad,CORPORATE SALES,Debit Card, Returned 
ORD102682,CUST10260,27/04/2025,P001,Dell Inspiron 15,Laptop,1,62226.64,0,Secunderabad,Hyderabad,Telangana,North Hyderabad,Retail Store,UPI,Delivered
ORD100372,CUST10483,2025-05-26,P003,Lenovo IdeaPad Slim 5,Laptop,2,62627.89,0.15,Gachibowli,Hyderabad,Telangana,West Hyderabad,Online,Credit Card,delivered
ORD102387,CUST10434,2025-09-12,P015,Apple iPad Air,Tablet,2,68529.98,0.1,LB Nagar,Hyderabad,Telangana,East Hyderabad,Online,Credit Card,Delivered
ORD100732,CUST10226,2025-10-25,P008,JBL Tune 770NC,Audio,3,7373.74,0,,Hyderabad,Telangana,West Hyderabad,Online,Cash on Delivery,Delivered
ORD100277,CUST10015,2025-03-22,P007,Sony WH-1000XM5,Audio,2,30034.6,0.15,Gachibowli,Hyderabad,Telangana,West Hyderabad,Retail Store,Credit Card,Shipped
ORD100310,CUST10303,2025-05-27,P006,iPhone 16,Smartphone,1,79200.63,0.05,Dilsukhnagar,Hyderabad,Telangana,East Hyderabad,Online,Credit Card,Delivered
ORD102273,CUST10071,2025-01-05,P002,HP Pavilion 14,Laptop,2,-1000,0.1,Kondapur,Hyderabad,Telangana,West Hyderabad,Retail Store,Debit Card,Delivered
ORD100873,CUST10257,2025-03-13,P003,Lenovo IdeaPad Slim 5,Laptop,5,56741.64,0.1,Banjara Hills,Hyderabad,Telangana,Central Hyderabad,Retail Store,Credit Card,Delivered
ORD100784,CUST10080,2025-10-07,P002,HP Pavilion 14,Laptop,2,71049.11,0.05,nallagandla,Hyderabad,Telangana,West Hyderabad,Online,Credit Card,Returned
ORD102329,CUST10490,2025-02-12,P004,Samsung Galaxy A55,Smartphone,1,37505.25,0.1,Tarnaka,Hyderabad,Telangana,East Hyderabad,Online,UPI,Shipped
ORD102480,CUST10117,2025-02-12,P013,HP Wireless Mouse,Accessories,3,1624.05,0.2,Madhapur,Hyderabad,Telangana,West Hyderabad,Online,Debit Card,Delivered
ORD100573,CUST10329,2025-10-03,P014,Samsung Galaxy Tab S9,Tablet,2,52743.72,0.05,Begumpet,Hyderabad,Telangana,Central Hyderabad,Online,UPI,Delivered
ORD100529,CUST10315,2025-12-28,P009,Dell 24 Monitor,Monitor,5,15263.03,0.05,Kukatpally,Hyderabad,Telangana,north-west hyderabad,Corporate Sales,UPI,Delivered
ORD102771,CUST10166,2025-12-20,P004,Samsung Galaxy A55,Smartphone,2,36590.85,0.15,Ameerpet,Hyderabad,Telangana,Central Hyderabad,Retail Store,UPI,Shipped
ORD102309,CUST10375,2025-02-23,P012,Logitech MX Master 3S,Accessories,4,8226.74,,Jubilee Hills,Hyderabad,Telangana,Central Hyderabad,Retail Store,UPI,DELIVERED
ORD101386,CUST10202,12-10-2025,P017,IKEA Linnmon Desk,Furniture,2,9413.52,0.15,LB Nagar,Hyderabad,Telangana,East Hyderabad,Retail Store,Cash on Delivery,Returned
ORD101272,CUST10309,11-05-2025,P013,HP Wireless Mouse,Accessories,5,1723.39,0.1,Madhapur,Hyderabad,Telangana,West Hyderabad,Retail Store,Cash on Delivery,Delivered
ORD102217,CUST10070,2025-10-04,P003,Lenovo IdeaPad Slim 5,Laptop,2,-1000,0.1,Uppal,Hyderabad,Telangana,East Hyderabad,Online,Net Banking,Returned
ORD102906,CUST10467,2025-03-22,P002,HP Pavilion 14,Laptop,3,67451.29,0.05,Banjara Hills,Hyderabad,Telangana,Central Hyderabad,Retail Store,Net Banking,Delivered
ORD101432,CUST10403,2025-05-16,P013,HP Wireless Mouse,Accessories,3,1625.19,0.05,Jubilee Hills,Hyderabad,Telangana,Central Hyderabad,Retail Store,Credit Card,Delivered
ORD102894,CUST10105,2025-08-25,P003,Lenovo IdeaPad Slim 5  ,Laptop,2,60700.14,0.1,Mehdipatnam,Hyderabad,Telangana,South Hyderabad,Online,Credit Card,Delivered
ORD100495,CUST10339,2025-07-08,P005,OnePlus 13R,Smartphone,4,43552.35,0.1,Begumpet,Hyderabad,Telangana,Central Hyderabad,Retail Store,UPI,Delivered
ORD102844,CUST10452,18/08/2025,P003,Lenovo IdeaPad Slim 5,Laptop,5,62947.98,0,Miyapur,Hyderabad,Telangana,North-West Hyderabad,Retail Store,Cash on Delivery,Delivered
ORD102819,CUST10386,2025-09-14,P011,Logitech K380 Keyboard,Accessories,1,3384.06,0.15,HITEC City,Hyderabad,Telangana  ,West Hyderabad,Online,Credit Card,Delivered
ORD102763,CUST10004,2025-08-25,P014,Samsung Galaxy Tab S9,Tablet,2,53200.86,0.1,Nallagandla,Hyderabad,Telangana,West Hyderabad,Retail Store,Net Banking,Delivered
ORD102175,CUST10497,2025-08-30,P002,HP Pavilion 14,Laptop,1,72798.68,0.1,Attapur,Hyderabad,Telangana,South Hyderabad,Online,Credit Card,Delivered
ORD100281,CUST10035,2025-04-11,P013,HP Wireless Mouse,Accessories,5,1716.47,0,Jubilee Hills,Hyderabad,Telangana,Central Hyderabad,Online,Net Banking,Delivered
ORD101297,CUST10195,2025-09-04,P007,Sony WH-1000XM5,Audio  ,2,28075.14,0.1,Jubilee Hills,Hyderabad,Telangana,Central Hyderabad,Online,,Delivered
ORD102743,CUST10210,2025-02-22,P012,Logitech MX Master 3S,Accessories,4,7864.96,0.05,HITEC City,Hyderabad,Telangana,West Hyderabad,Online,Credit Card,Delivered
ORD100136,CUST10094,2025-01-03,P004,Samsung Galaxy A55,Smartphone,4,36752.85,0.15,Kompally,Hyderabad,Telangana,North Hyderabad,Online,UPI,Delivered
ORD100479,CUST10223,2025-02-26,P009,Dell 24 Monitor,MONITOR,1,15245.51,0,Jubilee Hills,Hyderabad,Telangana,Central Hyderabad,Online,UPI,Delivered
ORD100767,CUST10187,,P012,Logitech MX Master 3S,Accessories,3,9000.05,0.05,Attapur,Hyderabad,Telangana,South Hyderabad,Online,Credit Card,Delivered
ORD101203,CUST10146,2025-08-31,P002,HP Pavilion 14,Laptop,1,64687.34,0.05,Kondapur,Hyderabad,Telangana,West Hyderabad,Online,Credit Card,Delivered
ORD102206,CUST10071,2025-09-01,P018,American Tourister Backpack,Bags,1,4514.22,0.05,Banjara Hills,Hyderabad,Telangana,Central Hyderabad,Retail Store,Net Banking,Cancelled
ORD101906,CUST10474,2025-02-28,P004,Samsung Galaxy A55,Smartphone,1,38560.22,0.05,Manikonda,Hyderabad,Telangana,West Hyderabad,Online,UPI,Delivered
ORD100245,CUST10187,2025-01-19,P008,JBL Tune 770NC,Audio,2,7060.86,0.1, Jubilee Hills ,Hyderabad,Telangana,Central Hyderabad,Corporate Sales,Cash on Delivery,Delivered
ORD100578,CUST10431,2025-12-12,P001,Dell Inspiron 15,Laptop,1,59717.24,0.05,Tarnaka,Hyderabad,Telangana,East Hyderabad,Retail Store,Cash on Delivery,Delivered
ORD102292,CUST10353,2025-08-03,P012,Logitech MX Master 3S,Accessories,2,8406.5,0.05,Banjara Hills,Hyderabad,Telangana,Central Hyderabad,Retail Store,Credit Card, Cancelled 
ORD102653,CUST10003,2025-10-08,P017,IKEA Linnmon Desk,Furniture,-5,9526.38,0.05,LB Nagar,Hyderabad,Telangana,East Hyderabad,Online,,Delivered
ORD101529,CUST10078,2025-11-23,P011,Logitech K380 Keyboard,Accessories,3,3120.83,0.2,Manikonda,Hyderabad,Telangana,West Hyderabad,Corporate Sales,UPI,Cancelled
ORD102108,CUST10037,2025-01-21,P006,iPhone 16,Smartphone,5,75433.97,0.05,Manikonda,Hyderabad,Telangana,West Hyderabad,Online,Net Banking,Delivered
ORD102586,CUST10130,2024-11-20,P005,OnePlus 13R,Smartphone,1,42976.79,0.15,Tarnaka,Hyderabad,Telangana,East Hyderabad,Retail Store,Credit Card,Delivered
ORD100821,CUST10496,2025-09-01,P007,Sony WH-1000XM5,Audio,2,27083.74,0.15,Kompally,Hyderabad,Telangana,North Hyderabad,Corporate Sales,UPI,Cancelled
ORD101045,CUST10172,2025-12-13,P009,Dell 24 Monitor,Monitor,5,14040.12,0.2,Ameerpet,Hyderabad,Telangana,Central Hyderabad,Online,Net Banking,Delivered
ORD100161,CUST10010,05-16-2025,P004,Samsung Galaxy A55,Smartphone,3,35681.34,0.05,LB Nagar,Hyderabad,Telangana,East Hyderabad,Online,UPI,Delivered
ORD100029,CUST10308,2025-07-30,P004,Samsung Galaxy A55,Smartphone,4,38582.99,0,Kukatpally,Hyderabad,Telangana,North-West Hyderabad,Online,UPI,Delivered
ORD101361,CUST10249,2025-10-27,P014,Samsung Galaxy Tab S9,Tablet,5,54133.79,0.1,Secunderabad,Hyderabad,Telangana,North Hyderabad,Online,Net Banking,Cancelled
ORD101202,CUST10130,2025-09-16,P012,Logitech MX Master 3S,Accessories,5,8020.49,0.15,Tarnaka,Hyderabad,Telangana,East Hyderabad,Online,UPI,Delivered
ORD102470,CUST10117,2025-10-01,P014,Samsung Galaxy Tab S9,Tablet,3,48518.6,0.05,LB Nagar,Hyderabad,Telangana,East Hyderabad,Retail Store,UPI,Cancelled
ORD102651,CUST10116,2025-04-11,P003,Lenovo IdeaPad Slim 5,Laptop,2,56549.44,0.2,Uppal,Hyderabad,Telangana,East Hyderabad,Online,Debit Card,Shipped
ORD100039,CUST10254,2025-11-08,P015,Apple iPad Air,Tablet,5,70049.24,0.2,Begumpet,Hyderabad,Telangana,Central Hyderabad,Online,UPI,Shipped
ORD101190,CUST10220,2025-01-31,P001,Dell Inspiron 15,Laptop,4,62874.66,0.1,LB Nagar,Hyderabad,Telangana,East Hyderabad,Online,Cash on Delivery,Delivered
ORD100985,CUST10173,2025-06-03,P005,OnePlus 13R,Smartphone,1,42779.13,0,Nallagandla,Hyderabad,Telangana,West Hyderabad,Online,Credit Card,Delivered
ORD102999,CUST10234,2025-11-23,P006,iPhone 16,Smartphone,1,72240.95,0.2,Ameerpet,Hyderabad,Telangana,Central Hyderabad,Retail Store,Credit Card,Delivered
ORD102910,CUST10485,2025-05-01,P011,Logitech K380 Keyboard,Accessories,2,3010.36,0.05,LB Nagar,Hyderabad,Telangana,East Hyderabad,Online,Net Banking,Shipped
ORD101276,CUST10137,2025-11-11,P015,Apple iPad Air,Tablet,2,69238.71,0.15,LB NAGAR,Hyderabad,Telangana,East Hyderabad,Retail Store,Debit Card,Returned
ORD100715,CUST10406,2025-05-23,P002,HP Pavilion 14,Laptop,1,65817.8,0.05,Madhapur,Hyderabad,Telangana,West Hyderabad,Online,UPI,Delivered
ORD100793,CUST10412,2025-03-26,P018,American Tourister Backpack,Bags,1,4188.3,0.2,Kondapur,Hyderabad,Telangana,West Hyderabad,Online,UPI,Returned
ORD102760,CUST10388,2025-01-24,P004,Samsung Galaxy A55,Smartphone,1,34171.7,0.05,Mehdipatnam,Hyderabad,Telangana,South Hyderabad,Online,Debit Card,Delivered
ORD102465,CUST10487,2025-03-27,P007,Sony WH-1000XM5,Audio,2,30413.63,0.2,Secunderabad  ,Hyderabad,Telangana,North Hyderabad,Online,Debit Card,Delivered
ORD100268,CUST10313,2025-09-02,P005,OnePlus 13R,Smartphone,3,39737.86,0.1,Mehdipatnam,Hyderabad,Telangana,South Hyderabad,Online,Debit Card,Delivered
ORD100815,CUST10257,2025-05-16,P011,Logitech K380 Keyboard,Accessories,1,3171.99,0.1,Banjara Hills,HYDERABAD,Telangana,Central Hyderabad,Online,Cash on Delivery,Cancelled
ORD100151,CUST10288,2025-08-11,P015,Apple iPad Air,Tablet,1,59970.58,0.1,Kompally,Hyderabad,Telangana,North Hyderabad,Online,Credit Card,Delivered
ORD102037,CUST10026,2025-01-20,P018,American Tourister Backpack,Bags,4,4032.82,0.15,Tarnaka,Hyderabad,Telangana,East Hyderabad,Retail Store,UPI,Delivered
ORD100349,CUST10075,,P009,Dell 24 Monitor,Monitor,1,13365.24,0.15,Ameerpet,Hyderabad,Telangana,Central Hyderabad,Retail Store,UPI,Delivered
ORD100939,CUST10355,2025-07-02,P010,LG ULTRAGEAR 27,Monitor,1,26464.41,0.2,Gachibowli,Hyderabad,Telangana,West Hyderabad,Online,UPI,Cancelled
ORD101416,CUST10342,2025-12-23,P011,Logitech K380 Keyboard,Accessories,1,3067.63,0.05,LB Nagar,Hyderabad,Telangana,East Hyderabad,Online,Net Banking,Delivered
ORD100017,CUST10008,2025-10-15,P008,JBL Tune 770NC,Audio,1,6927.15,0.1,Gachibowli,Hyderabad,Telangana,West Hyderabad,Corporate Sales,Cash on Delivery,Returned
ORD102223,CUST10312,03-22-2025,P010,LG UltraGear 27,Monitor,3,29522.66,0.05, Jubilee Hills ,Hyderabad,Telangana,Central Hyderabad,Retail Store,UPI,Delivered
ORD100163,CUST10292,10/09/2025,P001,Dell Inspiron 15,Laptop,3,63838.11,0.1,Nallagandla,Hyderabad,Telangana,West Hyderabad,Corporate Sales  ,UPI,Delivered
ORD101918,CUST10243,2025-03-17,P001,Dell Inspiron 15,Laptop,2,65000.06,0.15,Miyapur,Hyderabad,Telangana,North-West Hyderabad,Retail Store,UPI,Delivered
ORD102645,CUST10457,2025-11-12,P004,Samsung Galaxy A55,Smartphone,2,38235.92,0.15,Kompally,Hyderabad,Telangana,North Hyderabad,Retail Store,Net Banking,Shipped
ORD101494,CUST10018,2025-05-23,P013,HP Wireless Mouse,Accessories,1,1635.21,0.05,Tarnaka,Hyderabad,Telangana,East Hyderabad,Online,Credit Card,Delivered
ORD102506,CUST10380,2025-07-12,P001,Dell Inspiron 15,Laptop,2,58212.79,0.1,Gachibowli,Hyderabad,Telangana,West Hyderabad,Retail Store,Cash on Delivery,Delivered
ORD100392,CUST10394,2025-10-26,P013,HP Wireless Mouse,Accessories,2,1720.48,0.15,Mehdipatnam,Hyderabad,Telangana,South Hyderabad,Corporate Sales,Cash on Delivery,Shipped
ORD100131,CUST10088,07/09/2025,P017,IKEA Linnmon Desk,Furniture,1,9097.55,0.1,Mehdipatnam,Hyderabad,Telangana,South Hyderabad,Retail Store,Credit Card,Shipped
ORD100998,CUST10071,2024-11-20,P008,JBL Tune 770NC,Audio,2,7944.11,0.1,Nallagandla,Hyderabad,Telangana,WEST HYDERABAD,Online,Net Banking,Shipped
ORD100250,CUST10362,16/09/2025,P017,IKEA Linnmon Desk,Furniture,4,9211.11,0.1,LB Nagar,Hyderabad,Telangana, East Hyderabad ,Online,Debit Card,Delivered
ORD102588,CUST10123,2025-09-20,P012,Logitech MX Master 3S,Accessories,2,8904.89,0.05,Kukatpally,Hyderabad,Telangana,North-West Hyderabad,Online,UPI,Returned
ORD101561,CUST10165,2025-02-13,P013,HP Wireless Mouse,Accessories,2,1715.72,0.15,KOMPALLY,Hyderabad,Telangana,North Hyderabad,Online,Cash on Delivery  ,Delivered  
ORD101237,CUST10095,2025-11-29,P006,iPhone 16,Smartphone,1,75257.91,0.15,Tarnaka,Hyderabad,Telangana,East Hyderabad,Corporate Sales,Debit Card,Delivered
ORD101034,CUST10150,2025-08-17,P011,Logitech K380 Keyboard,Accessories,1,3378.89,0.15,HITEC City,Hyderabad,Telangana,West Hyderabad,Retail Store,Net Banking,Delivered
ORD102129,CUST10236,2025-01-12,P004,Samsung Galaxy A55,Smartphone,5,34772.57,0.1,Gachibowli,Hyderabad,TELANGANA,West Hyderabad,Retail Store,Net Banking,Delivered
ORD101376,CUST10383,2025-12-31,P007,Sony WH-1000XM5,Audio,3,-500,0.05,Kondapur,Hyderabad,Telangana,West Hyderabad,Online,Credit Card,Cancelled
ORD102493,CUST10095,2025-01-13,P002,HP Pavilion 14,Laptop,5,63218.18,0.1,HITEC City,Hyderabad,Telangana,West Hyderabad,Online,Cash on Delivery,Delivered
ORD102494,CUST10228,2025-12-24,P005,OnePlus 13R,Smartphone,4,39837.84,0.1,Begumpet,Hyderabad,Telangana,Central Hyderabad,Online,Debit Card,Delivered
ORD101059,CUST10097,06-15-2025,P003,Lenovo IdeaPad Slim 5,Laptop,5,55610.26,0.1,Gachibowli,Hyderabad,Telangana, West Hyderabad ,Online,UPI,Delivered
ORD101471,CUST10439,2025-11-13,P009,Dell 24 Monitor,Monitor,5,13447.2,,Gachibowli,Hyderabad,Telangana,West Hyderabad,Online,UPI,Delivered
ORD101258,CUST10365,2025-03-19,P018,American Tourister Backpack,Bags,3,4417.47,0.05,Tarnaka,Hyderabad,Telangana,East Hyderabad,Corporate Sales,Cash on Delivery,Returned
ORD101392,CUST10077,05-08-2025,P006,iPhone 16,Smartphone,1,84203.45,0.05,Attapur,Hyderabad,Telangana,South Hyderabad,Retail Store,UPI,Delivered
ORD102193,CUST10121,2025-05-17,P011,Logitech K380 Keyboard  ,Accessories,2,3322.8,0,Secunderabad,Hyderabad,Telangana,North Hyderabad,Online,UPI,Delivered
ORD101576,CUST10078,2025-09-11,P014,Samsung Galaxy Tab S9,Tablet,1,55845.46,0.1,Kukatpally,Hyderabad,Telangana,North-West Hyderabad,Retail Store,UPI,Delivered
ORD100172,CUST10075,2025-10-19,P012,Logitech MX Master 3S,Accessories,4,8927.15,0.1,HITEC City,Hyderabad,Telangana,West Hyderabad,Corporate Sales,Credit Card,Delivered
ORD102602,CUST10427,2025-06-26,P008,JBL Tune 770NC,Audio,2,8023.64,0,Secunderabad,Hyderabad,Telangana,North Hyderabad,Online,Credit Card,Returned
ORD100995,CUST10413,2025-05-28,P006,iPhone 16,Smartphone,2,81368.05,0.1,Kondapur,Hyderabad,Telangana,West Hyderabad,Online,UPI,Delivered
ORD100083,CUST10092,2025-11-02,P018,American Tourister Backpack,Bags,1,4116.31,0.1,HITEC City,Hyderabad,Telangana,West Hyderabad,Retail Store,Credit Card,Delivered
ORD100548,CUST10341,01/03/2025,P005,OnePlus 13R,Smartphone,1,39051.09,0.15,Mehdipatnam,Hyderabad,Telangana,South Hyderabad,Online,Debit Card,Shipped
ORD101579,CUST10310,2025-11-04,P004,Samsung Galaxy A55,Smartphone,1,35368.3,0.05,Nallagandla,Hyderabad,Telangana,West Hyderabad,Retail Store,UPI,Shipped
ORD101720,CUST10269,2025-09-02,P009,Dell 24 Monitor,Monitor,1,15158.4,0.15,LB Nagar,Hyderabad,Telangana,East Hyderabad,Corporate Sales,Cash on Delivery,Delivered
ORD101610,CUST10307,2025-03-01,P003,Lenovo IdeaPad Slim 5, Laptop ,3,60174.75,0.1,Attapur,Hyderabad,Telangana  ,South Hyderabad,Online,Credit Card,Delivered
ORD100936,CUST10227,2025-05-12,P003,Lenovo IdeaPad Slim 5,Laptop,4,54783.34,0.15,Begumpet,Hyderabad,Telangana,Central Hyderabad,Online,UPI,Delivered
ORD102817,CUST10239,29/04/2025,P005,OnePlus 13R,Smartphone,1,44723.96,0.05,HITEC City,Hyderabad,Telangana,West Hyderabad,Online,UPI,Delivered
ORD100044,CUST10211,2025-11-29,P007,Sony WH-1000XM5,Audio,2,27949.63,0.05,Madhapur,Hyderabad,Telangana,West Hyderabad,Retail Store,UPI,Delivered
ORD101310,CUST10211,2025-08-21,P018,American Tourister Backpack,Bags,5,4185.23,,Secunderabad,Hyderabad,Telangana,North Hyderabad,Corporate Sales,UPI,Shipped
ORD102366,CUST10208,2025-09-13,P012,Logitech MX Master 3S,Accessories,1,8528.53,0.1,Jubilee Hills,Hyderabad,Telangana,Central Hyderabad,Corporate Sales,UPI,Delivered
ORD101265,CUST10178,2025-06-14,P009,Dell 24 Monitor,Monitor,3,15264.39,0.15,Mehdipatnam,Hyderabad,Telangana,South Hyderabad,Online,Cash on Delivery,Cancelled
ORD102332,CUST10348,2025-12-22,P005,OnePlus 13R,Smartphone,4,41684.45,0.05,Uppal,Hyderabad,Telangana,East Hyderabad,Online,Debit Card,delivered
ORD101554,CUST10414,2025-08-01,P009,Dell 24 Monitor,Monitor,1,14829.24,0.2,Banjara Hills,Hyderabad,Telangana,Central Hyderabad,Retail Store,Net Banking,Delivered
ORD101033,CUST10222,18/04/2025,P015,Apple iPad Air,Tablet,1,63226.83,0.2,Secunderabad,Hyderabad,Telangana,North Hyderabad,Online,UPI,Delivered
ORD101790,CUST10133,2025-08-23,P014,samsung galaxy tab s9,Tablet,1,53697.55,0.1,Banjara Hills,Hyderabad,Telangana,Central Hyderabad,Retail Store,Net Banking,Delivered
ORD102890,CUST10136,2025-07-25,P014,Samsung Galaxy Tab S9,Tablet,1,49976.85,0,Jubilee Hills,Hyderabad,Telangana,Central Hyderabad,Retail Store,Net Banking,Delivered
ORD102094,CUST10207,2025-02-20,P018,American Tourister Backpack,Bags,4,4275.31,0.1,Mehdipatnam,Hyderabad,Telangana,South Hyderabad,Online,Debit Card,Shipped
ORD101745,CUST10243,05-16-2025,P017,IKEA Linnmon Desk,Furniture,2,9689.39,0.1,Gachibowli,Hyderabad,Telangana,West Hyderabad,Retail Store,UPI,Cancelled
ORD102327,CUST10127,2025-10-20,P003,Lenovo IdeaPad Slim 5,Laptop,2,54330.63,0.1,Banjara Hills,HYDERABAD,Telangana,Central Hyderabad,Online,UPI,Delivered
ORD100117,CUST10435,2025-06-10,P015,Apple iPad Air,Tablet,4,64087.27,0,Mehdipatnam,Hyderabad,Telangana,South Hyderabad,Online,UPI,Delivered
ORD101502,CUST10294,2025-01-07,P011,Logitech K380 Keyboard,Accessories,3,3198.33,0.15,Kompally,Hyderabad,Telangana,North Hyderabad,Retail Store,UPI,Cancelled
ORD102810,CUST10281,2025-10-07,P010,LG UltraGear 27,Monitor,2,27900.98,0.15,Madhapur,Hyderabad,Telangana,West Hyderabad,Online,Credit Card,Shipped
ORD100112,CUST10064,05-28-2025,P016,Green Soul Monster Chair,Furniture,1,12811.73,0,Nallagandla,Hyderabad,Telangana,West Hyderabad,Online,Credit Card,Delivered
ORD102581,CUST10411,2025-06-23,P009,Dell 24 Monitor,Monitor,4,14479.68,0.1,Dilsukhnagar,Hyderabad,Telangana,East Hyderabad,Online,Net Banking,Delivered
ORD101443,CUST10141,2025-01-07,P016,Green Soul Monster Chair,Furniture,1,12898.83,,Miyapur,Hyderabad,Telangana,North-West Hyderabad,Corporate Sales,UPI,Delivered
ORD102584,CUST10177,2025-07-21,P018,American Tourister Backpack,Bags,1,3983.73,0.05,Dilsukhnagar,Hyderabad,Telangana,East Hyderabad,Corporate Sales,Net Banking,Cancelled
ORD102371,,2025-09-22,P009,Dell 24 Monitor,Monitor,4,13421.7,0.15,Uppal,Hyderabad,Telangana,East Hyderabad,Online,Credit Card,Delivered
ORD102475,CUST10062,2025-11-10,P003,Lenovo IdeaPad Slim 5,Laptop,2,54737.56,0.05,Kukatpally,Hyderabad,Telangana,North-West Hyderabad,Online,UPI,delivered
ORD102155,CUST10444,22/09/2025,P014,Samsung Galaxy Tab S9,Tablet,1,49219.16,0,Kukatpally,Hyderabad,Telangana,North-West Hyderabad,Online,UPI,Returned
ORD101092,CUST10345,30/09/2025,P008,JBL Tune 770NC,Audio,3,7110.75,0.05,Kondapur,Hyderabad,Telangana,West Hyderabad,Online,UPI,Delivered
ORD100305,CUST10173,2025-12-27,P008,JBL Tune 770NC,Audio,1,7948.52,0.1,Miyapur, Hyderabad ,Telangana,North-West Hyderabad,Online,Credit Card,Delivered
ORD102090,CUST10174,2025-09-23,P014,Samsung Galaxy Tab S9,Tablet,1,48974.3,0.2,Attapur,Hyderabad,Telangana  ,South Hyderabad,Retail Store,Net Banking,Delivered
ORD100027,CUST10050,2025-06-21,P014,Samsung Galaxy Tab S9,Tablet,2,48661.05,0.1,Secunderabad,Hyderabad,Telangana,North Hyderabad,Online,Cash on Delivery,Delivered
ORD100031,CUST10150,10/04/2025,P005,OnePlus 13R,Smartphone,4,44605.52,0.2,Nallagandla,Hyderabad,Telangana,West Hyderabad,Corporate Sales,UPI,Delivered
ORD100153,CUST10055,2025-02-14,P012,Logitech MX Master 3S,Accessories,4,9129.68,0.05,Nallagandla,Hyderabad,Telangana,West Hyderabad,Retail Store,Cash on Delivery,Delivered
ORD101083,CUST10201,,P017,IKEA Linnmon Desk,Furniture,1,9446.31,0.2,Dilsukhnagar,Hyderabad,Telangana,East Hyderabad,Online,UPI,Delivered
ORD102976,CUST10343,2025-10-14,P016,Green Soul Monster Chair,Furniture,2,13480.32,0.2,Kompally,Hyderabad,Telangana,North Hyderabad,Online,Cash on Delivery,Returned
ORD101527,CUST10218,2025-03-09,P012,Logitech MX Master 3S,Accessories,3,8046.95,0.2,Kondapur,Hyderabad,Telangana,West Hyderabad,Retail Store,Credit Card,Cancelled
ORD102322,CUST10418,2025-06-11,P005,OnePlus 13R,Smartphone,4,43052.52,0.05,Mehdipatnam,Hyderabad  ,Telangana,South Hyderabad,Corporate Sales,Debit Card,Shipped
ORD101585,CUST10202,03-20-2025,P014,Samsung Galaxy Tab S9,Tablet,4,52187.7,,Nallagandla,Hyderabad,Telangana,West Hyderabad,Online,Net Banking,Shipped
ORD100757,CUST10441,2025-01-05,P001,Dell Inspiron 15,Laptop,4,62199.37,0.1,Nallagandla,Hyderabad,Telangana,West Hyderabad, Online ,UPI,Delivered
ORD101044,CUST10061,2025-10-26,P004,Samsung Galaxy A55,Smartphone,1,37785.11,0.05,HITEC CITY,Hyderabad,Telangana,West Hyderabad,Retail Store,Credit Card,Delivered
ORD102334,CUST10249,2025-08-07,P010,LG UltraGear 27,Monitor,1,28100.94,0.1,Nallagandla,Hyderabad,Telangana,West Hyderabad,Online,Credit Card,Delivered
ORD100171,CUST10204,2025-09-17,P010,LG UltraGear 27,Monitor,1,26507.68,0.05,LB Nagar,Hyderabad,Telangana,East Hyderabad,Online,Net Banking,Delivered
ORD101739,CUST10239,2025-10-27,P003,Lenovo IdeaPad Slim 5,Laptop,1,60467.91,0.1,Gachibowli,Hyderabad,Telangana,West Hyderabad,Online,Credit Card,Delivered
ORD101593,CUST10480,2025-04-05,P006,iPhone 16,Smartphone,1,71962.13,0.05,Tarnaka,Hyderabad,Telangana,East Hyderabad,Retail Store,UPI,Returned
ORD100860,CUST10123,02/09/2025,P010,LG UltraGear 27,Monitor,1,28632.35,0.15,Jubilee Hills,Hyderabad,Telangana,Central Hyderabad,Online,Net Banking,Returned
ORD101281,CUST10065,2025-04-06,P005,OnePlus 13R,Smartphone,1,41801.32,0.1,Kondapur,Hyderabad,Telangana,West Hyderabad,Online,Credit Card,Shipped
ORD101152,CUST10029,28/12/2025,P016,Green Soul Monster Chair,Furniture,3,14231.57,0.1,LB Nagar,Hyderabad,Telangana,East Hyderabad,Retail Store,UPI,Delivered
ORD102099,CUST10458,2025-12-10,P008,JBL Tune 770NC,Audio,2,7043.59,0.15,,Hyderabad,Telangana,East Hyderabad,Retail Store,Credit Card,Returned
ORD101109,,11-11-2025,P016,Green Soul Monster Chair,Furniture,1,12809.83,0.05,Banjara Hills,Hyderabad,Telangana,Central Hyderabad,Online,Credit Card,Delivered
ORD101948,CUST10430,2025-08-14,P005,OnePlus 13R,Smartphone,2,40681.68,0.2,Banjara Hills,Hyderabad,Telangana,Central Hyderabad,Retail Store,UPI,Shipped
ORD101496,CUST10363,2025-05-17,P007,Sony WH-1000XM5,Audio,1,30688.08,0.2,Tarnaka,Hyderabad,Telangana,East Hyderabad,Retail Store,Credit Card,Delivered
ORD101671,CUST10092,12-11-2025,P014,Samsung Galaxy Tab S9,Tablet,2,50984.76,0.15,Banjara Hills,Hyderabad,Telangana,Central Hyderabad,Online,Debit Card,Delivered
ORD102436,CUST10445,2025-02-16,P013,HP Wireless Mouse,Accessories,2,1539.32,0.1,Uppal,Hyderabad,Telangana,East Hyderabad,Corporate Sales,Net Banking,Delivered
ORD102469,CUST10259,07-23-2025,P017,IKEA Linnmon Desk,Furniture,2,8873.97,0.05,Kukatpally,Hyderabad,Telangana,North-West Hyderabad,Online,,Delivered
ORD101740,CUST10169,2025-07-07,P016,Green Soul Monster Chair,Furniture,5,14474.84,0.5,Kompally,Hyderabad,Telangana,North Hyderabad,Online,Net Banking,Shipped
ORD101847,CUST10193,2025-11-18,P005,OnePlus 13R,Smartphone,5,41100.02,0,Banjara Hills,Hyderabad,Telangana,Central Hyderabad,Corporate Sales,Credit Card,Delivered
ORD101247,CUST10097,2025-09-21,P015,Apple iPad Air,Tablet,4,65823.06,0,Attapur,Hyderabad,Telangana,South Hyderabad,Retail Store,Debit Card,Delivered
ORD102498,CUST10452,2025-04-12,P001,Dell Inspiron 15,Laptop,3,65114.22,0,Begumpet,HYDERABAD,Telangana,Central Hyderabad,Corporate Sales,Cash on Delivery,Returned  
ORD102388,CUST10177,2025-10-03,P014,Samsung Galaxy Tab S9,Tablet,3,55995.67,0.05,Madhapur,Hyderabad,Telangana,West Hyderabad,Retail Store,Cash on Delivery,Delivered
ORD101817,CUST10292,2025-04-11,P011,Logitech K380 Keyboard,Accessories,1,3182.63,0.15,Mehdipatnam,Hyderabad,Telangana,South Hyderabad,Online,UPI,Delivered
ORD101254,CUST10219,19/12/2025,P004,Samsung Galaxy A55,Smartphone,2,33690.41,0,Begumpet,Hyderabad,Telangana,Central Hyderabad,Retail Store,UPI,Delivered
ORD100574,CUST10400,2025-03-15,P010,LG UltraGear 27,Monitor,1,27201.26,0.05, Uppal ,Hyderabad,Telangana,East Hyderabad,Online,Net Banking,Delivered
ORD101962,CUST10241,2025-09-18,P013,HP Wireless Mouse,Accessories,4,1578.24,0,Jubilee Hills,Hyderabad,Telangana,Central Hyderabad,Online,UPI,Delivered
ORD101970,CUST10015,2025-01-18,P018,American Tourister Backpack,Bags,2,4314.38,0.1,Kompally,Hyderabad,Telangana,North Hyderabad,Corporate Sales,Credit Card,Delivered
ORD102042,CUST10164,2025-08-19,P003,Lenovo IdeaPad Slim 5,Laptop,1,57405.31,0,Attapur,Hyderabad,Telangana,South Hyderabad,Online,UPI,Delivered
ORD100370,CUST10245,06/12/2025,P007,Sony WH-1000XM5,Audio,2,28601.4,0.05,Attapur,Hyderabad,Telangana,South Hyderabad,Corporate Sales,UPI,delivered
ORD102110,CUST10479,2025-11-02,P007,Sony WH-1000XM5,Audio,2,29706.18,0.15,Secunderabad,Hyderabad,Telangana,North Hyderabad,Corporate Sales,UPI,Delivered
ORD100341,CUST10467,2025-05-07,P013,HP Wireless Mouse,Accessories,1,,0.2,Kukatpally,Hyderabad,Telangana,North-West Hyderabad,Corporate Sales,UPI,Delivered
ORD101975,CUST10329,15/04/2025,P002,HP Pavilion 14,Laptop,2,69466.88,0.05,Ameerpet,Hyderabad,Telangana,Central Hyderabad,Retail Store,Cash on Delivery,Cancelled
ORD102004,CUST10080,2025-10-27,P007,Sony WH-1000XM5,Audio,1,27001.96,0.1,Banjara Hills,Hyderabad,Telangana,Central Hyderabad,Online,Credit Card,Shipped
ORD102725,CUST10432,03/03/2025,P011,Logitech K380 Keyboard,Accessories,1,3417.3,0.15,Banjara Hills,Hyderabad,Telangana,Central Hyderabad,Online,Debit Card,shipped
ORD102213,CUST10340,2025-07-21,P018,American Tourister Backpack  ,Bags,1,3920.26,0.05,Nallagandla,Hyderabad,Telangana,West Hyderabad,Online,Credit Card,Delivered
ORD102089,CUST10386,2025-08-15,P010,LG UltraGear 27,Monitor,1,27044.82,0.05,Madhapur,Hyderabad,Telangana,West Hyderabad,Online,Credit Card,Delivered
ORD102892,CUST10041,31/03/2025,P006,iPhone 16,Smartphone,1,83807.95,0.1,Nallagandla,Hyderabad,Telangana,West Hyderabad,Online,UPI,Delivered
ORD102831,CUST10222,2025-04-14,P018,American Tourister Backpack,Bags,1,4042.29,0,Secunderabad,Hyderabad,Telangana,North Hyderabad,Retail Store,UPI,Delivered
ORD102181,CUST10222,22/03/2025,P003,Lenovo IdeaPad Slim 5,Laptop,1,58123.87,0.15,Uppal,Hyderabad,Telangana,East Hyderabad,Online,UPI,Shipped
ORD102556,CUST10450,23/12/2025,P008,JBL Tune 770NC,Audio,1,7143.22,0.2,Uppal,Hyderabad,Telangana,East Hyderabad,Online,Cash on Delivery,Shipped
ORD100091,CUST10269,2025-03-28,P007,Sony WH-1000XM5,Audio,1,29384.26,0.15,Nallagandla,Hyderabad,Telangana,West Hyderabad,Online,Debit Card,Delivered
ORD100681,CUST10495,2025-06-08,P001,Dell Inspiron 15  ,Laptop,1,64607.31,0.05,Ameerpet,Hyderabad,Telangana,Central Hyderabad,Retail Store,UPI,Shipped
ORD102171,CUST10344,2025-10-18,P002,HP Pavilion 14,Laptop,2,70653.56,0.1,Mehdipatnam,Hyderabad,telangana,South Hyderabad,Retail Store,Credit Card,Delivered
ORD100120,CUST10409,2025-02-08,P014,Samsung Galaxy Tab S9,Tablet,2,51550.72,0.1,Nallagandla,Hyderabad,Telangana,West Hyderabad,Retail Store,UPI,Shipped
ORD101626,CUST10481,2025-05-17,P018,American Tourister Backpack,Bags,5,4120.88,0.05,Kompally,Hyderabad,Telangana,North Hyderabad,Corporate Sales,UPI,Delivered
ORD102208,CUST10106,2025-04-14,P009,Dell 24 Monitor,Monitor,1,14631.5,0.15,Begumpet,Hyderabad,Telangana,Central Hyderabad,Retail Store,Cash on Delivery,Delivered
ORD102776,CUST10384,09-22-2025,P003,Lenovo IdeaPad Slim 5,Laptop,1,56443.23,0.05,Kondapur,Hyderabad,telangana,West Hyderabad,Retail Store,Credit Card,Delivered
ORD101259,CUST10091,01-04-2025,P009,Dell 24 Monitor,Monitor,1,13905.46,0.15,Kondapur,Hyderabad,Telangana,West Hyderabad,Online  ,Debit Card,Delivered
ORD101534,CUST10102,2025-10-25,P005,OnePlus 13R,Smartphone,5,40021.19,0.05,Secunderabad,Hyderabad,Telangana,North Hyderabad,Retail Store,Credit Card,Delivered
ORD100313,CUST10316,2025-05-22,P002,HP Pavilion 14,Laptop,4,65828.76,0.1,Kompally,Hyderabad,Telangana,North Hyderabad,Retail Store,Credit Card,Shipped
ORD102102,CUST10430,2025-05-17,P002,HP Pavilion 14,Laptop,1,64709.11,0,Jubilee Hills,Hyderabad,Telangana,Central Hyderabad,Online,UPI,Returned
ORD100358,CUST10344,2025-03-09,P010,LG UltraGear 27,Monitor,2,25909.63,0,Jubilee Hills,Hyderabad,Telangana,Central Hyderabad,Corporate Sales,UPI,Shipped
ORD100801,CUST10001,2025-04-12,P002,HP Pavilion 14,Laptop,1,72671.07,0.15,Begumpet,Hyderabad,Telangana,Central Hyderabad,Retail Store,Cash on Delivery,DELIVERED
ORD100557,CUST10085,2025-10-29,P006,iPhone 16,Smartphone,1,73343.92,0.15,Nallagandla,Hyderabad,Telangana,West Hyderabad,Online,Net Banking,Shipped
ORD101541,CUST10222,04/06/2025,P003,Lenovo IdeaPad Slim 5,Laptop,2,59302.93,0.1,Tarnaka,Hyderabad,Telangana,East Hyderabad,Online,Credit Card,Delivered
ORD101026,CUST10087,2025-01-19,,Samsung Galaxy Tab S9,Tablet,4,48994.52,0.1,HITEC City,Hyderabad,Telangana,West Hyderabad,Online,Debit Card,Delivered
ORD102048,CUST10078,2025-06-17,P016,Green Soul Monster Chair,Furniture,3,13441.2,0.15,Attapur,Hyderabad,Telangana,South Hyderabad,Retail Store,Debit Card,Shipped
ORD100473,CUST10178,30/11/2025,P016,Green Soul Monster Chair,Furniture,2,14081.01,0.1,Miyapur,Hyderabad,Telangana,North-West Hyderabad,Online,Credit Card,Delivered
ORD102230,CUST10477,2025-01-25,P004,Samsung Galaxy A55,Smartphone,1,33255.58,0.1,HITEC City,hyderabad,Telangana,West Hyderabad,Online,Credit Card,Returned
ORD101207,CUST10074,2025-12-16,P006,iphone 16,Smartphone,3,83362.88,0.15,Ameerpet,Hyderabad,Telangana,Central Hyderabad,Retail Store,UPI,Delivered
ORD101733,CUST10300,2025-06-11,P013,HP Wireless Mouse,Accessories,1,1679.78,0,Kondapur,Hyderabad,Telangana,West Hyderabad,Retail Store,Credit Card,Delivered
ORD100802,CUST10202,2025-03-16,P007,Sony WH-1000XM5,Audio,1,30034.03,0.2,Tarnaka,Hyderabad,Telangana,East Hyderabad,Online,Credit Card,Delivered
ORD102670,CUST10368,2025-07-17,P002,HP Pavilion 14,Laptop,1,67869.21,0.05,Nallagandla,Hyderabad,Telangana,West Hyderabad,Retail Store,UPI,Delivered
ORD100280,CUST10091,03-04-2025,P013,HP Wireless Mouse,Accessories,1,1612.87,0.05,Nallagandla,Hyderabad,Telangana,West Hyderabad,Retail Store,Debit Card,Delivered
ORD101213,CUST10212,03/01/2025,P011,Logitech K380 Keyboard,Accessories,1,3052.95,0.1,Mehdipatnam,Hyderabad,Telangana,South Hyderabad,Retail Store,UPI,Returned
ORD102006,CUST10415,2025-04-01,P003,Lenovo IdeaPad Slim 5,Laptop,1,56225.07,0.1,Gachibowli,Hyderabad,Telangana,West Hyderabad,Retail Store,Net Banking  ,Delivered
ORD101158,CUST10124,2025-11-01,P003,Lenovo IdeaPad Slim 5,Laptop,2,54588.33,0.05,Uppal,Hyderabad,Telangana,East Hyderabad,Online,UPI,Delivered
ORD100537,CUST10461,2025-10-25,P015,Apple iPad Air,Tablet,4,61113.46,0.1,Dilsukhnagar,Hyderabad,Telangana,East Hyderabad,Online,Net Banking,Delivered
ORD101095,CUST10385,2025-07-10,P010,LG UltraGear 27,Monitor,4,28683.42,0.2,Uppal,Hyderabad,Telangana,East Hyderabad,Online,Cash on Delivery,Delivered
ORD101002,CUST10477,2025-10-07,P018,American Tourister Backpack,Bags,4,4391.03,0.15,LB Nagar,Hyderabad,Telangana,East Hyderabad,Retail Store,Cash on Delivery,Delivered
ORD101148,CUST10225,2025-06-30,P004,Samsung Galaxy A55,Smartphone,1,37585.99,0.15,Secunderabad,Hyderabad,Telangana,North Hyderabad,Online,UPI,Delivered
ORD101555,CUST10238,2025-10-02,P014,Samsung Galaxy Tab S9,Tablet,5,49318.35,0.15,LB Nagar, Hyderabad ,Telangana,East Hyderabad,Online,Net Banking,Delivered
ORD102434,CUST10053,2025-07-03,P002,HP Pavilion 14,Laptop,5,63192.77,0.1,Kondapur,Hyderabad,Telangana,West Hyderabad,ONLINE,UPI,Shipped
ORD102644,CUST10188,2025-07-15,P014,Samsung Galaxy Tab S9,Tablet,2,51975.38,0.1,Attapur,Hyderabad,Telangana,South Hyderabad,Online,UPI,Delivered
ORD100074,CUST10424,2025-02-22,P003,Lenovo IdeaPad Slim 5,Laptop,,58124.71,0,Ameerpet,Hyderabad,Telangana,Central Hyderabad,Online,Net Banking,Delivered
ORD100585,CUST10080,2025-04-28,P012,Logitech MX Master 3S,Accessories,1,8639.97,0.05,Kukatpally,Hyderabad,Telangana,North-West Hyderabad,Corporate Sales,Credit Card,Delivered
ORD100496,CUST10118,2025-11-17,P017,IKEA Linnmon Desk,Furniture,2,10201.14,0,HITEC City,Hyderabad,Telangana  ,West Hyderabad,Online,UPI,Delivered
ORD102621,CUST10141,2025-03-31,P005,OnePlus 13R,SMARTPHONE,1,43671.68,0.05,Banjara Hills,Hyderabad,Telangana,Central Hyderabad,Online,UPI,Delivered
ORD100599,CUST10004,2025-04-14,P014,Samsung Galaxy Tab S9,Tablet,1,51379.26,,Kukatpally,Hyderabad,Telangana,north-west hyderabad,Retail Store,Cash on Delivery,Delivered
ORD100745,CUST10154,2025-05-23,P010,LG UltraGear 27,Monitor,2,28675.97,0.1,Nallagandla,Hyderabad,Telangana,West Hyderabad,Retail Store,Debit Card,Delivered
ORD102693,CUST10097,2025-10-16,P003,Lenovo IdeaPad Slim 5,Laptop,1,58585.33,0,Secunderabad,Hyderabad, Telangana ,North Hyderabad,Corporate Sales,Credit Card,Shipped
ORD101208,CUST10227,2025-06-08,P012,Logitech MX Master 3S,Accessories,5,9033.7,0.1,Ameerpet,Hyderabad,Telangana,Central Hyderabad,Online,Credit Card  ,Delivered
ORD101027,CUST10007,2025-09-11,P004,Samsung Galaxy A55,Smartphone,1,36560.54,0.15,GACHIBOWLI,Hyderabad,Telangana,West Hyderabad,Retail Store,Net Banking,Delivered
ORD101661,CUST10446,06-10-2025,P017,IKEA Linnmon Desk,FURNITURE,5,10211.73,0.15, Madhapur ,Hyderabad,Telangana,West Hyderabad,Online,Credit Card,Delivered
ORD102887,CUST10415,28/03/2025,P005,OnePlus 13R,Smartphone,4,40761.21,0.15,Kondapur,Hyderabad,Telangana,West Hyderabad,Corporate Sales,Net Banking,Delivered
ORD100008,CUST10455,2025-07-26,P007,Sony WH-1000XM5,Audio,2,28257.08,0.05,Miyapur,Hyderabad,Telangana,North-West Hyderabad,Online,Credit Card,Shipped
ORD101692,CUST10467,2025-04-09,P017,IKEA Linnmon Desk,Furniture,1,9270.21,0.15,Dilsukhnagar,Hyderabad,Telangana,East Hyderabad,Online,Net Banking,Delivered
ORD102530,CUST10313,2025-08-08,P015,Apple iPad Air,Tablet,0,64884.75,0.05,Attapur,Hyderabad,Telangana,South Hyderabad,Retail Store,,Delivered
ORD101306,CUST10120,26/07/2025,P001,Dell Inspiron 15,Laptop,1,66615.71,0.1,Secunderabad,Hyderabad,Telangana,North Hyderabad,Online,Cash on Delivery,Cancelled
ORD100945,CUST10044,01-25-2025,P010,LG UltraGear 27,Monitor,1,29460.95,0.05,Nallagandla,Hyderabad,Telangana,West Hyderabad,Online,Debit Card,Delivered
ORD102038,CUST10468,02-23-2025,P014,Samsung Galaxy Tab S9,Tablet,1,55114.46,0,Secunderabad,Hyderabad,Telangana,North Hyderabad,Online,Credit Card,Delivered
ORD100442,CUST10422,2025-07-08,P006,iPhone 16,Smartphone,3,82090.11,0,HITEC City,Hyderabad,Telangana,West Hyderabad,Online,UPI,Delivered
ORD101986,CUST10021,2025-02-12,P018,American Tourister Backpack,Bags,2,4509.58,0.05,HITEC City,Hyderabad,Telangana,West Hyderabad,Online,UPI,Delivered
ORD102296,CUST10104,09-07-2025,P007,Sony WH-1000XM5,Audio,5,28484.53,0.1,LB Nagar,Hyderabad,Telangana,East Hyderabad,Retail Store,Credit Card,Returned
ORD101183,CUST10092,2025-12-03,P009,Dell 24 Monitor,Monitor,2,14491.55,0.2,Mehdipatnam,Hyderabad,Telangana,South Hyderabad,Online,debit card,Delivered
ORD100940,CUST10193,11-25-2025,P011,Logitech K380 Keyboard,Accessories,2,3082.7,0.2,LB Nagar,Hyderabad,Telangana,East Hyderabad,Online,Cash on Delivery,Delivered
ORD101643,CUST10032,2025-06-21,P017,IKEA Linnmon Desk,Furniture,4,10031.78,0,Uppal,Hyderabad,Telangana,East Hyderabad,Online,Net Banking,Delivered
ORD101683,CUST10380,2025-10-14,P018,American Tourister Backpack,Bags,2,4047.1,0.05,Madhapur  ,Hyderabad,Telangana,West Hyderabad,Online,Credit Card,Delivered
ORD100903,CUST10192,2025-09-23,P004,Samsung Galaxy A55,Smartphone,1,33757.81,0.1,Madhapur,Hyderabad,Telangana,West Hyderabad,ONLINE,Cash on Delivery,Delivered
ORD101277,CUST10424,2025-04-24,P001,Dell Inspiron 15,Laptop,3,62417.58,0,Attapur,Hyderabad,Telangana,South Hyderabad,Online,Net Banking,Delivered
ORD101174,,2025-01-10,P013,HP Wireless Mouse,Accessories,2,1473.28,0.1,HITEC City,Hyderabad,Telangana,West Hyderabad,Retail Store,Credit Card,Cancelled
ORD101894,CUST10122,2025-01-16,P017,IKEA Linnmon Desk,Furniture,3,8882.71,0.2,Banjara Hills,Hyderabad,Telangana,Central Hyderabad,Online,Net Banking,Delivered
ORD101010,CUST10008,2025-10-13,P013,HP Wireless Mouse,Accessories,3,1727.57,0.05,Uppal,Hyderabad,Telangana,East Hyderabad,Online,Credit Card,Delivered
ORD102712,CUST10422,2025-05-23,P006,iPhone 16,Smartphone,3,80343.76,0,Manikonda,Hyderabad,Telangana,West Hyderabad,Online,Debit Card,Delivered
ORD102312,CUST10309,2025-09-28,P004,Samsung Galaxy A55,Smartphone,4,33810.13,0.05,Mehdipatnam,Hyderabad,Telangana,South Hyderabad,Online,UPI,Delivered
ORD100317,CUST10053,2025-04-08,P018,American Tourister Backpack,Bags,3,4090.47,0.2,Kompally,Hyderabad,Telangana,North Hyderabad,Retail Store,Debit Card,Delivered
ORD102087,CUST10130,2025-06-04,P003,Lenovo IdeaPad Slim 5,Laptop,1,63338.48,0.15,Manikonda,Hyderabad,Telangana,West Hyderabad,Online,Net Banking,Shipped
ORD100581,CUST10314,2025-11-19,P005,OnePlus 13R,Smartphone,5,44409.55,0.15,Madhapur,Hyderabad,Telangana,West Hyderabad,Retail Store,UPI,Delivered
ORD102953,CUST10491,2025-10-07,P010,LG UltraGear 27,Monitor,5,28635.03,0.05,Nallagandla,Hyderabad,Telangana,West Hyderabad,Online,UPI,Delivered
ORD101726,CUST10268,2025-02-19,P005,OnePlus 13R,Smartphone,2,44377.38,0.2,Secunderabad,Hyderabad,Telangana,North Hyderabad,Online,Credit Card,Delivered
ORD102301,CUST10297,2025-07-28,P015,Apple iPad Air,Tablet,1,61164.15,0,Kondapur,Hyderabad,Telangana,West Hyderabad,Online,Credit Card,Delivered
ORD100644,CUST10073,2025-11-30,P014,Samsung Galaxy Tab S9, Tablet ,4,51577.51,0.2,Manikonda,Hyderabad,Telangana,West Hyderabad,Corporate Sales,Debit Card,Shipped
ORD100641,CUST10149,2025-07-13,P003,Lenovo IdeaPad Slim 5,Laptop,4,63447.61,0.05,Kompally,Hyderabad,Telangana,North Hyderabad,Online,Credit Card,Delivered
ORD100625,CUST10044,2025-11-05,P005,OnePlus 13R,Smartphone,1,40966.97,,Nallagandla,Hyderabad,Telangana,West Hyderabad,Retail Store,Cash on Delivery,Cancelled
ORD100315,CUST10042,19/06/2025,P001,Dell Inspiron 15,Laptop,5,65096.1,0.1, Mehdipatnam ,HYDERABAD,Telangana,South Hyderabad,Retail Store,Debit Card,Delivered
ORD101224,CUST10190,2025-04-19,P001,Dell Inspiron 15,Laptop,3,63465.47,0.15,Ameerpet,Hyderabad,Telangana,Central Hyderabad,Retail Store,UPI,Cancelled
ORD100469,CUST10286,2025-04-12,P001,Dell Inspiron 15,Laptop,2,63203.61,0.05,Kondapur,Hyderabad,Telangana,West Hyderabad,Retail Store,Credit Card,Delivered
ORD100407,CUST10131,2025-06-28,P002,HP Pavilion 14,laptop,1,69430.62,0.2,HITEC City,Hyderabad,Telangana,West Hyderabad,Online,Credit Card,Delivered
ORD100971,CUST10347,2025-11-08,P018,American Tourister Backpack,Bags,1,3968.29,0.05,Dilsukhnagar,Hyderabad,Telangana,East Hyderabad,Online,Credit Card,Delivered
ORD102730,CUST10128,2025-10-18,P016,Green Soul Monster Chair,Furniture,4,13082.04,0.2,Banjara Hills,Hyderabad,Telangana,Central Hyderabad,Online,UPI,Delivered
ORD100621,CUST10298,25/12/2025,P006,iPhone 16,Smartphone,1,73561.43,0,Nallagandla,Hyderabad,Telangana,West Hyderabad,Corporate Sales,UPI,Returned
ORD101723,CUST10008,2025-11-22,P015,Apple iPad Air,Tablet,1,69042.38,0.1,Dilsukhnagar,Hyderabad,Telangana,East Hyderabad,Online,Net Banking,Delivered
ORD100826,CUST10137,2025-08-02,P014,Samsung Galaxy Tab S9,Tablet,1,48507.43,0.05,Dilsukhnagar,Hyderabad,Telangana,East Hyderabad,Corporate Sales,Cash on Delivery,Delivered
ORD102380,CUST10354,07-15-2025,P001,Dell Inspiron 15,Laptop,1,57048.2,0,Kukatpally,Hyderabad,Telangana  ,North-West Hyderabad,Online,Debit Card,Returned
ORD101639,CUST10244,2025-02-18,P007,Sony WH-1000XM5,Audio,4,29481.13,0.1,Dilsukhnagar,Hyderabad,Telangana,East Hyderabad,Online,UPI,Delivered
ORD100685,CUST10212,2025-04-14,P013,iPhone 16,Smartphone,2,79933.55,0.05,Begumpet,Hyderabad,Telangana,Central Hyderabad,Retail Store,Net Banking,Delivered
ORD101399,CUST10294,2025-04-04,P005,OnePlus 13R,Smartphone,1,41871.59,0.15,Manikonda,Hyderabad,Telangana,West Hyderabad,Online,Net Banking,Delivered
ORD100413,CUST10465,2025-02-26,P016,Green Soul Monster Chair,Furniture,4,13466.69,0.15,Mehdipatnam,Hyderabad,Telangana,South Hyderabad,Retail Store,Credit Card,Shipped
ORD100301,CUST10403,2025-02-06,P002,HP Pavilion 14,Laptop,2,63463.39,0.05,Uppal,Hyderabad,Telangana,East Hyderabad,Online,Credit Card,Delivered
ORD102138,CUST10034,2025-08-31,P018,American Tourister Backpack,Bags,1,4296.83,0,Banjara Hills,Hyderabad,Telangana,Central Hyderabad,Online,Debit Card,Delivered
ORD101474,CUST10235,2025-08-22,P012,Logitech MX Master 3S,Accessories,1,8041.47,0.2,Jubilee Hills,Hyderabad,Telangana,Central Hyderabad,Online,Debit Card,Delivered
ORD102547,CUST10414,2025-07-17,P016,Green Soul Monster Chair,Furniture,5,13272.52,0,LB Nagar,Hyderabad,Telangana,East Hyderabad,Online,Credit Card,Delivered
ORD101770,CUST10230,2025-08-04,P005,OnePlus 13R,Smartphone,4,39016.42,0,Madhapur,Hyderabad,Telangana,West Hyderabad,online,Debit Card,delivered
ORD100348,CUST10328,2025-05-24,P003,Lenovo IdeaPad Slim 5,Laptop,1,60891.81,0.1,LB Nagar,Hyderabad,Telangana,East Hyderabad,Online,UPI,Shipped
ORD100425,CUST10479,2025-06-01,P015,Apple iPad Air,Tablet,1,63480.5,0.2,Secunderabad,Hyderabad,TELANGANA,North Hyderabad,Online,Debit Card,Delivered
ORD102195,CUST10314,2025-10-09,P010,LG UltraGear 27,Monitor,2,29964.83,0.05,Attapur,Hyderabad,Telangana,South Hyderabad,Online,UPI,Delivered
ORD102310,CUST10185,2025-11-03,P012,Logitech MX Master 3S,Accessories,1,9132.54,0.05,Banjara Hills,Hyderabad,Telangana,Central Hyderabad,Online,UPI,Delivered
ORD101489,CUST10018,2025-07-30,P013,HP Wireless Mouse,Accessories,1,1645.03,0.05,Ameerpet,Hyderabad,Telangana,Central Hyderabad,Retail Store,Cash on Delivery,Delivered
ORD100247,CUST10162,2025-03-01,P006,iPhone 16,Smartphone,4,77492.65,0.15,Gachibowli,Hyderabad,Telangana,West Hyderabad,Online,Cash on Delivery,Delivered
ORD100848,CUST10450,2025-12-15,P005,OnePlus 13R,Smartphone,1,44094.79,0.05,Begumpet,Hyderabad,Telangana,Central Hyderabad,Online,Debit Card,Delivered
ORD101872,CUST10077,2025-07-30,P011,Logitech K380 Keyboard,Accessories,5,3056.65,0.05,Tarnaka,Hyderabad,Telangana,East Hyderabad,Online,Credit Card,Delivered
ORD101622,CUST10306,2025-08-11,P005,OnePlus 13R,Smartphone,1,39902.76,0.05,LB Nagar,Hyderabad,Telangana,East Hyderabad,Retail Store,UPI,Delivered
ORD100092,CUST10055,2025-12-04,P012,Logitech MX Master 3S,Accessories,2,8422.1,0.15,HITEC City,Hyderabad,Telangana,West Hyderabad,Online,Credit Card,Delivered
ORD100288,CUST10461,24/11/2025,P011,Logitech K380 Keyboard,Accessories,3,3297.21,0.1,Kondapur,Hyderabad,Telangana,West Hyderabad,Corporate Sales,Cash on Delivery,Delivered
ORD100162,CUST10249,26/02/2025,P011, Logitech K380 Keyboard ,Accessories,1,3087.53,0.15,MADHAPUR,Hyderabad,Telangana,West Hyderabad,Online,Debit Card,Delivered
ORD101165,CUST10435,05-18-2025,P004,Samsung Galaxy A55,Smartphone,1,38730.98,0.15,Uppal,hyderabad,Telangana,East Hyderabad,Online,UPI,Delivered
ORD101131,CUST10116,,P015,Apple iPad Air,Tablet,1,66657.4,0.15,Attapur,Hyderabad,Telangana,South Hyderabad,Online,UPI,Cancelled
ORD101525,CUST10268,27/03/2025,P014,Samsung Galaxy Tab S9,Tablet,1,53528.24,0.15,Tarnaka,Hyderabad,Telangana,East Hyderabad,Retail Store,Cash on Delivery,Shipped
ORD102375,CUST10494,14/09/2025,P017,IKEA Linnmon Desk,Furniture,2,9693.87,0.1,Kondapur,Hyderabad,Telangana,West Hyderabad,Online,Net Banking,Delivered
ORD102739,CUST10467,23/08/2025,P016,Green Soul Monster Chair,Furniture,4,14254.03,0,Tarnaka,Hyderabad,Telangana,East Hyderabad,Retail Store,UPI,Delivered
ORD100335,CUST10141,2025-03-03,P006,iPhone 16,Smartphone,4,77900.48,0.05,Uppal,Hyderabad,Telangana,East Hyderabad,Online,UPI,Delivered
ORD101716,CUST10045,2025-06-29,P009,Dell 24 Monitor,MONITOR,1,13546.24,0.15,HITEC City,Hyderabad,Telangana,West Hyderabad,Online,Debit Card,Shipped
ORD100037,CUST10365,2025-02-20,P012,Logitech MX Master 3S,Accessories,3,9036.53,0.15,Attapur,Hyderabad,Telangana,South Hyderabad,Retail Store,Debit Card,Delivered
ORD102927,CUST10167,2025-07-29,P018,American Tourister Backpack,Bags,3,4471.79,0.2,Banjara Hills,Hyderabad,Telangana,Central Hyderabad,Online,Net Banking, Delivered 
ORD102646,CUST10366,2025-07-06,P008,JBL Tune 770NC,Audio,1,7097.67,0.2,Madhapur,Hyderabad,Telangana,West Hyderabad,Online,Cash on Delivery,Returned
ORD100034,CUST10165,2025-11-13,P009,Dell 24 Monitor,Monitor,4,15268.61,0.1,Tarnaka,Hyderabad,Telangana,East Hyderabad,Online,Credit Card,Delivered
ORD100152,CUST10155,03-14-2025,P018,American Tourister Backpack,Bags,5,3936.67,0.05,Attapur,Hyderabad,Telangana,South Hyderabad,Corporate Sales,UPI,Returned
  ORD100406 ,CUST10276,2025-04-22,P010,LG UltraGear 27,Monitor,1,30063.41,0.15,HITEC City,Hyderabad,Telangana,West Hyderabad,Retail Store,Credit Card,Shipped
ORD102112,CUST10087,2025-08-24,P016,Green Soul Monster Chair,Furniture,5,13177.9,0.1,Secunderabad,Hyderabad,Telangana,North Hyderabad,Online,UPI,Cancelled
ORD102178,CUST10020,2025-01-23,P003,Lenovo IdeaPad Slim 5,Laptop,1,63686.1,0,Begumpet,HYDERABAD,Telangana,Central Hyderabad,Online,UPI,Delivered
ORD101631,CUST10227,2025-06-04,P015,Apple iPad Air,Tablet,1,61732.26,0.1,Kondapur,Hyderabad,Telangana,West Hyderabad,Retail Store,UPI,Returned
ORD102851,CUST10228,26/10/2025,P006,iPhone 16,Smartphone,3,,0.1,LB Nagar,Hyderabad,Telangana,East Hyderabad,Online,Net Banking,Delivered
ORD100465,CUST10220,2025-03-10,P011,Logitech K380 Keyboard,Accessories,5,3292.88,0,Tarnaka,Hyderabad,Telangana,East Hyderabad,Retail Store,Credit Card,Delivered
ORD101800,CUST10264,09/08/2025,P014,Samsung Galaxy Tab S9,Tablet,3,48881.24,0.05,Begumpet,Hyderabad,Telangana,Central Hyderabad,Online,Cash on Delivery,Delivered
ORD100186,CUST10310,2025-10-12,P017,IKEA Linnmon Desk,Furniture,5,9986.8,0.15,Madhapur,Hyderabad,Telangana,West Hyderabad,Retail Store,UPI,Shipped
ORD100361,CUST10479,2025-07-20,P001,Dell Inspiron 15,Laptop,3,60067.58,0.05,Banjara Hills,Hyderabad,Telangana,central hyderabad,Online,Debit Card,Delivered  
ORD101676,CUST10436,2025-07-03,P012,Logitech MX Master 3S,Accessories,1,8881.36,0.2,Ameerpet,Hyderabad,Telangana,Central Hyderabad,Retail Store,Net Banking,Returned
ORD102731,CUST10019,2025-10-22,P012,Logitech MX Master 3S,Accessories,3,8249.5,0,Secunderabad,Hyderabad,TELANGANA,North Hyderabad,Retail Store,Credit Card,Delivered
ORD101559,CUST10470,2025-01-30,P007,Sony WH-1000XM5,Audio,3,30406.99,0.05,Gachibowli,Hyderabad,Telangana,West Hyderabad,Online,UPI,Delivered
ORD101220,CUST10155,2025-08-13,P011,Logitech K380 Keyboard,Accessories,5,3051.84,0.05,Manikonda,Hyderabad,Telangana,West Hyderabad,Retail Store,UPI,Delivered
ORD101531,CUST10162,2025-11-28,P010,LG UltraGear 27,Monitor,1,27536.37,0,HITEC City,Hyderabad,Telangana,West Hyderabad,Online,Cash on Delivery,Delivered
ORD101106,CUST10457,2025-12-03,P005,OnePlus 13R,Smartphone,4,44014.57,0,LB Nagar,Hyderabad,Telangana,East Hyderabad,Online,Credit Card,Cancelled
ORD101680,CUST10431,2025-09-04,P001,Dell Inspiron 15,Laptop,3,64809.64,0.05,Gachibowli,Hyderabad  ,Telangana,West Hyderabad,Online,UPI,Delivered
ORD100062,CUST10327,2025-04-18,P002,HP Pavilion 14,Laptop,5,70364.18,0,Kondapur,Hyderabad,Telangana,West Hyderabad,Online,Credit Card,Delivered
ORD101191,CUST10118,2025-11-20,P001,DELL INSPIRON 15,Laptop,1,58238.45,0.05,Kondapur,Hyderabad,Telangana,West Hyderabad,Online,UPI,Cancelled
ORD102619,CUST10036,2025-03-30,P006,iPhone 16,Smartphone,4,75432.56,0.15,HITEC City,Hyderabad,Telangana,West Hyderabad,Online,UPI,Delivered
ORD101520,CUST10264,2025-03-28,P011,Logitech K380 Keyboard,Accessories,3,3077.8,0.15,Manikonda,Hyderabad,Telangana,West Hyderabad,Retail Store,Credit Card,Returned
ORD102582,CUST10067,2025-07-10,P018,American Tourister Backpack,Bags  ,2,4524.95,0.1,Banjara Hills,Hyderabad,Telangana,Central Hyderabad  ,Retail Store,Credit Card,Delivered
ORD100629,CUST10130,2025-10-27,P010,LG UltraGear 27,Monitor,3,28358.04,0.05,Tarnaka,Hyderabad,Telangana,East Hyderabad,Online,Credit Card,Delivered
ORD102270,CUST10423,2025-01-31,P009,Dell 24 Monitor,Monitor,3,14616.49,0,Attapur,Hyderabad,Telangana,South Hyderabad,Online,Debit Card,Returned
ORD101625,CUST10061,2025-10-27,P007,Sony WH-1000XM5,Audio,3,28603.99,0.05,Manikonda,Hyderabad,Telangana,West Hyderabad,Online,Debit Card,Delivered
ORD102632,CUST10144,2025-12-02,P018,American Tourister Backpack,Bags,4,-2500,0.05,Jubilee Hills,Hyderabad,Telangana,Central Hyderabad,Online,UPI,Delivered
ORD100719,CUST10005,2025-12-16,P014,Samsung Galaxy Tab S9,Tablet,3,49235.8,0.1,Uppal,Hyderabad,Telangana,East Hyderabad,Retail Store,Net Banking,Delivered
ORD102965,CUST10260,15/12/2025,P018,American Tourister Backpack,Bags,1,3936.64,0.15,HITEC City,Hyderabad,Telangana,West Hyderabad,Retail Store,Credit Card,Delivered
ORD100866,CUST10365,2025-03-06,P001,Dell Inspiron 15,Laptop,3,65090.64,0.1,,Hyderabad,Telangana,East Hyderabad,Online,Debit Card,Delivered
ORD101729,CUST10266,04-27-2025,P003,Lenovo IdeaPad Slim 5,Laptop,3,62293.57,0.1,Banjara Hills,Hyderabad,Telangana,Central Hyderabad,Retail Store,Debit Card,Delivered
ORD102330,CUST10159,2025-07-01,P013,HP Wireless Mouse,Accessories,1,1597.73,0.1,Ameerpet,Hyderabad,Telangana,Central Hyderabad,Online,UPI,Delivered
ORD102079,CUST10379,2025-04-05,P005,OnePlus 13R,Smartphone,2,42999.45,0.05,Madhapur,Hyderabad,Telangana,West Hyderabad,Online,Net Banking,Shipped
ORD101980,CUST10091,2025-04-13,P014,Samsung Galaxy Tab S9,Tablet,3,52808.76,0.1,Madhapur,Hyderabad,Telangana,West Hyderabad,Retail Store,UPI,Delivered
ORD100582,CUST10473,2025-11-07,P013,HP Wireless Mouse,Accessories,-5,1727.15,0.1,Gachibowli,Hyderabad,Telangana,West Hyderabad,Corporate Sales,Credit Card,Shipped
ORD100429,CUST10034,2025-10-19,P002,HP Pavilion 14,Laptop,1,63404.43,0.05,Nallagandla,Hyderabad,Telangana,West Hyderabad,Retail Store,Net Banking,Delivered
ORD101678,CUST10420,2025-05-15,P015,Apple iPad Air,Tablet,1,63937.24,0.2,Banjara Hills,Hyderabad,Telangana,Central Hyderabad,Retail Store,Debit Card,Delivered
ORD101264,CUST10295,19/09/2025,P013,HP Wireless Mouse,Accessories,2,1602.73,0.2,Secunderabad,Hyderabad,Telangana,North Hyderabad,Online,Cash on Delivery,Delivered
ORD102513,CUST10125,2025-08-24,P004,Samsung Galaxy A55,Smartphone,2,35984.77,0.1,Dilsukhnagar,Hyderabad,Telangana,East Hyderabad,Online,Net Banking,Delivered
ORD102888,CUST10432,2025-12-28,P002,HP Pavilion 14,Laptop,1,64100.09,0.2,Kukatpally,Hyderabad,Telangana,North-West Hyderabad,ONLINE,UPI,Delivered
ORD101908,CUST10046,2025-12-24,P009,Dell 24 Monitor,Monitor,1,13953.21,0.2,Gachibowli  ,Hyderabad,Telangana,West Hyderabad,Online,Debit Card,Delivered
ORD101595,CUST10467,2025-04-04,P009,Dell 24 Monitor,Monitor,3,14087.89,0,Attapur,Hyderabad,Telangana,South Hyderabad,Retail Store,UPI,Delivered
ORD102414,CUST10095,2025-09-21,P011,Logitech K380 Keyboard,Accessories,2,3314.79,0.15,Kukatpally,Hyderabad,Telangana,North-West Hyderabad,Retail Store,Net Banking,Delivered
ORD101077,CUST10457,2025-02-24,P015,Apple iPad Air,Tablet,1,65206.64,0,Manikonda,Hyderabad,Telangana,West Hyderabad,Online,UPI,Delivered
ORD101938,CUST10255,2025-03-09,P018,American Tourister Backpack,Bags,1,4192.04,0.2,Kondapur,Hyderabad,Telangana,West Hyderabad,Corporate Sales,Cash on Delivery,Cancelled
ORD101708,CUST10210,2025-04-21,P012,Logitech MX Master 3S,Accessories,2,8551.33,0.15,Madhapur, Hyderabad ,Telangana,West Hyderabad,Online,Net Banking,Shipped
ORD100817,CUST10439,2025-06-07,P009,Dell 24 Monitor,Monitor,5,14400.98,0.1,Attapur,Hyderabad,Telangana,South Hyderabad,Online,Net Banking,Delivered
ORD102316,CUST10334,,P013,HP Wireless Mouse,Accessories,4,1549.4,0.1,Ameerpet,Hyderabad,Telangana,Central Hyderabad,Online,UPI,Delivered
ORD101436,CUST10238,2025-04-03,P013,HP Wireless Mouse,Accessories,4,1635.3,0.15,Nallagandla,Hyderabad,Telangana,West Hyderabad,Online,Debit Card,Delivered
ORD102303,CUST10425,2025-08-23,P009,Dell 24 Monitor,Monitor,1,15113.18,0.05,Tarnaka,Hyderabad,Telangana,East Hyderabad,Corporate Sales,UPI,Delivered
ORD101024,CUST10085,2025-01-02,P002,HP Pavilion 14,Laptop,3,72889.7,0.05,Madhapur,Hyderabad,Telangana,West Hyderabad,Online  ,UPI,Delivered
ORD100101,CUST10451,2025-02-12,P003,Lenovo IdeaPad Slim 5,Laptop,2,54636.15,0.15,Attapur,Hyderabad,Telangana,South Hyderabad,Online,Debit Card,Delivered
ORD101753,CUST10111,2025-04-10,P003,Lenovo IdeaPad Slim 5,Laptop,3,56750.39,0.2,Gachibowli,Hyderabad,Telangana,West Hyderabad,Online,UPI,Delivered
ORD101418,CUST10021,07-22-2025,P009,Dell 24 Monitor,Monitor,1,14873.6,0.2,Dilsukhnagar,Hyderabad,Telangana,East Hyderabad,Online,Credit Card,Delivered
ORD101744,CUST10255,2025-06-02,P004,Samsung Galaxy A55,Smartphone,1,38037.62,0.2,Manikonda,Hyderabad,Telangana,West Hyderabad,Online,UPI,Delivered
ORD100360,CUST10396,2025-09-14,P016,Green Soul Monster Chair,Furniture,1,13859.93,0.05,Secunderabad,Hyderabad,Telangana,North Hyderabad,Corporate Sales,Credit Card,Delivered
ORD102391,CUST10078,15/10/2025,P017,IKEA Linnmon Desk,Furniture,4,9665.24,0.05,Ameerpet,Hyderabad,Telangana,Central Hyderabad,Online,Net Banking,Cancelled
ORD102162,CUST10464,2025-05-14,P011,Logitech K380 Keyboard,Accessories,1,3299.98,0.15,Tarnaka,Hyderabad,Telangana,East Hyderabad,Online,Debit Card,Delivered
ORD101612,CUST10237,05-24-2025,P013,HP Wireless Mouse,Accessories,1,1576.95,0,Ameerpet,Hyderabad,Telangana,central hyderabad,Retail Store,Credit Card,Delivered
ORD102346,CUST10247,2025-01-15,P018,American Tourister Backpack,Bags,1,4270.41,0.2,Mehdipatnam,Hyderabad,Telangana,South Hyderabad,Online,UPI,Returned
ORD102478,CUST10431,2025-07-29,P005,OnePlus 13R,Smartphone,2,39707.29,0,Banjara Hills,Hyderabad,Telangana,Central Hyderabad,Retail Store,Net Banking,Delivered
ORD102814,CUST10454,28/08/2025,P012,Logitech MX Master 3S,Accessories,5,8991.4,0.1,HITEC City,Hyderabad,Telangana,West Hyderabad,Online,Debit Card,Delivered
ORD100554,CUST10190,2025-03-20,P015,Apple iPad Air,Tablet,4,65133.32,0.1,HITEC City,Hyderabad,Telangana,West Hyderabad,Online  ,Net Banking,Delivered
ORD102614,CUST10144,2025-05-09,P002,HP Pavilion 14,laptop,5,71244.11,0.15,Dilsukhnagar,Hyderabad,Telangana,East Hyderabad,Retail Store,Credit Card,Delivered
ORD100257,CUST10371,2025-02-06,P009,Dell 24 Monitor,Monitor,4,15242.7,0.1,Kukatpally,Hyderabad,Telangana,North-West Hyderabad,Online,Debit Card,Delivered
ORD101971,CUST10183,2025-06-05,P017,IKEA Linnmon Desk,Furniture,1,10011.04,0.1,Ameerpet,Hyderabad,Telangana,Central Hyderabad,Online,Net Banking,Shipped
ORD100156,CUST10226,2025-11-14,P017,IKEA Linnmon Desk,Furniture,2,10175.53,0.15,Madhapur,Hyderabad,Telangana,West Hyderabad,Online,UPI,Delivered
ORD101973,CUST10136,04-13-2025,P018,American Tourister Backpack,Bags,5,4149.78,0.05,,Hyderabad,Telangana,South Hyderabad,Corporate Sales,Cash on Delivery,Delivered
ORD100953,CUST10291,2025-10-27,P006,iPhone 16,Smartphone,2,79824.52,0.05,Attapur,Hyderabad,Telangana,South Hyderabad,Online,Debit Card,Delivered
ORD100345,CUST10112,2025-01-23,P006,iPhone 16,Smartphone,4,75586.23,0.1,Banjara Hills,Hyderabad,Telangana,Central Hyderabad,Online,Credit Card,Delivered
ORD100149,CUST10183,2025-03-06,P015,Apple iPad Air,Tablet,1,59853.13,0,Gachibowli,Hyderabad,Telangana,West Hyderabad,Retail Store,Credit Card,Delivered
ORD101219,CUST10445,2025-09-07,P012,Logitech MX Master 3S,Accessories,2,9037.3,0.05,HITEC City,Hyderabad,Telangana,West Hyderabad,Retail Store,UPI,Shipped
ORD101178,CUST10369,2025-06-12,P009,Dell 24 Monitor,Monitor,1,14119.53,0,Begumpet,Hyderabad,Telangana,Central Hyderabad  ,Online,UPI  ,Delivered
ORD102456,CUST10020,2025-08-14,P002,HP Pavilion 14,Laptop,5,70021.35,0.1,Banjara Hills,Hyderabad,Telangana,CENTRAL HYDERABAD,Retail Store,UPI,Shipped
ORD100522,CUST10150,2025-07-29,P009,Dell 24 Monitor,Monitor,3,15381.2,0,Kompally,Hyderabad,Telangana,North Hyderabad,Corporate Sales,UPI,Delivered
ORD101845,CUST10321,2025-03-15,P012,Logitech MX Master 3S,Accessories,,8271.05,0,Dilsukhnagar,Hyderabad,Telangana,East Hyderabad,Online,UPI,Delivered
ORD100497,CUST10148,12-31-2025,P015,Apple iPad Air,Tablet,2,63360.78,0.2,Madhapur,Hyderabad,Telangana,West Hyderabad,Retail Store,Cash on Delivery,Delivered
ORD101735,CUST10171,06-03-2025,P007,Sony WH-1000XM5,Audio,2,27681.87,0.1,Banjara Hills,Hyderabad,Telangana,Central Hyderabad,Retail Store,Credit Card,Delivered
ORD100054,CUST10128,2025-08-07,P013,HP Wireless Mouse,Accessories,2,1719.15,0.1,Dilsukhnagar,Hyderabad,Telangana,East Hyderabad,Corporate Sales,UPI,Delivered
ORD102157,CUST10030,,P013,HP Wireless Mouse,Accessories,1,1640.59,0,Gachibowli,Hyderabad,Telangana,West Hyderabad,Online,Net Banking,Delivered
ORD100232,CUST10370,2025-02-06,P008,JBL Tune 770NC,Audio,1,7466.38,0.1,,Hyderabad,Telangana,Central Hyderabad,Online,Cash on Delivery,Delivered
ORD101725,CUST10362,2025-07-06,P004,Samsung Galaxy A55,Smartphone,2,35146.66,0,LB Nagar,Hyderabad,Telangana,East Hyderabad,Online,Cash on Delivery,Delivered
ORD100295,CUST10480,2025-01-14,P007,Sony WH-1000XM5,Audio,2,26973.65,0.05,Jubilee Hills,Hyderabad,Telangana,Central Hyderabad,Corporate Sales,UPI,Shipped
ORD100666,CUST10016,2025-12-08,P004,Samsung Galaxy A55,Smartphone,1,37575.95,0.1,HITEC City,Hyderabad,Telangana,West Hyderabad,Online,Credit Card,Delivered
ORD102153,CUST10470,2025-03-30,P004,Samsung Galaxy A55,Smartphone,3,36139.66,0.1,Madhapur,Hyderabad,Telangana,West Hyderabad,Online,UPI,Shipped
ORD101988,CUST10199,2025-03-25,P014,Samsung Galaxy Tab S9,Tablet,5,53507.13,0,Madhapur,Hyderabad,Telangana,West Hyderabad,Corporate Sales,Cash on Delivery,Delivered
ORD101787,CUST10124,2025-01-14,P015,Apple iPad Air,Tablet,1,65962.69,0.1,Ameerpet,Hyderabad,Telangana,Central Hyderabad,Corporate Sales,Net Banking,Delivered
ORD101501,CUST10234,2025-01-18,P015,Apple iPad Air,Tablet,4,69687.92,0,Banjara Hills,Hyderabad,Telangana,Central Hyderabad,Retail Store,Net Banking,Delivered
ORD100138,CUST10336,2025-02-07,P003,Lenovo IdeaPad Slim 5,Laptop,5,61732.24,0.1,Tarnaka,Hyderabad,Telangana,East Hyderabad  ,Corporate Sales,Credit Card,Shipped
ORD100137,CUST10449,2025-10-20,P008,JBL Tune 770NC,Audio,1,7941.31,0,Ameerpet,Hyderabad,Telangana,Central Hyderabad,Online,Credit Card,Delivered
ORD100102,CUST10211,2025-01-09,P006,iPhone 16,Smartphone,2,73151.04,0,Tarnaka,Hyderabad,Telangana,East Hyderabad,Online,Cash on Delivery,Delivered
ORD101759,CUST10286,03-06-2025,P002,HP Pavilion 14,Laptop,3,72326.33,0.05,Dilsukhnagar,Hyderabad,Telangana,East Hyderabad,Online,UPI,Delivered
ORD101517,CUST10489,2025-06-23,P013,HP Wireless Mouse,Accessories,2,1514,0.15,Gachibowli,Hyderabad,Telangana,West Hyderabad,Online,UPI,Delivered
ORD100947,CUST10430,2025-04-18,P001,Dell Inspiron 15,Laptop,1,59862.04,0,Nallagandla,Hyderabad,Telangana,West Hyderabad,Retail Store,Cash on Delivery,Delivered
ORD101067,CUST10204,2025-12-05,P002,HP Pavilion 14  ,Laptop,1,70984.02,0.2,Attapur,Hyderabad,Telangana,South Hyderabad,Online,Net Banking,Delivered
ORD100119,CUST10039,2025-04-03,P017,IKEA Linnmon Desk,Furniture,2,9194.76,0.2,Manikonda,Hyderabad,Telangana,West Hyderabad,Online,Debit Card,Shipped
ORD100773,CUST10258,01-22-2025,,Samsung Galaxy Tab S9,Tablet,5,48964.52,0.1,Banjara Hills,Hyderabad,Telangana,Central Hyderabad,Online,Debit Card,Delivered
ORD100556,CUST10365,2025-11-10,P016,Green Soul Monster Chair,Furniture,2,,0.1,Ameerpet,Hyderabad,Telangana,Central Hyderabad,Online,Cash on Delivery,Returned
ORD102045,CUST10021,2025-07-01,P003,Lenovo IdeaPad Slim 5,Laptop,5,58414.29,0.1,Nallagandla,Hyderabad,Telangana,West Hyderabad,Corporate Sales,Cash on Delivery,Delivered
ORD101360,CUST10357,2025-12-27,P002,HP Pavilion 14,Laptop,2,70599,0.05,Attapur,Hyderabad,Telangana,North-West Hyderabad,Online,UPI,Delivered
ORD101385,CUST10268,2025-10-24,P004,Samsung Galaxy A55,Smartphone,2,35263,0.1,Banjara Hills,Hyderabad,Telangana,Central Hyderabad,Retail Store,UPI,Returned
ORD102785,CUST10408,2025-07-28,P001,Dell Inspiron 15,Laptop,1,64962.46,0.1, Manikonda ,Hyderabad,Telangana,West Hyderabad,Online,Cash on Delivery,Delivered
ORD101606,CUST10164,2025-01-29,P011,Logitech K380 Keyboard,Accessories,5,3448.6,0,Miyapur,Hyderabad,Telangana,North-West Hyderabad,Online,UPI,Delivered
ORD101388,CUST10402,20/08/2025,P017,IKEA Linnmon Desk,Furniture,4,9624.73,0.1,Madhapur,Hyderabad,Telangana,West Hyderabad,Retail Store,UPI,Delivered
ORD101017,CUST10163,04-14-2025,P013,HP Wireless Mouse,Accessories,2,1711.36,0.15,Mehdipatnam,Hyderabad,Telangana,South Hyderabad,Online,Net Banking,Cancelled
ORD102126,CUST10254,2025-01-16,P016,Green Soul Monster Chair,Furniture,2,14446.73,0.1,Kompally,Hyderabad,Telangana,North Hyderabad,Online,UPI,Shipped
ORD100889,CUST10392,2025-12-25,P006,iPhone 16,Smartphone,2,76014.64,0.1,Gachibowli,Hyderabad,Telangana,West Hyderabad,Online,UPI,Delivered
ORD101804,CUST10246,2025-12-15,P002,HP Pavilion 14,laptop,4,66407.08,0.15,Gachibowli,Hyderabad,Telangana,West Hyderabad,Online,UPI,Delivered
ORD100071,CUST10339,2025-07-01,,American Tourister Backpack,Bags,1,4151.75,0.05,Banjara Hills,Hyderabad,Telangana,Central Hyderabad,Online,Net Banking,Delivered
ORD101292,CUST10108,11-12-2025,P002,HP Pavilion 14,Laptop,2,72078.06,0.2,Tarnaka,Hyderabad,Telangana, East Hyderabad ,Online,UPI,Delivered
ORD100886,CUST10150,05/08/2025,P001,Dell Inspiron 15,Laptop,4,58720.69,0,Mehdipatnam,Hyderabad,Telangana,South Hyderabad,Online,UPI,Delivered
ORD101233,CUST10397,2025-09-10,P005,OnePlus 13R,Smartphone,1,0,0.05,Attapur,Hyderabad,Telangana,South Hyderabad,Online,Credit Card,Delivered
ORD100129,CUST10058,2025-01-04,P012,Logitech MX Master 3S,Accessories,1,7901.49,0.05,Begumpet,Hyderabad,Telangana,Central Hyderabad,Retail Store,UPI,Delivered
ORD100476,CUST10490,2025-09-09,P001,Dell Inspiron 15,Laptop,2,60683.7,0.2,Kukatpally,Hyderabad,Telangana,North-West Hyderabad,Online,Cash on Delivery,Delivered
ORD102843,CUST10333,2025-05-18,P009,Dell 24 Monitor,Monitor,4,14059.48,0.05,Ameerpet,Hyderabad,Telangana,Central Hyderabad,Retail Store,UPI,Delivered
ORD101687,CUST10187,08/01/2025,P011,Logitech K380 Keyboard,Accessories,5,3030.87,0.15,Ameerpet,Hyderabad,Telangana,Central Hyderabad,Corporate Sales,Cash on Delivery,Cancelled
ORD101583,CUST10497,2025-09-17,P005,OnePlus 13R,Smartphone,3,39231.63,0,HITEC City,Hyderabad,Telangana,West Hyderabad,Retail Store,UPI,Delivered
ORD101731,CUST10311,2025-02-06,P005,OnePlus 13R,Smartphone,1,40660.76,0.05,Ameerpet,Hyderabad,Telangana,Central Hyderabad,Online,Debit Card,Delivered
ORD102417,CUST10175,2025-12-19,P004,Samsung Galaxy A55,Smartphone,1,33809.08,0.05,Attapur,Hyderabad,Telangana,South Hyderabad,Online,UPI,Delivered
ORD101657,CUST10204,04-11-2025,P006,iPhone 16,SMARTPHONE,1,83290.59,0.05,Ameerpet,Hyderabad,Telangana,Central Hyderabad,Online,Credit Card,Delivered
ORD100658,CUST10340,2025-04-30,P006,iPhone 16,Smartphone,2,72449.42,0.1,Attapur,Hyderabad,Telangana,South Hyderabad,Retail Store,Net Banking,Cancelled
ORD102984,CUST10278,2025-09-04,P011,Logitech K380 Keyboard,Accessories,2,2970.76,0.1,Banjara Hills,Hyderabad,Telangana,Central Hyderabad, Online ,UPI  ,Delivered
ORD100780,CUST10312,2025-11-30,P018,American Tourister Backpack,Bags,4,4053.7,0.05,Manikonda,Hyderabad,Telangana,West Hyderabad,Corporate Sales,Debit Card,Delivered
ORD102905,CUST10061,20/01/2025,P015,Apple iPad Air,Tablet,2,69714.38,0,Miyapur,Hyderabad,Telangana,North-West Hyderabad,Corporate Sales,Cash on Delivery,Delivered
ORD102700,CUST10106,2025-04-09,,JBL Tune 770NC,Audio,5,6916.4,0.05,Madhapur,Hyderabad,Telangana,West Hyderabad,Corporate Sales,Credit Card,Delivered
ORD102963,CUST10256,2026-02-15,P018,American Tourister Backpack,Bags,1,4110.24,1.5,Miyapur,Hyderabad,Telangana,North-West Hyderabad,Retail Store,UPI,Delivered
ORD102574,CUST10414,2025-03-22,P014,Samsung Galaxy Tab S9,Tablet,2,-2500,0.15,Uppal,Hyderabad,Telangana,East Hyderabad,Retail Store,Debit Card,Delivered
ORD102515,CUST10056,2025-09-14,P002,HP Pavilion 14,Laptop,1,70441.07,0.15,Kompally,Hyderabad,Telangana,North Hyderabad,Online,,DELIVERED
ORD100687,CUST10489,2025-05-30,P012,Logitech MX Master 3S,Accessories,4,8244.41,0.15,Attapur  ,Hyderabad,Telangana,South Hyderabad,Online,UPI,Delivered
ORD102960,CUST10327,10-21-2025,P005,OnePlus 13R,Smartphone,3,44597.24,0,Secunderabad,Hyderabad,Telangana,North Hyderabad,Retail Store,Debit Card,Delivered
ORD101469,CUST10398,2025-07-12,P014,Samsung Galaxy Tab S9,Tablet,3,53210,0.1,LB Nagar,Hyderabad,Telangana,East Hyderabad,Online,Cash on Delivery,Delivered
ORD100145,CUST10300,2025-10-25,P003,HP Pavilion 14,Laptop,4,65242.52,0.05,Madhapur,Hyderabad,Telangana,West Hyderabad,Retail Store,Net Banking,Delivered
ORD101336,CUST10166,27/06/2025,P009,Dell 24 Monitor,Monitor,4,14358.48,0.1,Attapur,Hyderabad,Telangana,South Hyderabad,Corporate Sales,UPI,Delivered
ORD101738,CUST10180,04/01/2025,P009,Dell 24 Monitor,Monitor,1,,0.05,Manikonda,Hyderabad,Telangana,West Hyderabad,Online,UPI,Delivered
ORD101309,CUST10208,2025-05-30,P005,OnePlus 13R,Smartphone,3,38996.34,0,Tarnaka,Hyderabad,Telangana,East Hyderabad, Online ,Net Banking,Delivered
ORD102383,CUST10494,2025-01-22,P010,LG UltraGear 27,Monitor,4,28831.44,0.2,Dilsukhnagar,Hyderabad,Telangana,East Hyderabad,Corporate Sales,UPI,Delivered
ORD102970,CUST10054,2025-04-13,P013,HP Wireless Mouse,Accessories,1,1650.61,0.15,HITEC City,Hyderabad,Telangana,West Hyderabad,Retail Store,Cash on Delivery,Delivered
ORD102543,CUST10461,2025-07-06,P014,Samsung Galaxy Tab S9,Tablet,3,52471.94,0.1,Nallagandla,Hyderabad,Telangana,West Hyderabad,Retail Store,Credit Card,Delivered
ORD100284,CUST10111,2025-08-29,P010,LG UltraGear 27,Monitor,2,29128.65,0.05,Nallagandla,Hyderabad,Telangana,West Hyderabad,Retail Store,Cash on Delivery,Delivered
ORD101001,CUST10083,2025-12-25,P013,HP Wireless Mouse,Accessories,1,1605.04,0.2,Madhapur,Hyderabad,Telangana,West Hyderabad,Online,Net Banking,Delivered
ORD101987,CUST10461,2025-12-16,P006,iPhone 16,Smartphone,2,77635.17,0.2,Ameerpet,Hyderabad,Telangana,Central Hyderabad,Corporate Sales,Debit Card,Delivered
ORD100211,CUST10346,2025-04-15,P012,Logitech MX Master 3S  ,Accessories,4,8767.92,0.2,HITEC City,Hyderabad,telangana,West Hyderabad,Corporate Sales,UPI,Cancelled
ORD100800,CUST10354,2025-06-23,P004,Samsung Galaxy A55,Smartphone,5,36681.07,0.15,Miyapur,Hyderabad,Telangana,North-West Hyderabad,Online,UPI,Delivered
ORD100060,CUST10133,2025-04-10,P005,OnePlus 13R,Smartphone,,45348.21,0.1,Nallagandla,Hyderabad,Telangana,West Hyderabad,Online,UPI,Delivered
ORD102571,CUST10488,2025-02-05,P010,LG UltraGear 27,Monitor,1,28796.53,0.15,Kondapur,Hyderabad,Telangana,West Hyderabad,Retail Store,Debit Card,Returned
ORD101505,CUST10074,2025-08-05,P008,JBL Tune 770NC,Audio,3,7217.46,0.05,Kukatpally,Hyderabad,Telangana,North-West Hyderabad,Online,UPI  ,Delivered
ORD101462,CUST10187,2025-08-24,P007,Sony WH-1000XM5,Audio,2,28287.24,0.1,Secunderabad,Hyderabad,Telangana,North Hyderabad,Retail Store,Credit Card,Shipped
ORD100590,CUST10346,2025-09-26,P009,Dell 24 Monitor,Monitor,1,15323.64,0,Secunderabad,Hyderabad,Telangana,North Hyderabad,Retail Store,UPI,Delivered
ORD101344,CUST10108,2025-01-14,P011,Logitech K380 Keyboard,Accessories,2,3170.35,0.05,Kompally,Hyderabad,Telangana,north hyderabad,Retail Store,Debit Card,Delivered
ORD100208,CUST10208,2025-11-26,P018,American Tourister Backpack,Bags,1,4145.21,0.1,Tarnaka,Hyderabad,Telangana,East Hyderabad,Online,Net Banking,Delivered
ORD102272,CUST10411,2025-07-11,P011,Logitech K380 Keyboard,Accessories,1,3180.01,0.2,Jubilee Hills,Hyderabad,Telangana  ,Central Hyderabad,Online,Net Banking,Shipped
ORD101495,,2025-07-15,P006,iPhone 16,Smartphone,2,74248.88,0.15,Madhapur,Hyderabad,Telangana  ,West Hyderabad,Retail Store,Credit Card,Delivered
ORD100697,CUST10457,2025-04-24,P001,dell inspiron 15,Laptop,2,60605.26,0,Begumpet,Hyderabad,Telangana,Central Hyderabad,Online,Net Banking,Delivered
ORD100274,CUST10491,2025-01-07,P009,Dell 24 Monitor,Monitor,3,14721.41,0.05,Madhapur,Hyderabad,Telangana,West Hyderabad,Retail Store,Debit Card,Returned
ORD102093,CUST10244,2025-01-01,P005,OnePlus 13R,SMARTPHONE,1,44495.59,0.1,Uppal,Hyderabad,Telangana,East Hyderabad,Retail Store,Net Banking,Returned
ORD101679,CUST10351,17/08/2025,P014,Samsung Galaxy Tab S9,Tablet  ,1,48290.39,0.1,Mehdipatnam,Hyderabad,Telangana,South Hyderabad,Online,UPI,Shipped
ORD102674,CUST10449,25/09/2025,P011,Logitech K380 Keyboard,Accessories,3,3252.79,0.1,Begumpet,Hyderabad  ,Telangana,Central Hyderabad,Retail Store,Net Banking,Delivered
ORD102881,CUST10130,2025-05-05,P015,Apple iPad Air,Tablet,4,62721.72,0.1,Uppal,Hyderabad,Telangana,East Hyderabad,Online,Cash on Delivery,Delivered
ORD101856,CUST10083,2025-01-09,P018,American Tourister Backpack,Bags,1,3880.12,0.15,Begumpet,Hyderabad,Telangana,Central Hyderabad,Online,UPI,Delivered
ORD101268,CUST10103,2025-09-07,P002,HP Pavilion 14,Laptop,4,67792.75,0.15,Attapur,Hyderabad,Telangana,South Hyderabad,Retail Store,UPI,Delivered
ORD102460,CUST10413,2025-10-08,P007,Sony WH-1000XM5,Audio,2,30211.61,0,Begumpet,Hyderabad, Telangana ,Central Hyderabad,Retail Store,UPI,Shipped
ORD101700,CUST10244,2025-11-27,P003,Lenovo IdeaPad Slim 5,Laptop,2,56193.54,0,Kukatpally,Hyderabad,Telangana,North-West Hyderabad,Retail Store,Credit Card,Delivered
ORD101166,CUST10277,2025-06-05,P011,Logitech K380 Keyboard,Accessories,1,3070.31,0.05,Miyapur,Hyderabad,Telangana,North-West Hyderabad,Retail Store,Debit Card,Delivered
ORD102463,CUST10328,2025-11-18,P007,HP Pavilion 14,Laptop,2,69617.41,0.15,Nallagandla,Hyderabad,Telangana,West Hyderabad,Retail Store,Credit Card,Delivered
ORD100756,CUST10008,2025-12-30,P012,Logitech MX Master 3S,Accessories,4,7956.33,0.05,Kukatpally,Hyderabad,Telangana,North-West Hyderabad,Online,Net Banking,Delivered
ORD102062,CUST10404,09-19-2025,P011,Logitech K380 Keyboard,Accessories,5,3221.46,0.05,Banjara Hills,Hyderabad,Telangana,Central Hyderabad,Corporate Sales,Net Banking,Delivered
ORD102996,CUST10313,2025-08-01,P001,Dell Inspiron 15,Laptop,3,59528.5,0.1,Dilsukhnagar,Hyderabad,Telangana,East Hyderabad,Retail Store,UPI,Delivered
ORD100748,CUST10078,2025-03-06,P016,Green Soul Monster Chair,Furniture,1,14276.04,0.15,Attapur,Hyderabad,Telangana,South Hyderabad,Retail Store,Net Banking,Delivered
ORD100272,CUST10477,2025-03-21,P018,American Tourister Backpack,Bags,1,4130.53,0.1,Gachibowli,Hyderabad,Telangana,West Hyderabad,Online,Credit Card,Delivered
ORD100439,CUST10382,2025-03-29,P001,DELL INSPIRON 15,Laptop,3,60991.24,0.15,Secunderabad,Hyderabad,Telangana,North Hyderabad,Corporate Sales,UPI,Delivered
ORD101086,CUST10314,2025-04-06,P003,Lenovo IdeaPad Slim 5,Laptop,1,55486.05,1.1,Gachibowli,Hyderabad,Telangana,West Hyderabad,Online,UPI,Delivered
ORD101919,CUST10113,2025-08-21,P012,Logitech MX Master 3S,Accessories  ,2,8649.81,0.05,Madhapur,Hyderabad,Telangana,West Hyderabad,Online,Credit Card,Delivered
ORD102106,CUST10155,2025-03-30,P003,Lenovo IdeaPad Slim 5,Laptop,1,60783.62,0.15,LB Nagar,Hyderabad,Telangana,East Hyderabad,Online,,Shipped
ORD101246,CUST10278,2025-01-13,P014,Samsung Galaxy Tab S9,Tablet,2,52476.92,0,Mehdipatnam,Hyderabad,Telangana,South Hyderabad,Online,Net Banking,Delivered
ORD100806,CUST10121,2025-03-30,P005,OnePlus 13R,Smartphone,5,42546.63,0.1,Tarnaka,Hyderabad,Telangana,East Hyderabad,Retail Store,Net Banking,Delivered  
ORD101785,CUST10018,2025-04-18,P005,OnePlus 13R,Smartphone,1,43682.91,0.15,HITEC City,Hyderabad,Telangana,West Hyderabad,Online,Debit Card,Delivered
ORD102920,CUST10492,2025-03-05,P004,Samsung Galaxy A55,Smartphone,3,35003.42,0.05,Mehdipatnam,Hyderabad,Telangana,South Hyderabad,Online,Cash on Delivery,Delivered
ORD100708,CUST10227,2025-09-01,P007,Sony WH-1000XM5,Audio,1,29550.62,0.1,Gachibowli,Hyderabad,Telangana,West Hyderabad,Online,Debit Card,Delivered
ORD101809,CUST10442,2025-06-27,P011,Logitech K380 Keyboard,Accessories,3,2984.36,0.1,Uppal,Hyderabad,Telangana,East Hyderabad,Retail Store,Net Banking,Shipped
ORD101012,CUST10099,2025-01-13,P003,Lenovo IdeaPad Slim 5,Laptop,5,57664.12,0.05,LB Nagar,Hyderabad,Telangana,East Hyderabad, Retail Store ,UPI,Delivered
ORD100181,CUST10440,18/11/2025,P014,samsung galaxy tab s9,Tablet,2,53253.2,0.1,Tarnaka,Hyderabad,Telangana,East Hyderabad,Corporate Sales,UPI,Delivered
ORD100899,CUST10188,2025-09-05,P014,Samsung Galaxy Tab S9,Tablet,2,,0,Ameerpet,HYDERABAD,Telangana,Central Hyderabad,Retail Store,Net Banking,Delivered
ORD102041,CUST10410,23/09/2025,P002, HP Pavilion 14 ,Laptop,2,71296,0.15,Nallagandla,Hyderabad,Telangana,West Hyderabad,Retail Store,Debit Card,Delivered
ORD100902,CUST10133,2025-01-14,P003,Lenovo IdeaPad Slim 5,Laptop,1,55814.11,0.1,Uppal,Hyderabad,Telangana,East Hyderabad,Online,Credit Card,Delivered
ORD101419,CUST10318,2025-02-28,P009,Dell 24 Monitor,Monitor,1,14974.08,0.1,Banjara Hills,Hyderabad,Telangana,Central Hyderabad,Retail Store,Cash on Delivery,Returned
ORD102279,CUST10132,2025-03-27,P007,Sony WH-1000XM5,Audio,3,26759.32,0.1,Kukatpally,Hyderabad,Telangana,North-West Hyderabad,Online,Credit Card,Delivered
ORD102566,CUST10120,2025-08-28,P014,Samsung Galaxy Tab S9,Tablet,1,52307.06,0.05,Dilsukhnagar,Hyderabad,Telangana,East Hyderabad,Online,UPI,Delivered
ORD102134,CUST10199,2025-08-28,P017,IKEA Linnmon Desk,Furniture,0,9769.16,0.1,HITEC City,Hyderabad,Telangana,West Hyderabad,Online,Credit Card,Delivered
  ORD100515 ,CUST10156,29/03/2025,P004,Samsung Galaxy A55,Smartphone,2,33588.34,0.15,Tarnaka,Hyderabad,Telangana,East Hyderabad,Online,Credit Card,Shipped
ORD100411,CUST10269,2025-09-16,P008,iPhone 16,Smartphone,1,76330.26,0,HITEC City,Hyderabad,Telangana,West Hyderabad,Retail Store,UPI,Delivered
ORD102857,CUST10165,2025-02-12,P009,dell 24 monitor,Monitor,1,15487.99,0.2,Jubilee Hills,Hyderabad,Telangana,Central Hyderabad,Online,Cash on Delivery,Delivered
ORD101472,CUST10206,21/10/2025,P007,Sony WH-1000XM5,Audio,1,27744.91,0,Kompally,Hyderabad,Telangana,North Hyderabad,Corporate Sales,UPI,Shipped
ORD101382,CUST10424,2025-06-05,P009,Dell 24 Monitor,Monitor,1,13936.6,0.2,Dilsukhnagar,Hyderabad,Telangana,East Hyderabad,Online,UPI,Delivered
ORD101166,CUST10277,2025-06-05,P011,Logitech K380 Keyboard,Accessories,1,3070.31,0.05,Miyapur,Hyderabad,Telangana,North-West Hyderabad,Retail Store,Debit Card,Delivered
ORD100122,CUST10049,2025-05-03,P018,American Tourister Backpack,Bags,1,4096.54,0.1,Kompally, Hyderabad ,Telangana,North Hyderabad,Retail Store,Credit Card,Delivered
ORD100588,CUST10077,2025-07-23,P003,Lenovo IdeaPad Slim 5,Laptop,5,57907.27,0.05,Ameerpet,Hyderabad,Telangana,Central Hyderabad,Online,UPI, Cancelled 
ORD100858,CUST10259,2025-07-25,P010,LG UltraGear 27,Monitor,5,27530.1,0.1,Secunderabad,Hyderabad,Telangana,North Hyderabad,Online,Net Banking,Cancelled
ORD102364,CUST10280,2025-01-21,P009,Dell 24 Monitor,Monitor,4,14390.94,0.05,Uppal,Hyderabad,Telangana,East Hyderabad,Online,UPI,Delivered
ORD102369,CUST10496,2025-02-11,P014,Samsung Galaxy Tab S9,Tablet,4,53728.62,0,Banjara Hills,Hyderabad,Telangana,Central Hyderabad,Online,Debit Card,Cancelled
ORD100390,CUST10125,2025-07-05,P006,iPhone 16,Smartphone,4,76793.7,0.1,Ameerpet,Hyderabad,Telangana,Central Hyderabad,Retail Store,CASH ON DELIVERY,Delivered
ORD100717,CUST10294,2025-11-28,P014,Samsung Galaxy Tab S9,Tablet,4,48244.31,0.15,Mehdipatnam, Hyderabad ,Telangana,South Hyderabad,Retail Store,UPI,Shipped
ORD101414,CUST10062,2025-08-17,P001,Dell Inspiron 15,Laptop,5,60172.3,0.05,Mehdipatnam,Hyderabad,Telangana,South Hyderabad,Online,UPI,Delivered
ORD102323,CUST10465,27/11/2025,P006,iPhone 16,Smartphone,1,81791.73,0.15,Uppal,Hyderabad,Telangana,East Hyderabad,Retail Store,Debit Card,Delivered
ORD100696,CUST10478,03-01-2025,P004,Samsung Galaxy A55,Smartphone,2,35678.3,0.15,Ameerpet,Hyderabad,Telangana,CENTRAL HYDERABAD,Online,UPI,Shipped
ORD100803,CUST10372,2025-07-02,P004,Samsung Galaxy A55,Smartphone,2,37888.29,0.15,Nallagandla,Hyderabad,Telangana,West Hyderabad,Online,Credit Card,Shipped
ORD102014,CUST10486,2025-12-20,P006,iPhone 16,Smartphone,2,75467.18,0,Madhapur,Hyderabad,Telangana,West Hyderabad,Online,Credit Card,Delivered
ORD100961,CUST10264,2025-10-02,P017,IKEA Linnmon Desk,Furniture,5,9852.14,0,HITEC City,Hyderabad,Telangana,West Hyderabad,Retail Store,net banking,Delivered
ORD100025,CUST10187,2025-05-02,P010,LG UltraGear 27,Monitor,5,28444.6,0.1,Attapur,Hyderabad,Telangana,South Hyderabad,Retail Store,UPI,Delivered
ORD101144,CUST10407,2025-11-16,P003,Lenovo IdeaPad Slim 5,Laptop,2,61464.91,0.1,Ameerpet,Hyderabad,Telangana,Central Hyderabad,Retail Store,Credit Card,Cancelled
ORD102549,CUST10181,2025-11-16,P018,American Tourister Backpack,Bags,4,4123.66,0.05,Manikonda,Hyderabad,Telangana,West Hyderabad,Corporate Sales,Credit Card,Delivered
ORD100610,CUST10179,2025-12-09,P009,Dell 24 Monitor,Monitor,5,14876.72,0.05,Madhapur,Hyderabad,Telangana,West Hyderabad,Retail Store,Net Banking,Delivered
ORD102402,CUST10104,2025-12-22,P005,OnePlus 13R,Smartphone,2,38977.14,0.2,Attapur,Hyderabad,Telangana,South Hyderabad,Online,UPI,Delivered
ORD101734,CUST10378,2025-03-16,P010,LG UltraGear 27,Monitor,2,28837.31,0.1,Miyapur,Hyderabad,Telangana,North-West Hyderabad,Online,UPI,Delivered
ORD101426,CUST10400,10-11-2025,P013,HP Wireless Mouse,Accessories,1,1631.59,0.05,HITEC City,Hyderabad,Telangana,West Hyderabad,Online,Debit Card  ,Cancelled
ORD101909,CUST10314,2025-09-27,P003,Lenovo IdeaPad Slim 5,Laptop,1,57786.94,0.1,Nallagandla,Hyderabad,Telangana,West Hyderabad,Retail Store,Credit Card,Delivered
ORD100579,CUST10308,30/06/2025,P015,Apple iPad Air,Tablet,1,60248.44,0.2,Mehdipatnam,Hyderabad,Telangana,South Hyderabad,Online,Cash on Delivery,Shipped
ORD101654,CUST10285,2025-04-23,P003,Lenovo IdeaPad Slim 5,Laptop,2,58920.54,1.1,Tarnaka,Hyderabad,Telangana,East Hyderabad,Online,Credit Card,Delivered
ORD102448,CUST10128,03/03/2025,P009,Dell 24 Monitor,Monitor,2,14762.96,0.05,Mehdipatnam,Hyderabad,Telangana,South Hyderabad,Online,Net Banking,Delivered
ORD101669,CUST10304,2025-10-06,P018,American Tourister Backpack,Bags,1,4226.76,0.1,Ameerpet,Hyderabad,Telangana,Central Hyderabad,Retail Store,Credit Card,cancelled
ORD102698,CUST10034,2025-08-16,P010,LG UltraGear 27,Monitor,4,30167.99,0.1,Dilsukhnagar,Hyderabad,Telangana,East Hyderabad,Retail Store,UPI,Delivered
ORD102209,CUST10145,30/04/2025,P009,Dell 24 Monitor,Monitor,2,14951.88,0.15,Gachibowli,Hyderabad,Telangana,West Hyderabad,Retail Store,Cash on Delivery,Shipped  
ORD100925,CUST10145,05/03/2025,P010,LG UltraGear 27,Monitor,1,30005.48,0.1,Banjara Hills,Hyderabad,Telangana,Central Hyderabad,Retail Store,Net Banking,Delivered
ORD100598,CUST10491,2025-04-02,P010,LG UltraGear 27,Monitor,3,28991.09,0.05,Miyapur,Hyderabad,Telangana,North-West Hyderabad,Retail Store,Credit Card,Delivered
ORD101275,CUST10181,2025-04-14,P011,Logitech K380 Keyboard,Accessories,1,3319.53,0.05,LB Nagar,Hyderabad,Telangana,East Hyderabad,Retail Store,Credit Card,Delivered
ORD102352,CUST10173,09-29-2025,P018,American Tourister Backpack,Bags,1,4011.35,0.15,Kukatpally,Hyderabad,Telangana,North-West Hyderabad,Retail Store,Cash on Delivery,Delivered
  ORD100759 ,CUST10338,02-01-2025,P009,Dell 24 Monitor,Monitor,1,13706.72,0,HITEC City,Hyderabad,Telangana,West Hyderabad,Corporate Sales,Net Banking,Delivered
ORD100532,CUST10437,2025-12-07,P012,Logitech MX Master 3S,Accessories,4,8501.09,0.15,Jubilee Hills,Hyderabad,Telangana,Central Hyderabad,Online,UPI,Delivered
ORD101160,CUST10264,2025-02-14,P006,iPhone 16,Smartphone,4,78637.81,0.1,Kondapur,Hyderabad,Telangana,West Hyderabad,Corporate Sales,Net Banking,Delivered
ORD102974,CUST10485,2025-11-16,P011,Logitech K380 Keyboard,Accessories,1,3318.21,0.2,Kukatpally,Hyderabad,Telangana,North-West Hyderabad,Online,credit card,Delivered
ORD101638,CUST10363,2025-04-06,P005,OnePlus 13R,Smartphone,5,42347.21,0,Tarnaka,Hyderabad,Telangana,East Hyderabad  ,Retail Store,Net Banking,Cancelled
ORD102389,CUST10134,2025-08-27,P014,Samsung Galaxy Tab S9,Tablet,5,56102.15,0.15,Secunderabad,Hyderabad,Telangana,North Hyderabad,Retail Store,UPI,Shipped
ORD102461,CUST10079,2025-12-22,P018,American Tourister Backpack,Bags,1,3899.56,0.15,Manikonda,Hyderabad,Telangana,West Hyderabad,Corporate Sales,Credit Card,Delivered
ORD101458,CUST10338,2025-01-10,P017,IKEA Linnmon Desk,Furniture,1,8997.5,0.1,Nallagandla,Hyderabad,Telangana,West Hyderabad,Retail Store,Debit Card,Delivered
ORD100776,CUST10228,2025-05-22,P015,Apple iPad Air,Tablet,3,60438.78,0.15,Begumpet,Hyderabad,Telangana,Central Hyderabad,Corporate Sales,UPI,Delivered
ORD102723,CUST10022,2025-07-20,,Dell 24 Monitor,Monitor,2,14330.9,0.05,Nallagandla,Hyderabad,Telangana,West Hyderabad,Online,Credit Card,Shipped
ORD101108,CUST10021,2025-03-30,P009,dell 24 monitor,Monitor,1,14319.73,0.05,Kukatpally,Hyderabad,Telangana,North-West Hyderabad,Online,Cash on Delivery,Delivered
ORD102372,CUST10188,2025-04-09,P016,Green Soul Monster Chair,Furniture,2,13139.07,0.1,Tarnaka,Hyderabad,Telangana,East Hyderabad,Online,Credit Card,Delivered
ORD101867,CUST10458,20/12/2025,P018,American Tourister Backpack,Bags,1,4510.39,0.1,Begumpet,Hyderabad,Telangana,Central Hyderabad,Corporate Sales,UPI,Delivered
ORD100619,CUST10041,2025-07-03,P003,Lenovo IdeaPad Slim 5,LAPTOP,2,55683.67,0.1,Tarnaka,Hyderabad,Telangana,East Hyderabad,Online,Credit Card,Delivered
ORD100299,CUST10077,06-10-2025,P004,samsung galaxy a55,Smartphone,4,37156.78,0.2,Dilsukhnagar,Hyderabad,Telangana,East Hyderabad,Corporate Sales,Credit Card,Delivered
ORD101276,CUST10137,11/11/2025,P015,Apple iPad Air,Tablet,2,69238.71,0.15,LB Nagar,Hyderabad,Telangana,East Hyderabad,Retail Store,Debit Card,Returned
ORD101721,CUST10378,2025-06-23,P005,OnePlus 13R,Smartphone,2,42545.26,0.05,Tarnaka,Hyderabad,Telangana,East Hyderabad,Online,Net Banking,Delivered
ORD102495,CUST10119,2025-10-22,P010,LG UltraGear 27,Monitor,2,29551.28,0.1,Miyapur,Hyderabad,Telangana  ,North-West Hyderabad,Corporate Sales,UPI,Delivered
ORD101499,CUST10280,2025-01-23,P018,American Tourister Backpack,BAGS,1,4523.89,0.1,Miyapur,Hyderabad,Telangana,North-West Hyderabad,Corporate Sales,UPI,Shipped
ORD102585,CUST10041,2025-09-05,P007,Sony WH-1000XM5,Audio,1,28883.55,0.05,Ameerpet,Hyderabad,Telangana,Central Hyderabad,Online,Credit Card,Delivered
ORD100596,CUST10287,2025-07-04,P009,Dell 24 Monitor,Monitor,5,13824.17,0.2,Mehdipatnam,Hyderabad,Telangana,South Hyderabad,Online,UPI,Returned
ORD101696,CUST10309,11-17-2025,P012,Logitech MX Master 3S,Accessories,3,8170.53,0.05,Secunderabad,Hyderabad,Telangana,North Hyderabad,Retail Store,UPI,Delivered
ORD100611,CUST10021,2025-06-21,P003,Lenovo IdeaPad Slim 5,Laptop,4,,0.05,Begumpet,Hyderabad,Telangana,Central Hyderabad,Online,Cash on Delivery,Delivered
ORD102526,CUST10345,14/09/2025,P002,HP Pavilion 14,Laptop,2,69583.55,0,Kondapur,Hyderabad,Telangana,West Hyderabad,Retail Store,Credit Card,Delivered
ORD100707,CUST10448,2025-12-30,P005,OnePlus 13R,Smartphone,2,38710.02,0.15,Banjara Hills,Hyderabad,Telangana,Central Hyderabad,Online,Debit Card,Delivered
ORD101211,CUST10079,2025-09-16,P017,IKEA Linnmon Desk,Furniture,2,8849.74,0.1,Uppal,Hyderabad,Telangana,East Hyderabad,Retail Store,UPI,Shipped
ORD101116,CUST10416,2025-09-19,P005,OnePlus 13R,Smartphone,3,38714.36,,LB Nagar,Hyderabad,Telangana,East Hyderabad,Retail Store  ,Cash on Delivery,Returned
ORD102455,CUST10427,2025-09-16,P008,JBL Tune 770NC,Audio,4,7764.72,0,Banjara Hills,Hyderabad,Telangana,Central Hyderabad,Retail Store,Net Banking,Delivered
ORD101362,CUST10172,2025-11-07,P005,OnePlus 13R,Smartphone,1,42308.36,0,Dilsukhnagar,Hyderabad,Telangana,EAST HYDERABAD,Online,Credit Card,Delivered
ORD102982,CUST10410,2025-07-01,P018,American Tourister Backpack,Bags,3,4228.51,0.15,KUKATPALLY,Hyderabad,Telangana,North-West Hyderabad,Retail Store,Debit Card,Delivered
ORD101156,CUST10426,2025-05-15,P012,Logitech MX Master 3S,Accessories,1,,0.1,Attapur,Hyderabad,Telangana,south hyderabad,Online,UPI,Delivered
ORD102143,CUST10411,06/12/2025,P011,Logitech K380 Keyboard,Accessories,4,3134.96,0.15,Kukatpally,Hyderabad,Telangana,North-West Hyderabad,Online,Cash on Delivery,Delivered
ORD101406,CUST10190,2025-12-25,P011,Logitech K380 Keyboard,Accessories,2,3174.01,0.1,Attapur,Hyderabad,Telangana,South Hyderabad,Retail Store,UPI,Delivered
ORD101115,CUST10001,2025-09-26,P001,Dell Inspiron 15,Laptop,1,59688.11,0.1,Tarnaka,Hyderabad,Telangana,East Hyderabad,Retail Store,UPI,Delivered
ORD101013,CUST10052,06-01-2025,P007,Sony WH-1000XM5,Audio,1,27339.08,0.1,Uppal,Hyderabad,Telangana,East Hyderabad,Online,Debit Card,Delivered
ORD102573,CUST10030,2025-11-19,P013,iPhone 16,Smartphone,3,81118.45,0.1,Madhapur,Hyderabad,Telangana,West Hyderabad,Corporate Sales,UPI,Cancelled
ORD100024,CUST10041,2025-01-21,P018,American Tourister Backpack,Bags,1,4305.29,0.1,Miyapur,Hyderabad,Telangana,North-West Hyderabad,Online,UPI,Delivered
ORD101348,CUST10491,10-24-2025,P001,Dell Inspiron 15,Laptop,2,65114.53,0.1,Kompally,Hyderabad,Telangana,North Hyderabad,Corporate Sales,UPI,Returned
ORD101463,CUST10200,2025-11-29,P004,Samsung Galaxy A55,Smartphone,2,35664.81,0.1,Mehdipatnam,Hyderabad,Telangana,South Hyderabad,Online,Debit Card,Returned
ORD102603,CUST10029,2025-06-15,P012,Logitech MX Master 3S,Accessories,2,8157.46,0.1,Kondapur,Hyderabad,Telangana,West Hyderabad,Online,UPI,Delivered
ORD102945,CUST10357,2025-07-20,P001,Dell Inspiron 15,Laptop,1,63094.21,0.1,Kondapur,Hyderabad,Telangana,West Hyderabad,Online,UPI,Delivered
ORD102538,CUST10150,2025-05-15,P017,IKEA Linnmon Desk,Furniture,3,9648.6,0.05,Dilsukhnagar,Hyderabad,Telangana,East Hyderabad,Retail Store,UPI,Delivered
ORD100553,CUST10186,2025-08-01,P003,Lenovo IdeaPad Slim 5,Laptop,2,63166.31,0,Tarnaka,Hyderabad,Telangana,East Hyderabad,Online,UPI,Cancelled
ORD101113,CUST10018,2025-12-22,P014,Samsung Galaxy Tab S9,Tablet,,51246.12,0.15,Jubilee Hills,Hyderabad,Telangana,Central Hyderabad,Online,,Delivered
ORD101873,CUST10153,18/07/2025,P011,Logitech K380 Keyboard,Accessories,2,3052.36,0.05,Tarnaka,Hyderabad,Telangana,East Hyderabad,Online,Net Banking,Delivered
ORD101035,CUST10086,2025-01-02,P016,Green Soul Monster Chair,Furniture,2,12987.24,0.2,Tarnaka,Hyderabad,Telangana,East Hyderabad,corporate sales,Credit Card,Delivered
ORD102458,CUST10111,2025-07-03,P004,Samsung Galaxy A55,Smartphone,2,34225.1,0.1,Kukatpally,Hyderabad,Telangana,North-West Hyderabad,Online,UPI,Shipped
ORD101960,CUST10063,2025-02-19,P004,Samsung Galaxy A55,Smartphone,2,35677.66,0.15,Jubilee Hills,HYDERABAD,Telangana,Central Hyderabad,Online,Net Banking,Cancelled
ORD102431,CUST10412,2025-12-31,P006,iPhone 16,Smartphone,5,83009.69,0.05,Gachibowli,Hyderabad,Telangana,West Hyderabad,Online,UPI,Delivered
ORD101942,CUST10382,,P006,iPhone 16,Smartphone,2,79253.06,0.05,Ameerpet,Hyderabad,Telangana,Central Hyderabad,Corporate Sales,UPI,Delivered
ORD101330,CUST10055,2025-01-20,P015,Apple iPad Air,Tablet,1,66419.21,0.15,Dilsukhnagar,Hyderabad,Telangana,East Hyderabad,Online,Credit Card,Delivered
ORD100255,CUST10500,2025-08-28,P010,LG UltraGear 27,Monitor,3,29498.06,0.05,Secunderabad,Hyderabad,Telangana,North Hyderabad,Retail Store,Cash on Delivery,Delivered
ORD102291,CUST10005,10/10/2025,P011,Logitech K380 Keyboard,Accessories,1,3250.44,0.05,Gachibowli,Hyderabad,Telangana,West Hyderabad,Online,UPI,Delivered
ORD101832,CUST10308,08-28-2025,P010,LG UltraGear 27,Monitor,3,26400.29,0.2,Ameerpet,Hyderabad,Telangana,Central Hyderabad,Online,UPI,Delivered
ORD100043,CUST10364,2025-11-25,P015,Apple iPad Air, Tablet ,3,69525.77,,Gachibowli,Hyderabad,Telangana,West Hyderabad,Online,UPI,Cancelled
ORD102552,CUST10033,2025-10-30,P005,OnePlus 13R,Smartphone,2,38911.45,0.1,Mehdipatnam,Hyderabad,Telangana,South Hyderabad,Online,UPI,Returned
ORD102917,CUST10445,2025-05-21,P003,Lenovo IdeaPad Slim 5,Laptop,1,60894.31,0.05,Kondapur,Hyderabad,Telangana,West Hyderabad,Retail Store,Credit Card,Delivered
ORD101512,CUST10432,29/03/2025,P004,Samsung Galaxy A55,Smartphone,1,37449.75,0.05,Gachibowli,Hyderabad,Telangana,West Hyderabad,Retail Store,Cash on Delivery,Delivered
ORD100018,CUST10462,2025-04-21,P005,OnePlus 13R,Smartphone,1,38837.1,0.1,TARNAKA,Hyderabad,Telangana,East Hyderabad,Retail Store,UPI,Delivered
ORD100180,CUST10438,2025-08-23,P007,Sony WH-1000XM5,Audio,4,27348.44,0.05,LB Nagar,Hyderabad,Telangana,East Hyderabad,Corporate Sales,Debit Card,Delivered
ORD100408,CUST10226,2025-04-16,P009,DELL 24 MONITOR,Monitor,1,13585.73,0,Gachibowli,Hyderabad,Telangana,West Hyderabad,Online,Credit Card,Delivered
ORD101214,CUST10205,09/09/2025,P017,IKEA Linnmon Desk,Furniture,4,10227.06,0.05,Ameerpet,Hyderabad,Telangana,Central Hyderabad,Online,Debit Card,Delivered
ORD100709,CUST10491,2025-03-22,P018,American Tourister Backpack,Bags,4,4159.62,0.1,Miyapur,Hyderabad,telangana,North-West Hyderabad,Retail Store,Debit Card,Delivered
ORD102662,CUST10425,2025-10-07,P012,Logitech MX Master 3S,Accessories,4,7960.8,0.15,Nallagandla,Hyderabad,Telangana,West Hyderabad,Online,Net Banking,Returned
ORD100523,CUST10455,2025-05-10,P015,Apple iPad Air,Tablet,1,68097,0.1,Kondapur,Hyderabad,Telangana,South Hyderabad,Online,Credit Card,Delivered
ORD100198,CUST10043,,P005,OnePlus 13R,Smartphone,2,42452.54,0.05,Nallagandla,Hyderabad,Telangana,West Hyderabad,Corporate Sales,Debit Card,Returned
ORD100852,CUST10334,05-05-2025,P010,LG UltraGear 27,Monitor,2,29529.43,0.1, Manikonda ,Hyderabad,Telangana,West Hyderabad,Online,UPI,Shipped
ORD101063,CUST10370,2025-10-23,P018,American Tourister Backpack,Bags,4,4221.5,0.15,HITEC City,Hyderabad,Telangana,West Hyderabad,Corporate Sales,Net Banking,Delivered
ORD102839,CUST10262,2025-08-19,P010,LG UltraGear 27,Monitor,2,27883.97,0.1,Attapur,Hyderabad,Telangana,South Hyderabad,Online,Credit Card,Delivered
ORD100332,CUST10450,2025-03-21,P010,OnePlus 13R,Smartphone,3,38802.48,0.05,Kompally,Hyderabad,Telangana,North Hyderabad,Retail Store,Cash on Delivery,Delivered
ORD102070,CUST10104,04/12/2025,P010,LG UltraGear 27,Monitor,3,27007.95,0.15,Gachibowli,Hyderabad,Telangana,West Hyderabad,Retail Store,Net Banking,Shipped
ORD101819,CUST10167,01-20-2025,P014,Samsung Galaxy Tab S9,Tablet,5,50476.11,0.15,Ameerpet,Hyderabad,Telangana,Central Hyderabad,Online,Net Banking,Delivered
ORD102626,CUST10058,2025-11-08,P003,Lenovo IdeaPad Slim 5,Laptop,2,62650.82,0.2,Ameerpet,Hyderabad,Telangana,Central Hyderabad,Online,UPI,Delivered
ORD101521,CUST10322,2025-01-19,P016,Green Soul Monster Chair,Furniture,5,14052.68,0.05,Gachibowli,Hyderabad,Telangana,West Hyderabad,Corporate Sales,Debit Card,Delivered
ORD100108,CUST10451,2025-11-30,P007,Sony WH-1000XM5,Audio,5,27070.31,0.05,Tarnaka,Hyderabad,Telangana,East Hyderabad,Corporate Sales,Debit Card,Delivered
ORD100169,CUST10281,2025-03-01,P007,Sony WH-1000XM5,Audio,2,29210.29,0,Tarnaka,Hyderabad,Telangana,East Hyderabad,Online,Debit Card,Delivered  
ORD102397,CUST10363,2025-07-14,P009,Dell 24 Monitor,Monitor,1,14200.66,0.15,Jubilee Hills  ,Hyderabad,Telangana,Central Hyderabad,Online,Net Banking,Shipped
ORD101588,CUST10350,2025-10-02,P012,Logitech MX Master 3S,Accessories,3,7971.35,0.1,Tarnaka,Hyderabad,Telangana,East Hyderabad,Retail Store,UPI,Returned
ORD102172,CUST10253,2025-05-07,P002,HP Pavilion 14,Laptop,2,68298.82,0.05,Tarnaka,Hyderabad,Telangana,East Hyderabad,Online,UPI,Shipped
ORD100322,CUST10104,2025-01-12,P015,Apple iPad Air,Tablet,2,69226.9,0.05,Kompally,Hyderabad,Telangana,North Hyderabad,Retail Store,Credit Card,Shipped
ORD100814,CUST10106,09/05/2025,P016,Green Soul Monster Chair,Furniture,1,13774.05,0.1,Dilsukhnagar,Hyderabad,Telangana,East Hyderabad,Online,Credit Card,Delivered
ORD100061,CUST10327,2025-08-10,P009,Dell 24 Monitor,Monitor,2,15538.85,0.1,Attapur,Hyderabad,Telangana,South Hyderabad,Online,Net Banking,Delivered
ORD100930,CUST10253,2025-03-07,P001,Dell Inspiron 15,Laptop,1,62032.04,0.1,Nallagandla,Hyderabad,Telangana,West Hyderabad,Retail Store,Cash on Delivery,Delivered
ORD100927,CUST10260,12/07/2025,P006,iPhone 16,Smartphone,2,78948.8,0.05,Manikonda,Hyderabad,Telangana,West Hyderabad,Online,Credit Card,Delivered
ORD102885,CUST10327,02-02-2025,P005,OnePlus 13R,Smartphone,3,39941.92,0.15,HITEC City,Hyderabad,Telangana,West Hyderabad,Retail Store,Debit Card,Delivered
ORD101145,CUST10074,2025-12-06,P010,LG UltraGear 27,Monitor,1,26540.36,0.1,Gachibowli, Hyderabad ,Telangana,West Hyderabad,Online,UPI,Delivered
ORD102133,CUST10037,2025-03-04,P017,IKEA Linnmon Desk,Furniture,2,9842.89,0.15,Mehdipatnam,Hyderabad,Telangana,South Hyderabad, Online ,Net Banking,Delivered
ORD101509,CUST10457,2025-02-19,P016,Green Soul Monster Chair,Furniture,1,13122.68,0.1,Jubilee Hills,Hyderabad,Telangana,Central Hyderabad,Online,Debit Card,Delivered
ORD102264,CUST10131,03-15-2025,P010,LG UltraGear 27,Monitor,1,29162.9,0.15,,Hyderabad,Telangana,North Hyderabad,Retail Store,UPI,Shipped
ORD101411,CUST10419,2025-07-01,P016,Green Soul Monster Chair,Furniture,1,13701.36,0.15,Dilsukhnagar,Hyderabad,Telangana,East Hyderabad,Retail Store,Credit Card,Delivered
ORD101580,CUST10345,06-07-2025,P003,Lenovo IdeaPad Slim 5,Laptop,5,55965,0.1,Miyapur,Hyderabad,Telangana,North-West Hyderabad,Online,Cash on Delivery,Delivered
ORD101173,CUST10213,06-01-2025,P002,HP Pavilion 14,Laptop,2,71588.31,0,Gachibowli,Hyderabad,Telangana,West Hyderabad,Corporate Sales,Debit Card,Delivered
ORD102962,CUST10185,2025-08-16,P002,HP Pavilion 14,Laptop,1,63622.7,0.15,Kukatpally,Hyderabad,Telangana,North-West Hyderabad,Online,Credit Card,Delivered
ORD102876,CUST10032,2025-05-08,P016,Green Soul Monster Chair,Furniture,4,13078.32,0,Kukatpally,Hyderabad,Telangana,North-West Hyderabad,Retail Store,Credit Card,Shipped
ORD101068,CUST10254,2025-11-02,P005,OnePlus 13R,Smartphone,5,44676.93,0.2,Begumpet,Hyderabad,Telangana,Central Hyderabad,Online,Debit Card,Delivered
ORD101112,CUST10345,09/05/2025,P013,HP Wireless Mouse,Accessories,4,1509.32,0.1,Mehdipatnam,Hyderabad,Telangana,South Hyderabad,Retail Store,Debit Card,Delivered
ORD101844,CUST10286,19/05/2025,P016,Green Soul Monster Chair,Furniture,5,13837.34,0.1,HITEC City,Hyderabad,Telangana,West Hyderabad,Corporate Sales,Credit Card,Delivered
ORD100563,CUST10006,2025-06-15,P011,Logitech K380 Keyboard,Accessories,4,3359.25,0.05,Kondapur,Hyderabad,Telangana,West Hyderabad,Online,Net Banking,Delivered
ORD100278,CUST10464,2025-11-29,P004,Samsung Galaxy A55,Smartphone,2,33575.72,0.15,Kompally,Hyderabad  ,Telangana,North Hyderabad,Corporate Sales,UPI,Delivered
ORD102684,CUST10344,2025-06-23,P016,Green Soul Monster Chair,FURNITURE,4,14018.53,0.1,Uppal,Hyderabad,Telangana,SOUTH HYDERABAD,Online,Credit Card,Delivered
ORD101319,CUST10195,2025-01-18,P003,lenovo ideapad slim 5,Laptop,5,62670.39,0.1,Mehdipatnam,Hyderabad,Telangana,South Hyderabad,Online,UPI,Delivered
ORD102915,CUST10225,2025-07-08,P005,OnePlus 13R,Smartphone,1,43420.39,0.05,Jubilee Hills,Hyderabad,Telangana,Central Hyderabad,Online,Net Banking,Delivered
ORD102377,CUST10486,2025-08-29,P001,Dell Inspiron 15,Laptop,3,66506.2,0.05,Uppal,Hyderabad,Telangana,East Hyderabad,Retail Store,UPI,Delivered
ORD101934,CUST10286,2025-02-02,P012,Logitech MX Master 3S,Accessories,4,8302.72,0.15,Secunderabad,Hyderabad,Telangana,East Hyderabad,Online,Cash on Delivery,delivered
ORD100983,CUST10156,2025-02-13,P011,Logitech K380 Keyboard,Accessories,1,3070.85,,Jubilee Hills,Hyderabad,Telangana,Central Hyderabad,Online,UPI,Delivered
ORD100035,CUST10481,06/11/2025,P003,Lenovo IdeaPad Slim 5,Laptop,2,57053.16,0.2,Begumpet,Hyderabad,Telangana,Central Hyderabad,Online,Net Banking,Delivered
ORD102234,CUST10254,2025-05-18,P013,HP Wireless Mouse,Accessories,2,1511.86,0.15,Begumpet,Hyderabad,Telangana,Central Hyderabad,Online,Cash on Delivery,Delivered
ORD100440,CUST10130,2025-05-22,P003,Lenovo IdeaPad Slim 5,Laptop,1,58349.51,0,Ameerpet,Hyderabad,Telangana,Central Hyderabad,Online,UPI,Delivered
ORD100242,CUST10480,02/04/2025,P017,iPhone 16,Smartphone,3,76673.32,0.1,Kompally,Hyderabad,Telangana,North Hyderabad,Retail Store,UPI,Returned
ORD101008,CUST10116,2025-06-24,P017,IKEA Linnmon Desk,Furniture,1,9167.1,0.15,Jubilee Hills,Hyderabad,Telangana,Central Hyderabad,Retail Store,UPI,Delivered
ORD100726,CUST10173,2025-12-12,P003, Lenovo IdeaPad Slim 5 ,Laptop,5,56155.47,0.05,Kondapur,Hyderabad,Telangana,West Hyderabad,Online,UPI,Delivered
ORD100769,CUST10304,2025-08-29,P006,iPhone 16,Smartphone,3,74212.14,0.1,Jubilee Hills,Hyderabad,Telangana,Central Hyderabad,Online,UPI,Delivered
ORD102977,CUST10156,2025-03-31,P002,HP Pavilion 14,Laptop,2,70569.42,0,Banjara Hills,Hyderabad,Telangana,Central Hyderabad,Online  ,UPI,Delivered
ORD102585,CUST10041,2025-09-05,P007,Sony WH-1000XM5,Audio,1,28883.55,0.05,Ameerpet,Hyderabad,Telangana,Central Hyderabad,Online,Credit Card,Delivered
ORD101320,CUST10129,03-16-2025,P011,Logitech K380 Keyboard,Accessories,5,3035,0,Jubilee Hills,Hyderabad,Telangana,Central Hyderabad,Online,Cash on Delivery,Delivered
ORD102692,CUST10482,2025-09-03,P012,Logitech MX Master 3S,Accessories,1,8595.8,0.15,Attapur,Hyderabad,Telangana,South Hyderabad,Online,UPI,Delivered
ORD100135,CUST10481,01/09/2025,P015,Apple iPad Air,Tablet,2,64356.16,0.05,LB Nagar,Hyderabad,Telangana,East Hyderabad,Retail Store,Cash on Delivery,Shipped
ORD102899,CUST10175,04-15-2025,P008,JBL Tune 770NC,Audio,5,7412.62,0.15,Kompally,Hyderabad,Telangana,North Hyderabad,Online,Credit Card,Shipped
ORD101797,CUST10234,2025-07-01,P005,OnePlus 13R,Smartphone,2,39554.58,0.1,Kompally,Hyderabad,Telangana,North Hyderabad,Online,Credit Card,Delivered
ORD101865,CUST10207,2025-12-11,P015,Apple iPad Air,Tablet,1,66653.1,0.2,Attapur,Hyderabad,Telangana,South Hyderabad,Online,Debit Card,Delivered
ORD102998,CUST10338,2025-05-27,P012,Logitech MX Master 3S,Accessories,,8636.31,,Mehdipatnam,Hyderabad,Telangana,South Hyderabad,Online,Net Banking,Shipped
ORD102250,CUST10117,2025-11-08,P012,Logitech MX Master 3S,Accessories,1,8610.58,0.15,Banjara Hills,Hyderabad,Telangana,Central Hyderabad,Online,Credit Card,Delivered
ORD101839,CUST10402,28/05/2025,P013,HP Wireless Mouse,Accessories,2,1662.52,0.2,Madhapur,Hyderabad,Telangana,West Hyderabad,ONLINE,UPI,DELIVERED
ORD100048,CUST10092,2025-05-27,P015,Apple iPad Air,Tablet,2,62267.12,0.05,Madhapur,Hyderabad,Telangana,West Hyderabad,Retail Store,Debit Card,Delivered
ORD102221,CUST10002,2025-11-25,P005,OnePlus 13R,Smartphone,1,43656.52,0.1,Kompally,Hyderabad,Telangana,North Hyderabad  ,Retail Store,Cash on Delivery,Delivered
ORD102729,CUST10065,2025-09-20,P011,Logitech K380 Keyboard,Accessories,1,3277.73,0.15,Begumpet,Hyderabad,Telangana,Central Hyderabad,Online,UPI,Delivered
ORD102883,CUST10084,02-18-2025,P016,Green Soul Monster Chair,Furniture,1,12705.5,0.05,Madhapur,Hyderabad,Telangana,West Hyderabad,Corporate Sales,Debit Card,Delivered
ORD100942,CUST10467,2025-07-29,P005,OnePlus 13R,Smartphone,2,41626.95,0.1,Mehdipatnam,Hyderabad,Telangana,South Hyderabad,Retail Store,Cash on Delivery,Delivered
ORD101020,CUST10386,2025-10-11,P012,Logitech MX Master 3S,Accessories,2,8049.73,0.15,Gachibowli,Hyderabad,Telangana,West Hyderabad,Online,Net Banking,Delivered
ORD100218,CUST10248,2025-05-26,P012,Logitech MX Master 3S,Accessories,2,8663.59,0.2,Secunderabad,Hyderabad,Telangana,North Hyderabad,Online,UPI,Delivered
ORD101888,CUST10347,2025-05-18,P002,HP Pavilion 14,Laptop,1,70353.79,0.15,Tarnaka,Hyderabad,Telangana,East Hyderabad,Retail Store,Debit Card,Delivered
ORD101614,CUST10164,2025-06-02,P016,Green Soul Monster Chair,Furniture,3,14386.93,0.15,Manikonda,Hyderabad,Telangana,West Hyderabad,Online,UPI,Delivered
ORD102149,CUST10135,2025-05-16,P004,Samsung Galaxy A55,Smartphone,1,38513.93,0.05,Attapur,Hyderabad,Telangana,South Hyderabad,Retail Store,UPI,Delivered
ORD100742,CUST10206,21/12/2025,P005,ONEPLUS 13R,Smartphone,1,39220.27,0.15,Mehdipatnam,Hyderabad,Telangana,South Hyderabad,Online,UPI,Cancelled
ORD100706,CUST10396,2025-12-08,P008,JBL Tune 770NC,Audio,1,7172.75,0.1,Nallagandla,Hyderabad,Telangana,West Hyderabad,Retail Store,Credit Card,Delivered
ORD100652,CUST10260,27/09/2025,P007,Sony WH-1000XM5,Audio,4,29908.48,0.1,Madhapur,Hyderabad,Telangana,West Hyderabad,Corporate Sales,Cash on Delivery,Cancelled
ORD102018,CUST10375,16/03/2025,P018,American Tourister Backpack,Bags,4,4147.04,0.05,Kompally,Hyderabad,Telangana,North Hyderabad,Retail Store,UPI,Delivered
ORD102882,CUST10246,2025-07-10,P006,iPhone 16,Smartphone,3,78111.42,0.05,Tarnaka,Hyderabad,Telangana,East Hyderabad,Retail Store,Credit Card,Delivered
ORD101354,CUST10244,2025-06-06,P008, JBL Tune 770NC ,Audio,5,7787.69,0.05,HITEC City,Hyderabad,Telangana,West Hyderabad, Corporate Sales ,Debit Card,Delivered
ORD100065,CUST10296,2025-08-21,P010,LG UltraGear 27,Monitor,2,28748.84,0.1,Begumpet,Hyderabad,Telangana,Central Hyderabad,Online,Net Banking,Cancelled
ORD100030,,2025-05-02,P004,Samsung Galaxy A55,Smartphone,1,37955.2,0,Tarnaka,Hyderabad,Telangana,East Hyderabad,Retail Store,Cash on Delivery  ,Delivered
ORD100502,CUST10300,2025-03-11,P001,Dell Inspiron 15,Laptop,4,66411.54,0.05,HITEC City,Hyderabad,Telangana,West Hyderabad,Online,Cash on Delivery,Delivered
ORD100173,CUST10008,2025-02-20,P004,Samsung Galaxy A55,Smartphone,1,38740.76,0.1,Nallagandla,Hyderabad,Telangana,West Hyderabad, Online ,,Shipped
ORD101713,CUST10495,2025-03-18,P007,Sony WH-1000XM5,Audio,4,29277.01,0.2,LB Nagar,Hyderabad,Telangana,East Hyderabad,Retail Store,Cash on Delivery,Delivered
ORD101773,CUST10462,,P013,HP Wireless Mouse,Accessories,1,1677.38,0.1,Attapur,Hyderabad,Telangana,South Hyderabad,Online,Credit Card,Shipped
ORD101157,CUST10204,2025-02-26,P013,HP Wireless Mouse,Accessories,1,1518.37,0.05,LB Nagar,Hyderabad,Telangana,East Hyderabad,Retail Store,UPI,Delivered
ORD101879,CUST10160,2025-09-23,P018,American Tourister Backpack,Bags,2,4464.33,0.05,Kukatpally,Hyderabad,Telangana,North-West Hyderabad,Online,UPI,Delivered
ORD102799,CUST10459,2025-09-09,P018,American Tourister Backpack,Bags,1,4018.36,0.05,Nallagandla,Hyderabad,Telangana,West Hyderabad,Retail Store,Credit Card,Delivered
ORD102355,CUST10029,2025-01-16,P004,Samsung Galaxy A55,Smartphone,5,34553.72,0.1,LB Nagar,Hyderabad,Telangana,East Hyderabad,Online,Credit Card,Cancelled
ORD101910,CUST10319,2025-05-18,P011,Logitech K380 Keyboard,Accessories,1,3062.76,0.15,Attapur,Hyderabad,Telangana,South Hyderabad,Retail Store,Debit Card,Delivered
ORD102256,CUST10215,2025-01-20,P008,JBL Tune 770NC,Audio,1,8040.17,0,Kukatpally,Hyderabad,Telangana,North-West Hyderabad,Online,Net Banking,Returned
ORD102236,CUST10289,2025-04-03,P012,Logitech MX Master 3S,Accessories,3,8985.11,0.05,Secunderabad,Hyderabad,Telangana,North Hyderabad,Retail Store,Credit Card,Shipped
ORD102991,CUST10219,2025-01-15,P006,iPhone 16,Smartphone,1,78208.15,0.2,Secunderabad,Hyderabad,Telangana,North Hyderabad,Retail Store,UPI,Delivered
ORD101236,CUST10352,2025-05-15,P008,JBL Tune 770NC,Audio,1,7513.39,0.15,LB Nagar,Hyderabad,Telangana,East Hyderabad,Online,UPI,Returned
ORD102719,CUST10096,2025-02-15,P011,Logitech K380 Keyboard,Accessories,4,3088.12,0.15,Dilsukhnagar,Hyderabad,Telangana,East Hyderabad,Retail Store,Cash on Delivery,Delivered
ORD101177,CUST10334,08/09/2025,P004,Samsung Galaxy A55,Smartphone,2,35536.91,0.05,Ameerpet,Hyderabad,Telangana,Central Hyderabad,Online,Credit Card,Delivered  
ORD101025,CUST10065,2025-02-12,P012,Logitech MX Master 3S,Accessories,2,7857.63,0.15,Begumpet,Hyderabad,Telangana,East Hyderabad,Online,UPI,Delivered
ORD101235,CUST10234,2025-09-23,P001,Dell Inspiron 15,Laptop,5,59984.91,0,Dilsukhnagar,Hyderabad,Telangana,EAST HYDERABAD,Online,Net Banking,Delivered
ORD100506,CUST10299,15/10/2025,P005,OnePlus 13R,Smartphone,1,42701.32,0.1,Mehdipatnam,Hyderabad,Telangana,South Hyderabad,Online,UPI,Delivered
ORD101093,CUST10294,18/05/2025,P007,Sony WH-1000XM5,Audio,1,30387.77,0.05,HITEC City,Hyderabad,Telangana,West Hyderabad,Online,Debit Card,Delivered
ORD102667,CUST10364,2025-06-14,P015,apple ipad air,Tablet,2,63644.62,0.05,Jubilee Hills,Hyderabad,Telangana,Central Hyderabad,Online,Debit Card,Delivered
ORD101037,CUST10456,01-20-2025,P014,Samsung Galaxy Tab S9,Tablet,4,52893.64,0.15,LB Nagar,Hyderabad,Telangana,East Hyderabad,Online,Cash on Delivery,Delivered
ORD101492,CUST10041,12-12-2025,P005,OnePlus 13R,Smartphone,4,43247.94,0,Jubilee Hills,Hyderabad,Telangana,Central Hyderabad,Online,Cash on Delivery,Delivered
ORD100423,CUST10104,2025-03-02,P009,Dell 24 Monitor,Monitor,2,13794.63,0.15,Ameerpet,Hyderabad,Telangana,Central Hyderabad,Retail Store,Debit Card,Delivered
ORD101929,CUST10346,2025-11-13,P005,OnePlus 13R,Smartphone,2,44997.37,0.1,,Hyderabad,Telangana,North-West Hyderabad,Retail Store,Credit Card,Delivered
ORD101535,CUST10095,2025-04-14,P007,Sony WH-1000XM5,Audio,4,,0.15,Miyapur,Hyderabad,Telangana  ,North-West Hyderabad,Online,Debit Card,delivered
ORD100150,CUST10139,2025-01-16,P010,LG UltraGear 27,Monitor,,28349.42,0.05,Kukatpally,Hyderabad,Telangana,North-West Hyderabad,Online,Debit Card,Cancelled
ORD102542,CUST10293,2025-10-19,P008,JBL Tune 770NC,Audio,3,7779.72,0,Manikonda,Hyderabad,Telangana,west hyderabad,Online,Credit Card,Delivered
ORD101903,CUST10238,2025-04-09,P012,Logitech MX Master 3S,Accessories,3,8383.73,0.05,Nallagandla,Hyderabad,Telangana,West Hyderabad,Corporate Sales,UPI,Shipped
ORD100487,CUST10138,09-06-2025,P007,Sony WH-1000XM5,Audio,4,29717.89,0.1,LB Nagar,Hyderabad,Telangana,East Hyderabad,Corporate Sales,UPI,Delivered
ORD101104,CUST10179,2025-11-13,P018,American Tourister Backpack,Bags,5,4113.35,0,Kukatpally,Hyderabad,Telangana,North-West Hyderabad,Retail Store,UPI,Delivered
ORD101881,CUST10180,2025-04-06,P005,ONEPLUS 13R,Smartphone,1,45048.03,0.05,Attapur,Hyderabad,Telangana,South Hyderabad,Online,Credit Card,Delivered
ORD101206,CUST10171,03/06/2025,P015,Apple iPad Air,Tablet,1,68777.78,0.05,Banjara Hills,Hyderabad,Telangana,Central Hyderabad,Retail Store,UPI,Returned
ORD101737,CUST10299,2025-07-24,P003,Lenovo IdeaPad Slim 5,Laptop,1,63108.08,0.1,Mehdipatnam,Hyderabad,Telangana,South Hyderabad,Corporate Sales,UPI,Delivered
ORD100304,CUST10199,2025-12-28,P017,IKEA Linnmon Desk,Furniture,4,9191.61,0.15,LB Nagar,Hyderabad,Telangana,East Hyderabad,Retail Store,UPI,Delivered
ORD100546,CUST10230,2025-08-02,P006,iPhone 16,Smartphone,3,76378.63,0.05,Mehdipatnam,Hyderabad,Telangana,South Hyderabad,Corporate Sales,UPI,Shipped
ORD100974,CUST10198,03/12/2025,P002,HP Pavilion 14,Laptop,5,63041.2,0,Banjara Hills,Hyderabad,Telangana  ,Central Hyderabad,Online,UPI,Delivered
ORD102311,CUST10395,2025-11-05,P010,LG UltraGear 27,Monitor,5,26620.5,0.1,Jubilee Hills,Hyderabad,Telangana,Central Hyderabad,Online,Debit Card,Cancelled
ORD102908,CUST10089,22/01/2025,P016,Green Soul Monster Chair,Furniture,1,0,0.1,Tarnaka,Hyderabad,Telangana,East Hyderabad,Online,Cash on Delivery,Delivered
ORD102285,CUST10449,2025-01-21,P012,Logitech MX Master 3S,Accessories,1,8338.52,0,Kukatpally  ,Hyderabad,Telangana,North-West Hyderabad,Retail Store,Cash on Delivery,Delivered
ORD101090,CUST10010,2025-05-11,P007,Sony WH-1000XM5,Audio,1,30241.31,0.15,HITEC City,Hyderabad,Telangana,West Hyderabad,Retail Store,Credit Card,Delivered
ORD100992,CUST10162,2025-08-11,P017,iPhone 16,Smartphone,4,83194.46,0.1,Ameerpet,Hyderabad,Telangana,Central Hyderabad,Online,Debit Card,Delivered
ORD100237,CUST10132,2025-12-04,P002,HP Pavilion 14,Laptop,-5,71641.51,0,Tarnaka,Hyderabad,Telangana,East Hyderabad,Online,Net Banking,Delivered
ORD102895,CUST10205,2025-10-28,P007,Sony WH-1000XM5,Audio,1,29612.92,0,Miyapur,Hyderabad,Telangana,North-West Hyderabad,Online,Cash on Delivery,Delivered
ORD101635,CUST10232,2025-08-02,P006,iPhone 16,Smartphone,2,76467.21,0.1,Mehdipatnam,Hyderabad,Telangana,South Hyderabad,Online,Debit Card,Delivered
ORD102590,CUST10218,2025-08-15,P001,Dell Inspiron 15,Laptop,2,62587.32,0.05,Uppal,Hyderabad,Telangana,East Hyderabad,Corporate Sales,Net Banking,Delivered
ORD102861,CUST10308,2025-01-19,P005,OnePlus 13R,Smartphone,5,42902.45,0.1,Banjara Hills,Hyderabad,Telangana,Central Hyderabad,Retail Store,UPI,Shipped
ORD102061,CUST10247,06/03/2025,P004,Samsung Galaxy A55,Smartphone,2,34818.79,0.2,Mehdipatnam,Hyderabad,Telangana,South Hyderabad,Online,UPI,Delivered
ORD101810,CUST10047,19/05/2025,P003,Lenovo IdeaPad Slim 5,Laptop,2,58525.57,0.15,Nallagandla,Hyderabad,Telangana,West Hyderabad,Online,Credit Card,Delivered
ORD102660,CUST10287,2025-10-23,P015,Apple iPad Air,Tablet,1,66815.11,0.15,Attapur,Hyderabad,Telangana,South Hyderabad,Retail Store,UPI,Delivered
ORD101340,CUST10265,2025-03-25,P002,HP Pavilion 14,Laptop,2,68437.73,0.15,HITEC City,Hyderabad,Telangana,West Hyderabad,Online,Debit Card,Returned
ORD102592,CUST10365,2025-05-05,P006,iPhone 16  ,Smartphone,1,76977.19,0.2,Kukatpally,Hyderabad,Telangana,North-West Hyderabad,Online,UPI,Delivered
ORD102591,CUST10391,2025-08-04,P005,OnePlus 13R, Smartphone ,1,44178.91,0,Kompally,Hyderabad,Telangana,North Hyderabad,Online,Cash on Delivery,Delivered
ORD102595,CUST10360,2025-04-13,P009,Dell 24 Monitor,Monitor,2,15035.52,0.05,Dilsukhnagar,Hyderabad,Telangana,East Hyderabad,Online,UPI,Delivered
ORD101979,CUST10495,2025-03-17,P004,Samsung Galaxy A55,Smartphone,2,37359.61,0.05,Mehdipatnam,Hyderabad,Telangana,South Hyderabad,Corporate Sales,Credit Card,Cancelled
ORD100344,CUST10466,2025-12-13,P003,Lenovo IdeaPad Slim 5,Laptop,2,62411.64,0.1,Tarnaka,Hyderabad,Telangana,East Hyderabad,Online,Debit Card,Delivered
ORD101031,CUST10099,03-10-2025,P009,Dell 24 Monitor,Monitor,5,14513.79,0.15,Kompally,Hyderabad,Telangana,North Hyderabad,Corporate Sales,UPI,Delivered
ORD100460,CUST10243,2025-04-02,P002,HP Pavilion 14,Laptop,1,67461.99,0.2,Kukatpally,Hyderabad,Telangana,North-West Hyderabad,Online,Debit Card,Shipped
ORD102553,CUST10385,2025-09-11,P012,Logitech MX Master 3S,ACCESSORIES,5,8069.24,0,Kompally,Hyderabad,Telangana,North Hyderabad,Corporate Sales,Credit Card,Returned
ORD100258,CUST10370,08/10/2025,P006,iPhone 16,Smartphone,2,75932.3,0.2,Ameerpet,Hyderabad,Telangana,Central Hyderabad,Online,UPI,Delivered
ORD101438,CUST10103,2025-10-31,P018,American Tourister Backpack,Bags,1,4098.74,0.05,Banjara Hills,Hyderabad,Telangana,Central Hyderabad,Retail Store,Debit Card,Delivered
ORD100019,CUST10056,10/01/2025,P010,LG UltraGear 27,Monitor,2,28667.3,0.15,Manikonda,Hyderabad,Telangana,West Hyderabad,Online,Debit Card,Delivered
ORD101440,CUST10426,2025-01-06,P006,iPhone 16,smartphone,4,80912.9,0,Kondapur,Hyderabad,Telangana,West Hyderabad,Corporate Sales,UPI,Cancelled
ORD102877,CUST10163,12-18-2025,P011,Logitech K380 Keyboard,Accessories,1,3185.71,0.05,Begumpet,Hyderabad,Telangana,Central Hyderabad,Online,Debit Card,Cancelled
ORD100387,,19/06/2025,P010,LG UltraGear 27,Monitor,5,28805.19,0.1,Tarnaka,Hyderabad,Telangana,East Hyderabad,Online,UPI,Delivered
ORD101827,CUST10241,2025-12-28,P015, Apple iPad Air ,Tablet,4,70176.5,0.05,HITEC City,Hyderabad,Telangana,West Hyderabad,Online,Credit Card,Delivered
ORD101833,CUST10375,2025-05-02,P003,Lenovo IdeaPad Slim 5,Laptop,2,61329.11,0.1,Tarnaka,Hyderabad,Telangana,East Hyderabad,Retail Store,Debit Card,Delivered
ORD102871,CUST10194,2025-04-02,P016,Green Soul Monster Chair,Furniture,2,12940.71,0.15,Attapur,Hyderabad,Telangana,South Hyderabad,Online,Debit Card,Delivered
ORD102943,CUST10204,03-23-2025,P009,Dell 24 Monitor, Monitor ,2,14218.28,0.05,Kompally,Hyderabad,Telangana,North Hyderabad,Online,Credit Card,Delivered
ORD100656,CUST10213,2025-11-20,P016,Green Soul Monster Chair,Furniture,1,13170.91,0,Mehdipatnam,Hyderabad,Telangana,South Hyderabad,Online,Credit Card,Delivered
ORD101609,CUST10102,06/12/2025,P017,IKEA Linnmon Desk,Furniture,3,9807.35,0,Attapur,Hyderabad,Telangana,South Hyderabad,Online,Net Banking,Delivered
ORD100433,CUST10237,2025-07-09,P006,iPhone 16,Smartphone,1,74728.57,0.2,Attapur,Hyderabad,Telangana,South Hyderabad,Online,Net Banking,Delivered
ORD102313,CUST10461,2025-01-31,P003,Lenovo IdeaPad Slim 5,Laptop,,56861.67,0.15,Madhapur,Hyderabad,Telangana,West Hyderabad,Online,Net Banking,Delivered
ORD100883,CUST10390,2025-02-18,P011,Logitech K380 Keyboard,Accessories,1,3167.56,0.1,,Hyderabad,Telangana,North Hyderabad,Online,Debit Card,Returned
ORD102298,CUST10055,2025-05-01,P017,IKEA Linnmon Desk,Furniture,4,9591.4,0.1,Attapur,Hyderabad,Telangana,South Hyderabad,Corporate Sales,Cash on Delivery,Shipped
ORD102874,CUST10078,2025-11-18,P011,Logitech K380 Keyboard,Accessories,1,3284.27,0.05,LB Nagar,Hyderabad,Telangana,East Hyderabad,Retail Store,UPI,Delivered
ORD102926,CUST10340,2025-12-19,P018,American Tourister Backpack,Bags,2,3980.98,0.05,Kukatpally,Hyderabad,Telangana,North-West Hyderabad,Retail Store,UPI, Delivered 
ORD102735,CUST10497,2025-09-19,P003,Lenovo IdeaPad Slim 5  ,Laptop,3,56469.94,0.2,Madhapur,Hyderabad,Telangana,West Hyderabad,Corporate Sales,UPI,Shipped
ORD100132,CUST10285,2025-05-10,P013,HP Wireless Mouse,Accessories,5,1529.1,0.1,Ameerpet,Hyderabad,Telangana,Central Hyderabad,Online,Credit Card,Delivered
ORD100099,CUST10033,2025-07-08,P004,Samsung Galaxy A55,Smartphone,4,37298.67,0.15,HITEC City,Hyderabad,Telangana,West Hyderabad,Online,Credit Card,Shipped
ORD101999,CUST10187,,P015,Apple iPad Air,Tablet,2,65429.3,0.1,Banjara Hills,Hyderabad,Telangana,Central Hyderabad,Retail Store,Cash on Delivery,Delivered
ORD101673,CUST10157,2025-11-21,P015,APPLE IPAD AIR,Tablet,1,63452.51,0.15,Mehdipatnam,Hyderabad,Telangana,South Hyderabad,Retail Store  ,Debit Card,Delivered
ORD101613,CUST10208,2025-10-29,P009,Dell 24 Monitor,Monitor,1,13882.4,0.05,Dilsukhnagar,Hyderabad,Telangana,East Hyderabad,Corporate Sales,UPI,Delivered
ORD101836,CUST10278,2025-03-07,P014,Samsung Galaxy Tab S9,Tablet,1,50692.91,0.05,HITEC City,Hyderabad,Telangana,West Hyderabad,Corporate Sales,UPI,Delivered
ORD102617,CUST10127,2025-01-10,P008,JBL Tune 770NC,Audio,3,7401.23,0.2,Manikonda,Hyderabad,Telangana,West Hyderabad,Online,UPI,Delivered
ORD100949,CUST10146,2025-08-29,P017,IKEA Linnmon Desk,Furniture,2,9028.73,0.15,Kondapur,Hyderabad,Telangana,West Hyderabad,Retail Store,Net Banking,Cancelled
ORD100428,CUST10120,2025-05-02,P005,OnePlus 13R,Smartphone,1,39929.48,0.15,Miyapur,Hyderabad,Telangana,North-West Hyderabad,Online, UPI ,Cancelled
ORD102914,CUST10310,2025-02-11,P014,Samsung Galaxy Tab S9,Tablet,5,55633.66,0.15,Manikonda,Hyderabad,Telangana,West Hyderabad,Online,Credit Card,Returned
ORD100914,CUST10211,2025-09-29,P011,Logitech K380 Keyboard,Accessories,2,3019.55,0.15,Tarnaka,HYDERABAD,Telangana,East Hyderabad,Online,Credit Card,Delivered
ORD102959,CUST10323,2025-10-18,P005,OnePlus 13R,Smartphone,2,45032.62,0.2,Begumpet,Hyderabad,Telangana,Central Hyderabad,Corporate Sales,Credit Card,Delivered
ORD101434,CUST10441,2025-05-12,P002,HP Pavilion 14,Laptop,1,72185.45,0.1,Mehdipatnam,Hyderabad,Telangana,South Hyderabad,Online,CREDIT CARD,Shipped
ORD101475,CUST10152,2025-09-24,P010,LG UltraGear 27,Monitor,2,27273.65,0.2,Uppal,Hyderabad,Telangana,East Hyderabad,Online,UPI,Shipped
ORD100463,CUST10209,2025-01-19,P002,HP Pavilion 14,Laptop,1,63399.14,0.15,Kukatpally  ,Hyderabad,Telangana,North-West Hyderabad,Online,Net Banking,Shipped
ORD102911,CUST10288,2025-01-24,P015,Apple iPad Air,Tablet,1,60199.95,0,Miyapur,Hyderabad,Telangana,North-West Hyderabad,Online,Credit Card,Delivered
ORD101897,CUST10315,2025-05-15,P003,Lenovo IdeaPad Slim 5,Laptop,2,63017.26,0.15,Banjara Hills,Hyderabad,Telangana,Central Hyderabad,Online,UPI,Delivered
ORD102429,CUST10067,2025-03-06,P016,Green Soul Monster Chair,Furniture,1,14421.05,0.1,Begumpet,Hyderabad,Telangana,central hyderabad,Online,UPI,Delivered
ORD100164,CUST10178,2025-01-31,P007,Sony WH-1000XM5,Audio,1,30957.17,0.15,HITEC City,Hyderabad,Telangana,West Hyderabad,Online,Cash on Delivery,Returned
ORD100818,CUST10396,2025-07-14,P009,Dell 24 Monitor,Monitor,,13657.12,0.05,Mehdipatnam,Hyderabad,Telangana,South Hyderabad,Online,UPI,Delivered
ORD100290,CUST10495,2025-04-17,P009,Dell 24 Monitor,Monitor,5,14965.45,0.05,Nallagandla,Hyderabad,Telangana,West Hyderabad,Corporate Sales,Cash on Delivery,Delivered
ORD101057,CUST10369,2025-05-07,P015,Apple iPad Air,Tablet,3,67069.2,0,Begumpet,Hyderabad,Telangana,Central Hyderabad,Online,Cash on Delivery,Delivered
ORD101342,CUST10261,2025-07-01,P017,IKEA Linnmon Desk,Furniture,3,9816.54,0.1,Kondapur,Hyderabad,Telangana,West Hyderabad,Retail Store,Credit Card,Delivered
ORD102659,CUST10258,2025-08-19,P018,American Tourister Backpack,Bags,2,4160.96,0.05,Attapur,Hyderabad,Telangana,South Hyderabad,Online,Credit Card,Delivered
ORD102601,CUST10365,2025-01-27,P003,Lenovo IdeaPad Slim 5,Laptop,4,56542.2,0.05,Kompally,Hyderabad  ,Telangana,North Hyderabad,Online,UPI,Delivered
ORD100819,CUST10228,2025-06-20,P005,OnePlus 13R,Smartphone,2,43946.48,0.05,Banjara Hills,Hyderabad,Telangana,Central Hyderabad,Retail Store,UPI,Shipped
ORD101371,CUST10093,2025-01-28,P005,OnePlus 13R,Smartphone,1,38946.57,0.1,HITEC City,Hyderabad,Telangana,West Hyderabad,Online,UPI,Delivered
ORD100918,CUST10203,2025-03-22,P003,Lenovo IdeaPad Slim 5,Laptop,4,58737.56,0.2,Kukatpally,Hyderabad,Telangana,South Hyderabad,Online,Debit Card,Delivered
ORD101403,CUST10443,2025-05-03,P003,Lenovo IdeaPad Slim 5,Laptop,-5,59249.45,0.1,Ameerpet,Hyderabad,Telangana,Central Hyderabad,Online,Net Banking,Delivered
ORD102909,CUST10096,2025-08-14,P018,American Tourister Backpack,Bags,2,3902.43,0.1,Dilsukhnagar,Hyderabad,Telangana,East Hyderabad,Retail Store,Debit Card,Delivered
ORD100671,CUST10110,2025-02-03,P015,Apple iPad Air,Tablet,1,69350.65,0.1,Kukatpally,Hyderabad,Telangana,North-West Hyderabad,Online,Credit Card,Shipped
ORD101070,CUST10350,2025-08-03,P004,Samsung Galaxy A55,Smartphone,3,33443.73,0.15,Uppal,Hyderabad,telangana,East Hyderabad,Corporate Sales,Cash on Delivery,Delivered
ORD102850,CUST10306,2025-12-04,P010,LG UltraGear 27,Monitor,1,30066.46,0.15,Kompally,Hyderabad,Telangana,North Hyderabad,Online,UPI,Shipped
ORD101088,CUST10442,2025-02-03,P011,Logitech K380 Keyboard,Accessories,4,3028.86,1.5,Madhapur,Hyderabad,Telangana,West Hyderabad,Online,Credit Card,Delivered
ORD102688,CUST10473,2025-05-03,P017,IKEA Linnmon Desk,Furniture,1,8785.01,0.15,Kukatpally,Hyderabad,Telangana,East Hyderabad,Corporate Sales,Debit Card,Cancelled
ORD100148,CUST10002,2025-12-24,P005,OnePlus 13R,Smartphone,1,43164.42,0.1,Kukatpally,Hyderabad,Telangana,North-West Hyderabad,Retail Store,UPI,Delivered
ORD102557,CUST10288,2025-06-11,P009,Dell 24 Monitor,Monitor,4,13508.81,0,Gachibowli  ,Hyderabad,Telangana,West Hyderabad,Retail Store,UPI,delivered
ORD101556,CUST10275,07/07/2025,P011,Logitech K380 Keyboard,Accessories,2,3307.44,0.2,Attapur,Hyderabad,Telangana,South Hyderabad,Online,Credit Card,Shipped
ORD102523,CUST10438,28/05/2025,P017,IKEA Linnmon Desk,Furniture,2,8857.96,0.1,Mehdipatnam,Hyderabad,Telangana,South Hyderabad,Online,Credit Card,Delivered
ORD100571,CUST10039,11/09/2025,P011,Logitech K380 Keyboard,Accessories,1,2975.54,0.05,Miyapur,Hyderabad,Telangana,North-West Hyderabad,Online,Debit Card,Cancelled
ORD101754,CUST10045,2025-08-13,P001,Dell Inspiron 15,Laptop,1,62141.19,0.05,Attapur,Hyderabad,Telangana,South Hyderabad,Corporate Sales,Net Banking,Shipped
ORD100972,,2025-02-08,P001,Dell Inspiron 15,Laptop,3,59094.95,0.05,Secunderabad,Hyderabad,Telangana,North Hyderabad,Corporate Sales,UPI,Delivered
ORD102067,CUST10061,2025-05-22,P003,Lenovo IdeaPad Slim 5,Laptop,1,61062.96,0.1,LB Nagar,Hyderabad,Telangana,East Hyderabad,Online,UPI,Delivered
ORD102532,CUST10436,2025-06-20,P012,Logitech MX Master 3S,Accessories,3,9026.13,0.15,Attapur,Hyderabad,Telangana,South Hyderabad,Online,Debit Card,Delivered
ORD101171,CUST10043,2025-07-23,P012,Logitech MX Master 3S,Accessories,5,8209.01,0.1,Jubilee Hills,Hyderabad,Telangana,Central Hyderabad,Retail Store,UPI,Delivered
ORD102101,CUST10352,2025-10-17,P016,Green Soul Monster Chair,Furniture,1,13861.51,0,Uppal,Hyderabad,Telangana,East Hyderabad,Retail Store,Debit Card,Delivered
ORD101195,CUST10048,2025-12-18,P005,OnePlus 13R,Smartphone,1,41805.12,0,Begumpet,Hyderabad,Telangana,Central Hyderabad,Corporate Sales,Net Banking,Shipped
ORD101901,CUST10009,2025-12-02,P005,OnePlus 13R,Smartphone,1,39684.21,0.1,Gachibowli,Hyderabad,Telangana,West Hyderabad,Online,Credit Card,Delivered
ORD101660,CUST10191,2025-12-17,P012,Logitech MX Master 3S,Accessories,2,9128.14,0.1,Secunderabad,Hyderabad,Telangana,North Hyderabad,Online,Debit Card,Delivered
ORD100254,CUST10447,2025-09-25,P014,Samsung Galaxy Tab S9,Tablet,5,54039.25,0.05,Mehdipatnam,Hyderabad,Telangana,South Hyderabad,Retail Store,UPI,Delivered
ORD102686,CUST10477,2025-08-12,P001,Dell Inspiron 15,Laptop,2,62703.08,0.15,Kondapur,Hyderabad,Telangana,West Hyderabad,Corporate Sales,Credit Card,Delivered
ORD100672,CUST10301,2025-04-22,P016,Green Soul Monster Chair,Furniture,1,12457.63,0.05,Tarnaka,Hyderabad,Telangana,East Hyderabad,Online,UPI,Delivered  
ORD101200,CUST10123,2025-04-17,P014,Samsung Galaxy Tab S9,Tablet,3,54079.23,0.1,Uppal,Hyderabad,Telangana,East Hyderabad,Online,Debit Card,Delivered
ORD102016,CUST10125,2025-07-15,P017,IKEA Linnmon Desk,Furniture,4,9478.92,0.1,Dilsukhnagar,Hyderabad,Telangana,East Hyderabad,Corporate Sales,Credit Card,Delivered
ORD102988,CUST10427,2025-10-25,P008,JBL Tune 770NC,Audio,2,7513.73,0.2,Banjara Hills,Hyderabad,Telangana,Central Hyderabad,Online,Credit Card,Delivered
ORD102624,CUST10241,08-10-2025,P009,Dell 24 Monitor,Monitor,2,14098.52,0.2,Ameerpet,Hyderabad,Telangana,Central Hyderabad,Corporate Sales,Cash on Delivery,Delivered
ORD102961,CUST10380,2025-10-12,P017,IKEA Linnmon Desk,Furniture,1,9891.66,0,Kondapur,Hyderabad,Telangana,West Hyderabad,Online,Net Banking,Cancelled
ORD101295,CUST10056,2025-02-09,P016,Green Soul Monster Chair,Furniture,5,13847.99,0.1,Gachibowli,Hyderabad,Telangana,West Hyderabad,Online,Credit Card,Delivered
ORD100843,CUST10280,2025-03-15,P017,IKEA Linnmon Desk,Furniture,3,10117.86,0.15,Ameerpet,Hyderabad,Telangana,Central Hyderabad,Online,Debit Card,Delivered
ORD100868,CUST10017,2025-10-02,P002,HP Pavilion 14,Laptop,5,70899.32,0.05,Jubilee Hills,Hyderabad,Telangana,Central Hyderabad,RETAIL STORE,UPI,Shipped
ORD101048,CUST10288,2025-08-18,P004,Samsung Galaxy A55,Smartphone,1,34886.49,0.1,Manikonda,Hyderabad,Telangana,West Hyderabad,Retail Store,UPI,SHIPPED
ORD102442,CUST10209,02/09/2025,P012,Logitech MX Master 3S,Accessories,3,8066.64,0.2,Dilsukhnagar,Hyderabad,Telangana,East Hyderabad,Retail Store,Debit Card,Delivered
ORD100396,CUST10307,2025-01-21,P018,American Tourister Backpack,Bags,1,4166.62,0.15,Uppal,Hyderabad,Telangana,East Hyderabad,Retail Store  , UPI ,Delivered
ORD100528,CUST10479,01-25-2025,P012,Logitech MX Master 3S,Accessories,5,9131.54,0.1,Ameerpet,Hyderabad,Telangana,Central Hyderabad,Retail Store,UPI,Cancelled
ORD100828,CUST10154,2025-08-21,P006,iPhone 16,Smartphone,2,72044.56,0.1,,Hyderabad,Telangana,West Hyderabad,Corporate Sales,Debit Card,Delivered
ORD100113,CUST10351,2025-08-10,P018,American Tourister Backpack,Bags,2,4428.06,0.15,Gachibowli,Hyderabad,Telangana,West Hyderabad,Online,UPI,Returned
ORD100764,CUST10226,2025-02-12,P002,HP Pavilion 14,Laptop,4,72384.66,0.1,LB Nagar,Hyderabad,TELANGANA,East Hyderabad,Retail Store,UPI,Delivered
ORD101455,CUST10229,2025-01-14,P001,Dell Inspiron 15,Laptop,3,62829.81,0,Banjara Hills,Hyderabad,Telangana,Central Hyderabad,ONLINE,UPI,Shipped
ORD101747,CUST10050,2025-03-13,P012,Logitech MX Master 3S,Accessories,1,8719.07,0.05,Madhapur,Hyderabad,Telangana,West Hyderabad,Retail Store,UPI,Delivered
ORD100147,CUST10111,2025-08-22,P009,Dell 24 Monitor,Monitor,1,14899.53,0,Kondapur,Hyderabad,Telangana,West Hyderabad,Retail Store,Debit Card,Delivered
ORD100934,CUST10009,2025-09-17,P003,Lenovo IdeaPad Slim 5,Laptop,5,62536.24,0.15,Attapur,Hyderabad,Telangana,South Hyderabad,Online,UPI,Delivered
ORD101327,CUST10238,2025-02-06,P001,Dell Inspiron 15,LAPTOP,5,60589.64,0.1,Begumpet,Hyderabad,Telangana,Central Hyderabad,Online,Credit Card,Delivered
ORD100121,CUST10461,26/11/2025,P009,Dell 24 Monitor,Monitor,1,14128.29,0.15,Banjara Hills,Hyderabad,Telangana,Central Hyderabad,Online,UPI,Delivered
ORD101395,CUST10435,07/05/2025,P016,Green Soul Monster Chair,Furniture,5,13331.3,0.15,Jubilee Hills,Hyderabad,Telangana,Central Hyderabad,Retail Store,Debit Card,Delivered
ORD102846,CUST10356,2025-02-05,P009,Dell 24 Monitor,Monitor,2,14798.81,0.1,Mehdipatnam,Hyderabad,Telangana,South Hyderabad,Retail Store,Credit Card,Delivered
ORD102726,CUST10389,2025-07-22,P005,OnePlus 13R,Smartphone,2,43039.76,0,Uppal,Hyderabad,Telangana,East Hyderabad,Online,UPI,Delivered
ORD101210,CUST10431,2025-10-17,P001,Dell Inspiron 15,laptop,4,57403.64,0.1,Attapur,Hyderabad,TELANGANA,South Hyderabad,online,Credit Card,Shipped
ORD101961,CUST10073,17/03/2025,P017,IKEA Linnmon Desk,Furniture,4,9084.1,0,Attapur,Hyderabad,Telangana,South Hyderabad,Online,Cash on Delivery,Delivered
ORD100490,CUST10366,2025-03-30,P014,Samsung Galaxy Tab S9,Tablet,3,48678.06,0.15,HITEC City,Hyderabad,Telangana,West Hyderabad,Online,Credit Card,Delivered
ORD102243,CUST10185,2025-09-08,P004,Samsung Galaxy A55,Smartphone,3,36049.77,0.15,Tarnaka,Hyderabad,Telangana,East Hyderabad,Online,Net Banking,Delivered
ORD100976,CUST10305,2025-07-30,P003,Lenovo IdeaPad Slim 5,Laptop,1,61028.08,0.05,HITEC City,Hyderabad,Telangana,West Hyderabad,Corporate Sales,Credit Card,Delivered
ORD100067,CUST10197,2025-06-19,P011,Logitech K380 Keyboard,Accessories,3,2959.31,0.05,Ameerpet,Hyderabad,Telangana,Central Hyderabad,Online,Credit Card,Shipped
ORD101263,CUST10135,2025-10-14,P001,Dell Inspiron 15,Laptop,1,64824.65,0.1,Attapur,Hyderabad,Telangana,South Hyderabad,Online,UPI,Shipped
ORD100920,CUST10393,2025-04-20,P001,Dell Inspiron 15,Laptop,1,65542,0,Tarnaka,Hyderabad,Telangana,East Hyderabad,Corporate Sales,Credit Card,Returned
ORD100880,CUST10181,2025-03-21,P010,LG UltraGear 27,Monitor,4,26211.49,0.2,Dilsukhnagar,Hyderabad,Telangana,East Hyderabad,Corporate Sales,Net Banking,Delivered
ORD101018,CUST10098,2025-12-22,P016,Green Soul Monster Chair,Furniture,2,12817.94,0.1,Ameerpet,Hyderabad,Telangana,Central Hyderabad,Retail Store,Cash on Delivery,Delivered
ORD100020,CUST10199,2025-01-15,P012,Logitech MX Master 3S,Accessories,1,8448.15,0.1,Tarnaka,Hyderabad,Telangana,East Hyderabad,Online,Net Banking,Delivered
ORD102559,CUST10464,2025-03-28,P011,Logitech K380 Keyboard,Accessories,2,3051.91,0.05,Madhapur,Hyderabad,Telangana,West Hyderabad,Online,UPI,Delivered
ORD100081,CUST10098,27/11/2025,P005,OnePlus 13R,Smartphone,4,45225.42,0.1,Banjara Hills,Hyderabad,Telangana,Central Hyderabad,Online,UPI,Returned
ORD100040,CUST10136,2025-03-09,P016,Green Soul Monster Chair,Furniture,2,14236.49,0.15,Ameerpet,Hyderabad,Telangana,Central Hyderabad,Retail Store,UPI,Delivered
ORD102756,CUST10398,2025-12-20,P010,LG UltraGear 27,Monitor,1,28390.11,0,Kondapur,Hyderabad,Telangana,West Hyderabad,Retail Store,Debit Card,Delivered
ORD100845,CUST10278,2025-04-01,P002,HP Pavilion 14,Laptop,1,69975.71,0.05,Secunderabad,Hyderabad,Telangana,North Hyderabad,Retail Store,UPI,Delivered
ORD102508,CUST10385,2025-03-07,P011,Logitech K380 Keyboard,Accessories,3,3385.54,0.1,Nallagandla,Hyderabad,Telangana,West Hyderabad,Retail Store,Credit Card,Shipped
ORD102233,CUST10133,2025-10-07,P011,Logitech K380 Keyboard,Accessories,1,3128.26,0.15,Miyapur,Hyderabad,Telangana, North-West Hyderabad ,Online,UPI,Delivered
ORD102239,CUST10438,2025-05-08,P003,Lenovo IdeaPad Slim 5,Laptop,5,54982,0.1,LB Nagar,Hyderabad,Telangana,East Hyderabad,Corporate Sales,Net Banking,Delivered
ORD101990,CUST10204,2025-06-01,P018,American Tourister Backpack,Bags,-1,3917.99,0.1,Kompally,Hyderabad,Telangana,North Hyderabad,Retail Store,UPI,Delivered
ORD101229,CUST10383,2025-11-21,P002,HP Pavilion 14,Laptop,3,70897.66,0.15,Tarnaka,Hyderabad,Telangana,East Hyderabad,online, UPI ,Delivered
ORD102198,CUST10361,,P006,iPhone 16,Smartphone,1,80983.02,0,HITEC City,Hyderabad,Telangana,West Hyderabad,Retail Store,UPI,Delivered
ORD102390,CUST10386,2025-01-08,P008,JBL Tune 770NC,Audio,2,7192.92,0.2,Secunderabad,Hyderabad  ,Telangana,North Hyderabad,Online,Credit Card,Delivered
ORD102987,CUST10384,25/06/2025,P009,Dell 24 Monitor,Monitor,3,14855.24,0.15,Nallagandla,Hyderabad,Telangana,West Hyderabad,Online,Net Banking,Shipped
ORD100373,CUST10116,17/07/2025,P002,HP Pavilion 14,Laptop,3,63023.43,0.05,Kondapur,Hyderabad,Telangana,West Hyderabad,Online,Net Banking,Delivered
ORD101285,CUST10240,2025-01-13,P007,Sony WH-1000XM5,Audio,1,30319.12,0.05,Nallagandla,Hyderabad,Telangana,West Hyderabad,Online,UPI,Shipped
ORD100699,CUST10222,08-11-2025,P001,Dell Inspiron 15,Laptop,2,64752.52,0.05,Banjara Hills,Hyderabad,Telangana,Central Hyderabad,Online,UPI,Cancelled
ORD101590,CUST10005,2025-05-22,P018,American Tourister Backpack,Bags,1,4410.68,0.05,Uppal,Hyderabad,Telangana,East Hyderabad,Online,Cash on Delivery,Delivered
ORD101675,,2025-11-20,P010,LG UltraGear 27,Monitor,5,26569.59,0.05,LB Nagar,Hyderabad,Telangana,East Hyderabad,Online,UPI,Delivered
ORD102459,CUST10012,2025-03-14,P007,Sony WH-1000XM5,Audio  ,3,27472.64,0,Gachibowli,Hyderabad  ,Telangana,West Hyderabad,Retail Store,UPI,delivered
ORD100700,CUST10379,2025-12-31,P010,LG UltraGear 27,Monitor,4,28790.72,0.2,Attapur,Hyderabad,Telangana,South Hyderabad,Online,Cash on Delivery,Delivered
ORD100045,CUST10298,2025-01-19,P009,Dell 24 Monitor,Monitor,4,14786.91,-0.1,Secunderabad,Hyderabad,Telangana,North Hyderabad,Online,UPI,Delivered
ORD101274,CUST10253,09-05-2025,P010,LG UltraGear 27,Monitor,2,26732.41,0,Kondapur,Hyderabad,Telangana,West Hyderabad,Corporate Sales,UPI,Shipped
ORD101400,CUST10343,2025-03-28,P010,LG UltraGear 27,Monitor,1,27546.51,0,Jubilee Hills,Hyderabad,Telangana,Central Hyderabad,Online,UPI,Returned
ORD100809,CUST10119,12/12/2025,P006,iPhone 16,Smartphone,2,78914.28,0.1,Madhapur,Hyderabad,Telangana,West Hyderabad,Retail Store,Debit Card,Delivered
ORD100670,CUST10105,2025-05-07,P001,Dell Inspiron 15,Laptop,5,63019.14,0.15,Manikonda,Hyderabad,Telangana,West Hyderabad,Online,Credit Card,Shipped
ORD100244,CUST10118,2025-05-28,P002,HP Pavilion 14,Laptop,2,67610.59,0.05,Tarnaka  ,Hyderabad,Telangana,East Hyderabad,Retail Store,UPI,Delivered
ORD100911,CUST10006,,P008,JBL Tune 770NC,Audio,1,7572.46,0.05,Nallagandla,Hyderabad,Telangana,West Hyderabad,Online,Cash on Delivery,Delivered
ORD101507,CUST10484,24/07/2025,P009,Dell 24 Monitor,Monitor,1,13695.79,0,Uppal,Hyderabad,Telangana,East Hyderabad,Corporate Sales,Net Banking,Delivered
ORD100009,CUST10351,2025-11-22,P013,HP Wireless Mouse,Accessories,2,1597.59,0.15,Dilsukhnagar,Hyderabad,Telangana,East Hyderabad,Corporate Sales,Debit Card,Delivered
ORD102490,CUST10283,04/01/2025,P018,American Tourister Backpack,Bags,1,4165.4,0,Kompally,Hyderabad,Telangana,North Hyderabad,Online,,Returned
ORD100875,CUST10181,01/06/2025,P001,Dell Inspiron 15,Laptop,2,65864.53,0.1,kondapur,Hyderabad,Telangana,West Hyderabad,Retail Store,UPI,Delivered
ORD102109,CUST10458,30/09/2025,P013,HP Wireless Mouse,Accessories,3,1714.71,0.05,Kondapur,Hyderabad,telangana,West Hyderabad,Retail Store,Credit Card,Delivered
ORD101216,CUST10365,2025-01-06,,Apple iPad Air,Tablet,2,64179.18,0.1,Kondapur,Hyderabad,Telangana,West Hyderabad,Retail Store,Debit Card,Delivered
ORD102249,CUST10263,2025-10-20,P016,Green Soul Monster Chair,Furniture,3,13106.08,0.1,Dilsukhnagar,Hyderabad,Telangana,East Hyderabad,Online,Credit Card,Delivered
ORD101872,CUST10077,2025-07-30,P011,Logitech K380 Keyboard,Accessories,5,3056.65,0.05,Tarnaka,Hyderabad,Telangana,East Hyderabad,Online,Credit Card,Delivered
ORD102555,CUST10330,2025-06-19,P015,Apple iPad Air,Tablet,3,69298.04,0.05,Kompally,Hyderabad,Telangana,North Hyderabad,Corporate Sales,Credit Card,Delivered
ORD102290,CUST10113,2025-04-04,P016,Green Soul Monster Chair,Furniture,1,14421.63,0.05,Gachibowli,Hyderabad,Telangana,West Hyderabad,Online,Net Banking,Delivered
ORD102622,CUST10106,2025-12-21,P007,Sony WH-1000XM5,Audio,1,30797.29,0.05,Kondapur,Hyderabad,Telangana,West Hyderabad,Online,UPI,Cancelled
ORD102225,CUST10117,2025-09-07,P009,Dell 24 Monitor,Monitor,2,14779.62,0.2,HITEC City,Hyderabad,Telangana,West Hyderabad,Online,Debit Card,DELIVERED
ORD101423,CUST10311,2025-12-15,P004,Samsung Galaxy A55,Smartphone,5,35406.64,0.1,Madhapur,Hyderabad,Telangana,West Hyderabad,Retail Store,credit card,Delivered
ORD102757,CUST10403,2025-05-31,P007,Sony WH-1000XM5,Audio,1,27733.92,0.05,Kondapur,Hyderabad,Telangana,West Hyderabad,Online,Debit Card,Delivered
ORD101071,CUST10379,2025-02-25,P016,Green Soul Monster Chair,Furniture,5,13262.67,0,Begumpet,Hyderabad,Telangana,Central Hyderabad,Online,Net Banking,Delivered
ORD101920,CUST10481,2025-10-02,P014,Samsung Galaxy Tab S9,Tablet,1,48966.5,0.1,Attapur,Hyderabad,Telangana,South Hyderabad,Online,Debit Card,Delivered
ORD101758,CUST10432,2025-11-20,P003,Lenovo IdeaPad Slim 5,Laptop,1,58802.78,0.1,Tarnaka,Hyderabad,Telangana,East Hyderabad,Online,Credit Card,Delivered
ORD100763,CUST10083,2025-11-29,P015,Apple iPad Air,Tablet,1,69278.73,0.1,Kondapur,Hyderabad,Telangana,West Hyderabad,Online  ,UPI,Delivered
ORD100912,CUST10379,2025-03-25,P018, American Tourister Backpack ,Bags,2,4092.76,0.05,Attapur, Hyderabad ,Telangana,South Hyderabad,Retail Store,Credit Card,Shipped
ORD101387,CUST10206,2025-03-08,P002,HP Pavilion 14,Laptop,1,64293.73,0.15,Tarnaka,Hyderabad,Telangana,East Hyderabad,Online,UPI,Shipped
ORD100996,CUST10227,2025-02-13,P007,Sony WH-1000XM5,Audio,1,31263.21,0.05,Kondapur,Hyderabad,Telangana,West Hyderabad,Online,UPI,Delivered
ORD101640,CUST10374,2025-04-20,P013,HP Wireless Mouse,Accessories,3,1496.12,0,Secunderabad,Hyderabad,Telangana,South Hyderabad,Online,Credit Card,Delivered
ORD102394,CUST10155,2025-05-04,,OnePlus 13R,Smartphone,3,43484.94,0.2,Kondapur,Hyderabad,Telangana,West Hyderabad,Online,UPI,Delivered
ORD102772,CUST10417,2025-05-31,P017,IKEA Linnmon Desk,Furniture,1,10149.79,0.1,Kukatpally,Hyderabad,Telangana,North-West Hyderabad,Online,Debit Card,Delivered
ORD100014,CUST10202,2025-10-08,P002,HP Pavilion 14,Laptop,5,66610.27,0.1,Madhapur,Hyderabad,Telangana,WEST HYDERABAD,Retail Store,UPI,Delivered
ORD101772,CUST10153,2025-10-22,P006,iPhone 16,Smartphone,1,83067.98,0.1,Nallagandla,Hyderabad,Telangana,West Hyderabad,Corporate Sales,Credit Card,Returned
ORD101518,CUST10173,2025-10-17,P005,OnePlus 13R,Smartphone,1,44931.74,0,SECUNDERABAD,Hyderabad,Telangana,North Hyderabad,Corporate Sales,Credit Card,Delivered
ORD100882,CUST10387,10-25-2025,P006,iPhone 16,Smartphone,3,73981.43,0,Ameerpet,Hyderabad,Telangana,Central Hyderabad,Online,Net Banking,Returned
ORD101351,CUST10302,2025-08-03,P009,Dell 24 Monitor,Monitor,2,15065.05,0.05,UPPAL,Hyderabad,Telangana,East Hyderabad,Online,Net Banking,Delivered
ORD102955,CUST10378,09-26-2025,P004,Samsung Galaxy A55,Smartphone,3,33811.6,0,LB Nagar,Hyderabad,Telangana,East Hyderabad,Online,UPI,Returned
ORD101137,CUST10484,2025-07-28,P003,Lenovo IdeaPad Slim 5,Laptop,1,57143.94,0.1,Tarnaka,Hyderabad,Telangana,East Hyderabad,Online,Credit Card,Delivered
ORD100467,CUST10259,02-06-2025,P011,Logitech K380 Keyboard,Accessories,3,3164.1,0.1,Kukatpally,Hyderabad,Telangana,North-West Hyderabad,Online,Cash on Delivery,Returned
ORD101133,CUST10062,2025-03-20,P017,IKEA Linnmon Desk,Furniture,1,8973.46,0,Kondapur,Hyderabad,Telangana,West Hyderabad,Retail Store,Net Banking,delivered
  ORD101652 ,CUST10303,2025-01-17,P007,Sony WH-1000XM5,Audio,5,29756.38,0.05,Secunderabad,Hyderabad,Telangana,North Hyderabad,Online,Credit Card,Shipped
ORD102634,CUST10075,2025-09-01,P002,LG UltraGear 27,Monitor,1,29744.62,0.05,Jubilee Hills,Hyderabad,Telangana,Central Hyderabad, Online ,Credit Card,Delivered
ORD101079,CUST10146,26/11/2025,P014,Samsung Galaxy Tab S9,Tablet,4,50903.35,0.15,Mehdipatnam,Hyderabad,Telangana,South Hyderabad,Online,Cash on Delivery,Delivered
ORD100427,CUST10417,24/09/2025,P018,American Tourister Backpack,Bags,2,4206.14,0.2,Tarnaka,Hyderabad,Telangana,East Hyderabad,Corporate Sales,Credit Card,Delivered
ORD101707,CUST10396,2025-06-29,P006,iPhone 16,Smartphone,5,81240.91,0.1,Manikonda,Hyderabad,Telangana,West Hyderabad,Online,UPI,Delivered
ORD102740,CUST10416,2025-02-21,P001,Dell Inspiron 15,Laptop,1,63399.26,0.15,Ameerpet,Hyderabad,Telangana,Central Hyderabad,Retail Store,Debit Card,Delivered
ORD101974,CUST10361,08-11-2025,P006,iPhone 16,Smartphone,5,80659.98,0.05,attapur,Hyderabad,Telangana,South Hyderabad,ONLINE,Credit Card,Delivered
ORD102606,CUST10477,2025-09-24,P007,Sony WH-1000XM5,Audio,1,29366.88,0.05,HITEC City,Hyderabad,Telangana,West Hyderabad,Online,UPI,Delivered
ORD101015,CUST10015,2025-05-16,P011,Logitech K380 Keyboard,Accessories,1,3107.73,0.05,Gachibowli,Hyderabad,Telangana,West Hyderabad,Retail Store,Credit Card,Delivered
ORD100661,CUST10150,2025-12-24,P012,Logitech MX Master 3S,Accessories,2,8253.57,0.2,Kompally,Hyderabad,Telangana,North Hyderabad,Online,Credit Card,Cancelled
ORD100245,CUST10187,01-19-2025,P008,JBL Tune 770NC,Audio,2,7060.86,0.1,Jubilee Hills,Hyderabad,Telangana,Central Hyderabad,Corporate Sales,Cash on Delivery,Delivered
ORD102939,CUST10030,2025-06-04,P014,Samsung Galaxy Tab S9  ,Tablet,1,53815.96,0.05,Tarnaka,Hyderabad,Telangana,East Hyderabad,Online,Net Banking,Cancelled
ORD102879,CUST10070,19/09/2025,P005,OnePlus 13R,Smartphone,2,41684.4,0,Manikonda,Hyderabad,Telangana,West Hyderabad,Online,Net Banking,Delivered
ORD102889,CUST10274,2025-02-27,P014,Samsung Galaxy Tab S9,Tablet,1,47991.7,0.15,Tarnaka,Hyderabad,Telangana,East Hyderabad,Online,Net Banking,Shipped
ORD102003,CUST10013,2025-10-08,P002,HP Pavilion 14,Laptop,4,66307.53,0.05,,Hyderabad,Telangana,Central Hyderabad,Corporate Sales,Net Banking,Delivered
ORD102921,CUST10323,2025-10-11,P011,Logitech K380 Keyboard,Accessories,5,3181.92,0.05,Kukatpally,Hyderabad,Telangana,North Hyderabad,Online,Net Banking,Delivered
ORD101656,CUST10206,04-24-2025,P017,IKEA Linnmon Desk,Furniture,1,9319.84,0,Kompally,Hyderabad,Telangana,North Hyderabad,Retail Store,UPI,Shipped
ORD100110,CUST10185,2025-10-04,P002,HP Pavilion 14,Laptop,5,63944.61,0,Gachibowli,Hyderabad,Telangana,West Hyderabad,Corporate Sales,Net Banking,Shipped
ORD101490,CUST10233,2025-12-30,P012,Logitech MX Master 3S,Accessories,,8243.36,0.05,Ameerpet,Hyderabad,Telangana,Central Hyderabad,Retail Store,Cash on Delivery,Delivered
ORD102145,CUST10055,2025-10-09,P015,Apple iPad Air,Tablet,1,61168.82,0,Madhapur,Hyderabad,Telangana,West Hyderabad,Online,Debit Card,Delivered
ORD100861,CUST10080,2025-10-06,P001,Dell Inspiron 15,Laptop,5,57809.05,0,Jubilee Hills,Hyderabad,Telangana,Central Hyderabad,Online,Debit Card,Delivered
ORD100342,CUST10351,2025-06-30,P018,American Tourister Backpack,Bags,1,4060.2,0.05,Secunderabad,HYDERABAD,Telangana,North Hyderabad,Corporate Sales,Credit Card,Returned
ORD100123,CUST10353,2025-07-02,P008,JBL Tune 770NC,Audio,1,7284.77,0.05,Begumpet,Hyderabad,Telangana,Central Hyderabad,Online,UPI,Delivered
ORD101859,CUST10290,2025-09-26,P004,Samsung Galaxy A55,Smartphone,1,33597.48,0.05,Kukatpally,Hyderabad,Telangana,North-West Hyderabad,Online,Net Banking,Delivered
ORD102546,CUST10221,2025-06-09,P012,Logitech MX Master 3S,Accessories,5,8883.81,0.1,Banjara Hills,hyderabad,Telangana,Central Hyderabad,Online,UPI,Delivered
ORD101575,CUST10080,18/04/2025,P009,Dell 24 Monitor,Monitor,4,14831.85,0.15,Uppal,Hyderabad,Telangana,East Hyderabad,Corporate Sales,Net Banking,Delivered
ORD101548,CUST10411,2025-02-03,P013,HP Wireless Mouse,Accessories,1,1502.9,0.2,LB Nagar,Hyderabad,Telangana,East Hyderabad,Online,Credit Card,Delivered
ORD101107,CUST10402,2025-06-07,P002,HP Pavilion 14,Laptop,1,67573.31,0.1,tarnaka,Hyderabad,Telangana,East Hyderabad,Retail Store,UPI,Delivered
ORD101296,CUST10074,2025-06-07,P010,LG UltraGear 27,Monitor,5,26841,0,Uppal,Hyderabad,Telangana,East Hyderabad, Online ,,Delivered
ORD101182,CUST10274,2025-05-30,P008,JBL Tune 770NC,Audio,3,7689.06,0.05,Ameerpet,Hyderabad,Telangana,Central Hyderabad,Online,UPI,Shipped
ORD101659,CUST10151,2025-06-20,P004,Samsung Galaxy A55,Smartphone,1,37662.48,0.1,DILSUKHNAGAR,Hyderabad,Telangana,East Hyderabad,Corporate Sales,Credit Card,Delivered
ORD101176,CUST10229,2025-08-18,P003,Lenovo IdeaPad Slim 5,Laptop,1,61559.16,0.2,LB Nagar,Hyderabad,Telangana,East Hyderabad,Online,Debit Card,Delivered
ORD102029,CUST10213,2025-04-17,P015,Apple iPad Air,Tablet,3,63197.56,0.05,Madhapur,Hyderabad,Telangana,West Hyderabad,Retail Store,UPI,Delivered
ORD101826,CUST10348,2025-02-15,P007,Sony WH-1000XM5,Audio,1,29263.81,0,Gachibowli,Hyderabad,Telangana,West Hyderabad,Online,Cash on Delivery,Delivered
  ORD101151 ,CUST10319,07-04-2025,P011,Logitech K380 Keyboard  ,accessories,3,3187.54,0.1,Kukatpally,Hyderabad,Telangana,North-West Hyderabad,Corporate Sales,UPI,Delivered
ORD101963,CUST10002,2025-03-31,P016,Green Soul Monster Chair,Furniture,3,13547.66,0.1,Banjara Hills,Hyderabad,Telangana,Central Hyderabad,Corporate Sales,UPI,Delivered
ORD100405,CUST10290,2025-05-31,P007,sony wh-1000xm5,Audio,4,31252.75,0.1,Uppal,Hyderabad,Telangana,East Hyderabad,Online,Cash on Delivery,Delivered
ORD102527,CUST10017,2025-07-15,P012,Logitech MX Master 3S,Accessories,1,8081.52,0.05,Kukatpally,Hyderabad,Telangana,North-West Hyderabad,Retail Store,UPI,Delivered
ORD102734,CUST10045,07-31-2025,P007,Sony WH-1000XM5,Audio,2,27401.44,0.05,Kondapur,Hyderabad,Telangana,West Hyderabad,Retail Store,,Delivered
ORD100007,CUST10003,2025-04-04,P018,Logitech K380 Keyboard,Accessories,5,3297.12,0.1,Uppal,Hyderabad,Telangana,East Hyderabad,Retail Store,Credit Card,Delivered
ORD102197,CUST10460,2025-03-01,P017,IKEA Linnmon Desk,Furniture,4,8748.97,0.1,Kompally,Hyderabad,Telangana,North Hyderabad,Online,Credit Card,Cancelled
ORD100118,CUST10114,2025-06-17,P006,iPhone 16,Smartphone,2,72001.63,0,Ameerpet,Hyderabad,Telangana,Central Hyderabad,Online,Credit Card,Delivered
ORD100673,CUST10308,04-01-2025,P012,Logitech MX Master 3S,Accessories,5,8944.55,0.15,Gachibowli,Hyderabad,Telangana,West Hyderabad,Online,UPI,Delivered
ORD101805,CUST10131,14/11/2025,P009,Dell 24 Monitor,Monitor,1,13488.21,0.05,Dilsukhnagar,Hyderabad,Telangana,East Hyderabad,Corporate Sales,Net Banking,Delivered
ORD100381,CUST10344,2025-12-17,P006,iPhone 16,Smartphone,2,83603.81,0.05,Miyapur,Hyderabad,Telangana,North-West Hyderabad,Corporate Sales, UPI ,Shipped
ORD102040,CUST10216,2025-08-06,P012,Logitech MX Master 3S,Accessories,1,8095.16,0,Jubilee Hills,Hyderabad,Telangana,Central Hyderabad,Online,UPI,Delivered
ORD102925,CUST10216,22/02/2025,P017,IKEA Linnmon Desk,Furniture,5,9802.06,0.05,Jubilee Hills,Hyderabad,Telangana,Central Hyderabad,Corporate Sales,Net Banking,Cancelled
ORD101851,CUST10271,2025-05-07,P008,JBL Tune 770NC,Audio,1,,0.05,Jubilee Hills,Hyderabad,Telangana, Central Hyderabad ,Online,Credit Card,Delivered
ORD101096,CUST10222,24/12/2025,P017,IKEA Linnmon Desk,Furniture,3,10053.16,0.2,Tarnaka,Hyderabad,Telangana,East Hyderabad,Retail Store,Credit Card,Returned
ORD102169,CUST10462,2025-10-03,P005,OnePlus 13R,Smartphone,1,42749.23,0.2,HITEC City,Hyderabad,Telangana,West Hyderabad,Online,Credit Card,Delivered
ORD102759,CUST10179,2025-11-20,P016,Green Soul Monster Chair,Furniture,2,14555.89,0,Begumpet,Hyderabad,Telangana,Central Hyderabad,Online,UPI,Delivered
ORD101633,CUST10345,04/04/2025,P001,Dell Inspiron 15,Laptop,1,58259.56,0.15,Kukatpally,Hyderabad,Telangana,North-West Hyderabad,Online,UPI,Delivered
ORD101883,CUST10029,08/01/2025,P011,Logitech K380 Keyboard,Accessories,4,3349.67,0.2,LB Nagar,Hyderabad,Telangana,east hyderabad,Corporate Sales,UPI,Delivered
ORD101216,CUST10365,2025-01-06,P015,Apple iPad Air,Tablet,2,64179.18,0.1,Kondapur,Hyderabad,Telangana,West Hyderabad,Retail Store,Debit Card,Delivered  
ORD100517,CUST10354,2025-06-17,P011,Logitech K380 Keyboard,Accessories,4,3383.61,0,LB Nagar,Hyderabad,Telangana,East Hyderabad,Retail Store,Net Banking,Delivered
ORD102786,CUST10030,2025-10-21,P010,LG UltraGear 27,Monitor,1,28788.22,0,Jubilee Hills,Hyderabad,Telangana,Central Hyderabad,Online,Net Banking,Delivered
ORD102804,CUST10454,2025-02-26,P010,LG UltraGear 27,Monitor,2,29377.87,0.15,Gachibowli,Hyderabad,Telangana,West Hyderabad,Corporate Sales,Credit Card,Delivered
ORD100878,CUST10308,,P013,HP Wireless Mouse,Accessories,2,1638.38,0.15,Begumpet,Hyderabad,Telangana,Central Hyderabad,Retail Store,Debit Card,Shipped
ORD101937,CUST10103,2025-03-09,P014,Samsung Galaxy Tab S9,Tablet,2,54481.25,0.15,Secunderabad,Hyderabad,Telangana,North Hyderabad,Online,Credit Card,Shipped
ORD102259,CUST10144,2025-07-22,P018,American Tourister Backpack,Bags,1,4419.03,0.1,Nallagandla,Hyderabad,Telangana,West Hyderabad,Online,Net Banking,Delivered
ORD101075,CUST10209,2025-08-11,P017,IKEA Linnmon Desk,Furniture,2,10004.38,0.15,Begumpet,Hyderabad,Telangana,CENTRAL HYDERABAD,Retail Store,Cash on Delivery,Returned
ORD100486,CUST10496,02/07/2025,P007,Sony WH-1000XM5,Audio,1,28767.57,0.1,Kondapur,Hyderabad,Telangana,West Hyderabad,Online,Credit Card,Delivered
ORD100798,CUST10037,2025-09-25,P008,JBL Tune 770NC,Audio,3,6936.02,0.2,Madhapur,Hyderabad,Telangana,West Hyderabad,Corporate Sales,Debit Card,Returned
ORD101033,CUST10222,2025-04-18,P015,Apple iPad Air,Tablet,1,63226.83,0.2,Secunderabad,Hyderabad,Telangana,North Hyderabad,Online,UPI,Delivered
ORD101598,CUST10302,2025-08-16,P010,LG UltraGear 27,Monitor,2,28378.22,0.1,Attapur,Hyderabad,Telangana,South Hyderabad,Online,Net Banking,Shipped
ORD101843,CUST10072,2025-07-15,P014,Samsung Galaxy Tab S9,Tablet,3,51654.17,0.15,Mehdipatnam,Hyderabad,Telangana,South Hyderabad,Retail Store,Cash on Delivery,Delivered
ORD100236,CUST10175,2025-08-30,P016,Green Soul Monster Chair,Furniture,2,14071.39,0.05,Miyapur,Hyderabad,Telangana,North-West Hyderabad,Corporate Sales,Credit Card,Delivered
ORD101710,CUST10010,2025-08-14,P002,HP Pavilion 14,Laptop,1,71528.08,0,Tarnaka,Hyderabad,Telangana,East Hyderabad,Retail Store,Debit Card, Delivered 
ORD102705,CUST10316,2025-01-27,P012,Logitech MX Master 3S,Accessories  ,5,8772,0.05,Kondapur,Hyderabad,Telangana,West Hyderabad,Retail Store,Net Banking,Delivered
ORD101435,CUST10401,2025-08-30,P016,Green Soul Monster Chair,Furniture,1,13618.37,0.15,Ameerpet,Hyderabad,Telangana,Central Hyderabad,Corporate Sales,Debit Card,Returned
ORD102132,CUST10012,2025-04-10,P008,JBL Tune 770NC,Audio,2,7964.3,0.05,Kompally,Hyderabad,Telangana,North Hyderabad,Online,Credit Card,Shipped
ORD102980,CUST10290,2025-12-05,P015,Apple iPad Air,Tablet,2,65584.12,0.2,Gachibowli,Hyderabad,Telangana,West Hyderabad,Retail Store,Cash on Delivery,Delivered
ORD100951,CUST10402,05-20-2025,P001,Dell Inspiron 15,Laptop,1,57053.07,0.1,Ameerpet,Hyderabad,Telangana,Central Hyderabad,Online,UPI,Delivered
ORD100792,CUST10388,10/08/2025,P010,LG UltraGear 27,Monitor,1,29850.37,0.05,LB Nagar,Hyderabad,Telangana,East Hyderabad,Corporate Sales,Credit Card,Returned
ORD100380,CUST10348,2025-09-04,P007,Sony WH-1000XM5,Audio,1,29968.89,0.1,Begumpet,Hyderabad,Telangana,Central Hyderabad,Online,UPI,Delivered
ORD100979,CUST10336,2025-05-18,P007,Sony WH-1000XM5,Audio,3,30945.53,0.15,Ameerpet,Hyderabad,Telangana,Central Hyderabad,Online,Net Banking,Delivered
ORD100736,CUST10186,07-26-2025,P016,Green Soul Monster Chair,Furniture,3,14139.08,0,Nallagandla,Hyderabad,Telangana  ,West Hyderabad,Retail Store,UPI,Delivered
ORD102866,CUST10060,2025-09-09,P017,IKEA Linnmon Desk,Furniture,4,9423.91,0.1,Dilsukhnagar,Hyderabad,Telangana,East Hyderabad,Retail Store,UPI,Shipped
ORD102024,CUST10276,2025-09-30,P017,IKEA Linnmon Desk,Furniture,2,9112.66,0,LB Nagar,Hyderabad,Telangana,East Hyderabad,Retail Store,Net Banking,delivered
ORD100665,CUST10239,2025-12-20,P012,Logitech MX Master 3S,Accessories,1,8128.6,0.05,Uppal,Hyderabad,Telangana,East Hyderabad,Online,Credit Card,Delivered
ORD102694,,09-06-2025,P014,Samsung Galaxy Tab S9,Tablet,4,55087.33,0.05,Uppal,Hyderabad,Telangana,East Hyderabad,Online,UPI,Delivered
ORD100713,CUST10453,2025-09-07,P009,Dell 24 Monitor,Monitor,1,15453.33,0.15,Begumpet,Hyderabad,Telangana,Central Hyderabad,Online,Debit Card,Delivered
ORD102704,CUST10398,2025-11-04,P016,Green Soul Monster Chair,Furniture,4,12654.2,0.2,Jubilee Hills,Hyderabad,Telangana,Central Hyderabad,Online,Net Banking,Delivered
ORD101244,CUST10104,2025-08-16,P017,IKEA Linnmon Desk  ,Furniture,5,8950.82,0.05,Kompally,Hyderabad,Telangana,North Hyderabad,Online,UPI,Delivered
ORD100029,CUST10308,11-20-2024,P004,Samsung Galaxy A55,Smartphone,4,38582.99,0,Kukatpally,Hyderabad,Telangana,North-West Hyderabad,Online,UPI,Delivered
ORD102033,CUST10046,2025-10-07,P009,Dell 24 Monitor,Monitor,3,13606.66,0.1,HITEC City,Hyderabad,Telangana,West Hyderabad,Retail Store,Net Banking,Delivered
ORD101996,CUST10290,2025-05-15,P004,Samsung Galaxy A55,Smartphone,5,33278.59,0.1,Ameerpet,Hyderabad,telangana,Central Hyderabad,Corporate Sales,Debit Card,DELIVERED
ORD102845,CUST10237,2025-08-24,P015,Apple iPad Air,Tablet,2,67078.02,0.15,Nallagandla,Hyderabad,Telangana,West Hyderabad,Online,Net Banking,Delivered
ORD102792,CUST10476,2025-08-06,P013,HP Wireless Mouse,Accessories,4,1587.73,0.1,Kukatpally,Hyderabad,Telangana,North-West Hyderabad,Online,Net Banking,Delivered
ORD102142,CUST10500,22/11/2025,P017,IKEA Linnmon Desk,Furniture,3,9144.98,0.1,Dilsukhnagar,Hyderabad,Telangana,East Hyderabad,Retail Store,UPI,Delivered
ORD100531,CUST10064,11/07/2025,P017,IKEA Linnmon Desk,Furniture,1,8957.28,0.1,Madhapur,Hyderabad,Telangana,West Hyderabad,Online,UPI,Delivered
ORD101835,CUST10064,2025-06-15,P012,Logitech MX Master 3S,Accessories,2,8009.27,0.2,Jubilee Hills,Hyderabad,Telangana,Central Hyderabad,Online,UPI,SHIPPED
ORD102166,CUST10156,2025-04-14,P003,Lenovo IdeaPad Slim 5,Laptop,4,59324.18,0.15,Tarnaka,Hyderabad,Telangana,East Hyderabad,Corporate Sales,Credit Card, Delivered 
ORD100884,CUST10233,02/04/2025,P017,IKEA Linnmon Desk,Furniture,1,8880.39,0,Kondapur,Hyderabad,Telangana,West Hyderabad,Online,UPI,delivered
ORD102790,CUST10419,2025-11-21,P018,American Tourister Backpack,Bags,2,4325.09,0,Kukatpally,Hyderabad,Telangana,North-West Hyderabad,Online,Credit Card,Delivered
ORD100346,CUST10058,2025-03-02,P004,Samsung Galaxy A55,Smartphone,2,33892.67,0.15,Ameerpet,Hyderabad,Telangana,Central Hyderabad,Retail Store,Debit Card,Delivered
ORD100466,CUST10114,2025-05-12,P001,Dell Inspiron 15,Laptop,3,63310.93,0.15,Dilsukhnagar,Hyderabad,Telangana,East Hyderabad,Retail Store,UPI,Delivered
ORD102386,CUST10124,2025-12-13,P001,Dell Inspiron 15,Laptop,1,62378.81,0.1,Uppal,Hyderabad,Telangana,East Hyderabad,Online,Cash on Delivery,Delivered
ORD102321,CUST10121,2025-09-03,P014,Samsung Galaxy Tab S9,Tablet,5,54196.93,0.05,Kondapur,Hyderabad,Telangana,West Hyderabad,Retail Store,UPI,Delivered
ORD102907,CUST10016,2025-04-03,P004,Samsung Galaxy A55,Smartphone,4,36657.44,0.05,Mehdipatnam,Hyderabad,Telangana,South Hyderabad,Online,Credit Card,Delivered
ORD101125,CUST10368,2025-08-04,P006,iPhone 16,Smartphone,2,76897.12,0.15,Tarnaka,Hyderabad,Telangana,East Hyderabad,Online,Credit Card,Delivered
ORD102524,CUST10392,2025-03-07,P010,LG UltraGear 27,Monitor,5,28812.56,0.2,Madhapur,Hyderabad,Telangana,West Hyderabad,Retail Store,Credit Card,Shipped
ORD102008,CUST10173,16/09/2025,P011,Logitech K380 Keyboard,Accessories,5,3037.46,0,Kondapur,Hyderabad,Telangana,West Hyderabad,Retail Store,UPI,Delivered
ORD100443,CUST10262,2025-06-12,P005,OnePlus 13R,Smartphone,5,43206.07,0.2,Ameerpet,Hyderabad,Telangana,Central Hyderabad,Online,Cash on Delivery,Shipped
ORD101251,CUST10435,11-05-2025,P012,Logitech MX Master 3S,Accessories,4,8007.53,0.15,ATTAPUR,Hyderabad,Telangana,South Hyderabad,Online,Debit Card,Returned
ORD101756,CUST10024,2025-07-16,P002,HP Pavilion 14,Laptop,5,71282.38,0.2,Kompally,Hyderabad,Telangana,North Hyderabad,Online,UPI,Delivered
ORD100126,CUST10163,2025-08-10,P007,Sony WH-1000XM5,Audio,1,,0.05,Miyapur,Hyderabad,Telangana,North-West Hyderabad,Retail Store,Cash on Delivery,Delivered
ORD101540,CUST10092,2025-10-07,P008,JBL Tune 770NC,Audio,1,7332.94,0.2,Jubilee Hills,Hyderabad,Telangana,Central Hyderabad,Online,Credit Card,Delivered
ORD102396,CUST10021,03-15-2025,P003,Lenovo IdeaPad Slim 5,Laptop,1,-2500,0.05,Madhapur,Hyderabad,Telangana,West Hyderabad,Corporate Sales,Credit Card,Delivered
ORD100225,CUST10089,2025-02-26,P001,Dell Inspiron 15,Laptop,2,63101.83,0,Madhapur,Hyderabad,Telangana,West Hyderabad,Corporate Sales,,Returned
ORD100727,CUST10333,2025-04-25,P012,Logitech MX Master 3S,Accessories,5,8083.98,0.15,Gachibowli,Hyderabad,Telangana,West Hyderabad,Retail Store,UPI,Cancelled
ORD102997,CUST10335,2025-08-12,P013,HP Wireless Mouse,Accessories,4,1654.54,0.1,Banjara Hills,Hyderabad,Telangana,Central Hyderabad,Online,Net Banking,Cancelled
ORD100518,CUST10121,2025-11-25,P003,Lenovo IdeaPad Slim 5,Laptop,4,59492.1,0.15,Ameerpet,Hyderabad,Telangana,Central Hyderabad,Retail Store,UPI,Delivered
ORD101594,CUST10169,09-12-2025,P007,Sony WH-1000XM5,Audio,1,30003.24,0,Kukatpally,Hyderabad,Telangana,North-West Hyderabad,Online,Net Banking,Delivered
ORD100298,CUST10177,2025-10-21,P008,JBL Tune 770NC,Audio,1,7123.26,0,,Hyderabad,Telangana,East Hyderabad,Retail Store,UPI,Delivered
ORD102341,CUST10471,2025-03-18,P010,LG UltraGear 27,Monitor,3,30125.4,0.1,Dilsukhnagar,Hyderabad,Telangana,East Hyderabad,Online,Credit Card,Delivered
ORD101621,CUST10396,2025-08-27,P003,Lenovo IdeaPad Slim 5,Laptop,1,56129.27,0.1,Kukatpally,Hyderabad,Telangana,North-West Hyderabad,Corporate Sales,Debit Card,Shipped
ORD102568,CUST10088,2025-07-13,P006,iPhone 16,Smartphone,5,79982.96,0.1,tarnaka,Hyderabad,Telangana,East Hyderabad,Online,UPI,Shipped
ORD101452,CUST10214,2025-11-19,P006,iPhone 16,Smartphone,1,83462.31,0.05,Dilsukhnagar,Hyderabad,Telangana,East Hyderabad,Retail Store,Credit Card,Delivered
ORD101222,CUST10343,2025-01-19,P010,LG UltraGear 27,Monitor,5,26176.17,0.15,Uppal,Hyderabad,Telangana,East Hyderabad,Online,Debit Card,Delivered
ORD102830,CUST10121,2025-04-10,P014,Samsung Galaxy Tab S9,Tablet,3,50012.22,0.15,Begumpet,Hyderabad,Telangana,Central Hyderabad,Retail Store,Net Banking,Delivered
ORD100929,CUST10198,2025-03-08,P015,Apple iPad Air,Tablet,2,61173.64,0.1,HITEC City,Hyderabad,Telangana,West Hyderabad,Online,Debit Card,Delivered
ORD100833,CUST10086,2025-05-01,P009,Dell 24 Monitor,Monitor,5,13820.33,0.1,HITEC City,Hyderabad,Telangana,West Hyderabad,Retail Store,Net Banking,Delivered
ORD100124,CUST10475,2025-11-24,P009,Dell 24 Monitor,Monitor,1,14925.74,0.1,Kukatpally,Hyderabad,Telangana,North-West Hyderabad,Retail Store,Debit Card,Delivered
ORD100501,CUST10017,2025-01-19,P002,HP Pavilion 14,Laptop,1,63357.45,0.05,Manikonda,Hyderabad,Telangana,West Hyderabad,Online,Credit Card,Shipped
ORD101373,CUST10373,2025-09-08,P010,LG UltraGear 27,Monitor,1,26093.26,0.05,Manikonda,Hyderabad,Telangana,West Hyderabad,Online,Credit Card,Delivered
ORD100125,CUST10141,01/11/2025,P004,Samsung Galaxy A55,Smartphone,1,35119.59,0.1,Dilsukhnagar,Hyderabad,Telangana,East Hyderabad,Online,Debit Card,Delivered
ORD100055,CUST10396,07-01-2025,P018,American Tourister Backpack,Bags,2,4213.51,0.05,,Hyderabad,Telangana,West Hyderabad,Retail Store,Credit Card,Delivered
ORD101793,CUST10324,2025-05-02,P001,Dell Inspiron 15,Laptop,5,65624.64,0.2,Madhapur,Hyderabad,TELANGANA,West Hyderabad,Online,UPI,Delivered
ORD100287,CUST10087,2025-12-15,P009,Dell 24 Monitor,Monitor,4,13708.43,0.05,Secunderabad,Hyderabad,Telangana,North Hyderabad,Retail Store,UPI,Delivered
ORD100404,CUST10046,2025-05-30,P005,OnePlus 13R,Smartphone,1,44024.79,0.1,Secunderabad,Hyderabad,Telangana,North Hyderabad,Online,NET BANKING,Delivered
ORD102258,CUST10117,2025-06-04,P018,American Tourister Backpack,Bags,2,4085.1,0.1,Begumpet,Hyderabad,Telangana,Central Hyderabad,Retail Store,Debit Card,Delivered
ORD100607,CUST10311,2025-03-18,P006,iPhone 16,Smartphone,1,77376.32,0.1,,Hyderabad,Telangana,North-West Hyderabad,Online,Credit Card,Delivered
ORD102284,CUST10219,2025-05-27,P002,HP Pavilion 14,Laptop,2,66670.59,0.1,Kompally,Hyderabad,Telangana,North Hyderabad,Online,UPI,Delivered
ORD102082,CUST10201,2025-12-23,P018,American Tourister Backpack,Bags,2,4062.97,0.1,Tarnaka,Hyderabad,Telangana,East Hyderabad,Retail Store,UPI,Delivered
ORD100015,CUST10299,2025-10-19,P007,Sony WH-1000XM5,Audio,5,29890.13,0.05,Attapur,Hyderabad,Telangana,South Hyderabad,Corporate Sales,UPI, Delivered 
ORD100832,CUST10120,12-24-2025,P009,Dell 24 Monitor,Monitor,4,14953.17,0.05,LB Nagar,Hyderabad, Telangana ,East Hyderabad,Corporate Sales,Cash on Delivery,Delivered
ORD100735,CUST10190,2025-12-27,P006,iPhone 16,Smartphone,-5,78309.6,0.1,Tarnaka,Hyderabad,Telangana,East Hyderabad,Online,Net Banking,Cancelled
ORD102425,CUST10065,2025-08-16,P013,HP WIRELESS MOUSE,Accessories,1,1667.68,0.2,Uppal,Hyderabad,Telangana,East Hyderabad,Corporate Sales,Debit Card,Delivered
ORD101062,CUST10367,2025-12-15,P002,HP Pavilion 14,Laptop,2,67610.86,0.2,NALLAGANDLA,Hyderabad,Telangana,West Hyderabad,Retail Store,UPI,Delivered
ORD102252,CUST10339,2025-08-30,P009,Dell 24 Monitor,Monitor,1,14780.06,0.1,LB Nagar,Hyderabad,Telangana,East Hyderabad,Online,UPI,Delivered
ORD101695,CUST10471,09/01/2025,P017,IKEA Linnmon Desk,Furniture,4,9433.44,0.15,Gachibowli  ,Hyderabad,Telangana,West Hyderabad,Online,UPI,Delivered
ORD102990,CUST10225,2025-12-24,P011,Logitech K380 Keyboard,Accessories,3,2967.93,0.15,Banjara Hills,Hyderabad,Telangana,Central Hyderabad,online,UPI,Delivered
ORD100005,CUST10422,2025-04-07,P016,Green Soul Monster Chair,Furniture,2,13979.34,0.15,Attapur,Hyderabad,Telangana,South Hyderabad,Online,UPI,Delivered
ORD102095,CUST10386,2025-03-25,P016,Green Soul Monster Chair,Furniture,2,14322.54,0.05,Mehdipatnam,Hyderabad,Telangana,South Hyderabad,Online,UPI,Cancelled
ORD102123,CUST10032,2025-01-30,P002,HP Pavilion 14,Laptop,2,66482.74,0.15,Kukatpally,Hyderabad,Telangana,North-West Hyderabad,Retail Store,Credit Card,Delivered
ORD102654,CUST10250,28/06/2025,P014,Samsung Galaxy Tab S9,Tablet,2,49440.28,0.2,,Hyderabad,Telangana,West Hyderabad,Online,UPI,Delivered
ORD102502,CUST10355,2025-09-02,P014,Samsung Galaxy Tab S9,Tablet,5,51807.19,0.1,Kompally,Hyderabad,Telangana,North Hyderabad,Retail Store,UPI,Delivered
ORD102009,CUST10190,2025-10-07,P008,JBL Tune 770NC,Audio,2,7186.88,0,Kondapur,Hyderabad,Telangana,West Hyderabad,Online,Net Banking,Delivered
ORD101422,CUST10343,08/11/2025,P017,IKEA Linnmon Desk,Furniture,1,9131,0,Gachibowli,Hyderabad,Telangana,West Hyderabad,Corporate Sales,Net Banking,Cancelled
ORD100633,CUST10214,2025-03-31,P017,IKEA Linnmon Desk,Furniture,1,10236.53,0.1,Nallagandla,Hyderabad,Telangana,West Hyderabad,Online,UPI,Delivered
ORD100350,CUST10160,2025-01-26,P013,HP Wireless Mouse,Accessories,3,1647.97,0.2,Tarnaka,Hyderabad,Telangana,East Hyderabad,Retail Store,UPI,Delivered
ORD101315,CUST10332,2025-02-05,P007,Sony WH-1000XM5,Audio,4,27991.58,0.05,HITEC City,Hyderabad,Telangana,West Hyderabad,Online,Credit Card,Delivered
ORD101912,CUST10425,2025-06-06,P002,HP Pavilion 14,Laptop,2,72957.34,0.05,Tarnaka,Hyderabad,Telangana,East Hyderabad,Retail Store,Cash on Delivery,Shipped
ORD100561,CUST10092,2025-05-13,P016,Green Soul Monster Chair,Furniture,1,14217.78,0,Mehdipatnam,Hyderabad,Telangana,South Hyderabad,Online,Debit Card,Cancelled
ORD102875,CUST10118,05-07-2025,P002,HP Pavilion 14,Laptop,4,66462.86,0.1,HITEC City,Hyderabad,Telangana,West Hyderabad,Online,Net Banking,Delivered
ORD101542,CUST10368,2025-03-05,P015,Apple iPad Air,Tablet,4,60033.96,0.1,Uppal,Hyderabad,Telangana,East Hyderabad,Online,,Shipped
ORD100915,CUST10441,2025-08-09,P012,Logitech MX Master 3S,Accessories,1,8439.57,0,Attapur,Hyderabad,Telangana,South Hyderabad,Online,UPI,Delivered
ORD101248,CUST10460,2025-01-26,P001,Dell Inspiron 15,Laptop,5,59722.56,0.15,ameerpet,Hyderabad,Telangana,Central Hyderabad,Online,Cash on Delivery,Delivered
ORD102916,CUST10327,2025-06-09,P015,Apple iPad Air,Tablet,1,63033.55,0.3,Miyapur,Hyderabad,Telangana,North-West Hyderabad,Online,Credit Card,Delivered
ORD102288,CUST10323,2025-04-24,P016,Green Soul Monster Chair,Furniture,4,13843.37,0.05,Begumpet,Hyderabad,Telangana,Central Hyderabad,Online,UPI,Delivered
ORD101900,CUST10312,11-09-2025,P016,Green Soul Monster Chair,Furniture,1,13553.71,0,Secunderabad,Hyderabad,Telangana,North Hyderabad,Corporate Sales,Cash on Delivery,Cancelled
ORD100645,CUST10298,2025-03-25,P014,Samsung Galaxy Tab S9,Tablet,2,49247.5,0.15,Manikonda,Hyderabad,Telangana,West Hyderabad,Corporate Sales,UPI,delivered
ORD101478,CUST10113,2025-04-03,P010,LG UltraGear 27,Monitor,1,29128.09,0,Ameerpet,Hyderabad,Telangana,Central Hyderabad,Online, UPI ,Delivered
ORD101511,CUST10470,2025-05-04,P006,iPhone 16,Smartphone,1,77825.18,0.05,Secunderabad,Hyderabad,Telangana,North Hyderabad,Retail Store,Debit Card,Delivered
ORD102677,CUST10016,2025-07-21,P017,IKEA Linnmon Desk,Furniture,,9314.79,0.05,Madhapur,Hyderabad,Telangana,West Hyderabad,Retail Store,UPI,Cancelled
ORD102161,CUST10014,07/01/2025,P014,Samsung Galaxy Tab S9,Tablet,2,51582.58,0.2,Kompally,Hyderabad,Telangana,North Hyderabad,Online,Debit Card,Delivered
ORD101864,CUST10053,2025-01-31,P005,OnePlus 13R,Smartphone,-5,40554.67,0,Uppal,Hyderabad,Telangana, East Hyderabad ,Corporate Sales,Debit Card,Cancelled
ORD101074,CUST10188,2025-11-30,P010,LG UltraGear 27,Monitor,5,29360.98,0.2,Miyapur,Hyderabad,Telangana, North-West Hyderabad ,Online,UPI,Delivered
ORD100720,CUST10449,2025-11-07,P013,HP Wireless Mouse,Accessories,1,1655.87,0,Ameerpet,Hyderabad,Telangana,Central Hyderabad,Corporate Sales  ,debit card,Delivered
ORD100471,CUST10324,2025-05-29,P003,Lenovo IdeaPad Slim 5,Laptop,1,62039.79,0.15,Kondapur,Hyderabad,Telangana,West Hyderabad,Online,UPI,Delivered
ORD101966,CUST10304,2025-09-19,P016,Green Soul Monster Chair,Furniture,1,12876.98,0,Miyapur,Hyderabad,Telangana,North-West Hyderabad,Online,Credit Card,Returned
ORD100087,CUST10067,2025-03-06,P003,Lenovo IdeaPad Slim 5,Laptop,2,62370.55,0,uppal,Hyderabad,Telangana,East Hyderabad,Online,Net Banking,Delivered
ORD102736,CUST10300,2025-09-15,P003,Lenovo IdeaPad Slim 5,Laptop,2,59079.12,0,Miyapur,Hyderabad,Telangana,North-West Hyderabad,Online,Credit Card,Delivered
ORD100519,CUST10016,2025-06-30,P014,Samsung Galaxy Tab S9,Tablet,4,50297.18,0.15,Begumpet,Hyderabad,Telangana,Central Hyderabad,Retail Store,Cash on Delivery,Delivered
ORD102862,CUST10349,2025-12-19,P007,Sony WH-1000XM5,Audio,4,29834.97,0.05,Begumpet,Hyderabad,Telangana,Central Hyderabad,Corporate Sales,Cash on Delivery,Delivered
ORD100155,CUST10479,2025-09-18,P008,JBL Tune 770NC,Audio,1,8090.21,0.1,Madhapur,Hyderabad,Telangana,West Hyderabad,Retail Store,UPI,Returned
ORD101914,CUST10458,2025-01-08,P010,LG UltraGear 27,Monitor,3,27855.45,0.2,Kompally,Hyderabad,Telangana,North Hyderabad,Online,Credit Card,Delivered
ORD102853,CUST10196,2025-04-03,P012,Logitech MX Master 3S,Accessories,2,8385.34,0.1,Uppal,Hyderabad,Telangana,East Hyderabad,Online,Credit Card,Delivered
ORD100002,CUST10285,2025-05-12,P013,HP Wireless Mouse,Accessories,1,1648.25,0.1,Kukatpally,Hyderabad,Telangana,North-West Hyderabad,Retail Store,UPI,Shipped
ORD100354,CUST10371,2025-12-14,P018,American Tourister Backpack,Bags,5,4467.37,0.15,Gachibowli,Hyderabad,Telangana,West Hyderabad,Online,UPI,Delivered
ORD102263,CUST10128,2025-07-23,P001,Dell Inspiron 15,Laptop,1,63810.12,0.15,Madhapur,hyderabad,Telangana,West Hyderabad,Online,UPI,Delivered
ORD102636,CUST10241,2025-02-05,P016,Green Soul Monster Chair,Furniture,2,13671.47,0.2,Madhapur,Hyderabad,Telangana,West Hyderabad,Online,Net Banking,Delivered
ORD100400,CUST10368,09-27-2025,P002,HP Pavilion 14,Laptop,1,73253.37,0.15,Secunderabad,Hyderabad,Telangana,North Hyderabad,Online,Credit Card,Delivered
ORD100130,CUST10179,2025-02-18,P010,LG UltraGear 27, Monitor ,1,26948.19,0,Miyapur,Hyderabad,Telangana,North-West Hyderabad,Retail Store,UPI,Delivered
ORD101530,CUST10244,,P006,iPhone 16,Smartphone,1,72150.34,0.1,HITEC City,Hyderabad,Telangana,West Hyderabad,Corporate Sales,Debit Card,Delivered
ORD102600,CUST10433,2025-08-10,P016,Green Soul Monster Chair,Furniture,2,14456.2,0.2,Attapur,Hyderabad,Telangana,South Hyderabad,Corporate Sales,UPI,Delivered
ORD100485,CUST10033,04-20-2025,P017,IKEA Linnmon Desk,Furniture,3,9253.35,0,Kondapur,Hyderabad,Telangana,West Hyderabad,Retail Store,UPI,Delivered
ORD102362,CUST10371,29/08/2025,P010,LG UltraGear 27,Monitor,1,30175.04,0.1,Madhapur,Hyderabad,Telangana,West Hyderabad,Online,Cash on Delivery,Returned
ORD100533,CUST10374,,P016,Green Soul Monster Chair,Furniture,3,14022.19,0.15,Jubilee Hills,Hyderabad,Telangana,Central Hyderabad,online,UPI,Delivered
ORD100636,CUST10169,2025-03-11,,Green Soul Monster Chair,Furniture,2,13825.72,0.15,Mehdipatnam,Hyderabad,TELANGANA,South Hyderabad,Corporate Sales,Net Banking,Delivered
ORD100337,CUST10285,2025-04-18,P014,Samsung Galaxy Tab S9,Tablet,1,55092.94,0.05,Nallagandla,Hyderabad,Telangana,West Hyderabad,Online,Cash on Delivery,Delivered
ORD100383,CUST10016,02/02/2025,P011,Logitech K380 Keyboard,accessories,4,2978.78,0,Jubilee Hills,Hyderabad,Telangana,Central Hyderabad,Online,UPI,Delivered
ORD101674,CUST10491,2025-01-11,P018,American Tourister Backpack,Bags,2,4246.43,0.1,Kompally,Hyderabad,Telangana,North Hyderabad,Online,UPI,Returned
ORD100811,CUST10361,06/05/2025,P013,HP Wireless Mouse,Accessories,2,1702.38,0.1,Madhapur,Hyderabad,Telangana,West Hyderabad,Online,UPI,Delivered
ORD102085,CUST10210,2025-05-14,P004,Samsung Galaxy A55,Smartphone,1,34405.46,0.15,LB Nagar,Hyderabad,Telangana,East Hyderabad,Online,Net Banking,Delivered
ORD101891,CUST10036,2025-11-23,P004,Samsung Galaxy A55,Smartphone,2,34581.93,0.05,Nallagandla,Hyderabad,Telangana,West Hyderabad,Retail Store,Debit Card,Delivered
ORD101789,CUST10080,2025-01-03,P001,Dell Inspiron 15,Laptop,1,64033.32,0,Attapur,Hyderabad,Telangana,South Hyderabad,Retail Store,Debit Card,Delivered
ORD102450,CUST10356,2025-11-02,P010,LG UltraGear 27,Monitor,2,25845.57,0.15,Uppal,Hyderabad,Telangana,East Hyderabad,Corporate Sales,UPI,Delivered
ORD102457,CUST10333,08/05/2025,P011,Logitech K380 Keyboard,Accessories,2,3046.15,0.1,Kompally,Hyderabad,Telangana,North Hyderabad,Online,Cash on Delivery,Delivered
ORD101110,CUST10229,2025-07-08,P014,Samsung Galaxy Tab S9,Tablet,1,52673.3,0.05,Attapur,Hyderabad,Telangana,South Hyderabad,Retail Store,UPI,Returned
ORD100105,CUST10146,2025-05-15,P008,JBL Tune 770NC,Audio,5,7905.93,0.1,Banjara Hills,Hyderabad,Telangana,Central Hyderabad,Retail Store,Net Banking,Returned
ORD100196,CUST10090,2025-09-09,P017,IKEA Linnmon Desk,Furniture,3,10158.23,0.05,Ameerpet,Hyderabad,Telangana,Central Hyderabad,Online,Credit Card,Delivered
ORD102702,CUST10317,09-24-2025,P008,JBL Tune 770NC,Audio,2,7905.23,0.1,Uppal,Hyderabad,Telangana,East Hyderabad,Corporate Sales,UPI,Shipped
ORD101221,CUST10121,2025-10-04,P001,Dell Inspiron 15,Laptop,2,61740.73,0,HITEC City,Hyderabad,Telangana,West Hyderabad,Online,UPI,Shipped
ORD102948,CUST10123,12-11-2025,P015,Apple iPad Air,Tablet,3,61899.49,0.1,Dilsukhnagar,Hyderabad,Telangana,East Hyderabad,Online,Cash on Delivery,Delivered
ORD101632,CUST10124,2025-08-25,P007,Sony WH-1000XM5,Audio,1,29181.43,0.05,Miyapur,Hyderabad,Telangana,North-West Hyderabad,Retail Store,UPI,Delivered
ORD101619,CUST10348,2025-11-13,P007,Sony WH-1000XM5,Audio,4,29916.03,0.1,Mehdipatnam,Hyderabad,Telangana,South Hyderabad,Retail Store,UPI,Delivered
ORD100212,CUST10192,2025-12-26,P008,JBL Tune 770NC,Audio,2,7215.53,0.15,Kompally,Hyderabad,Telangana,North Hyderabad,Corporate Sales,Net Banking,Delivered
ORD100111,CUST10089,2025-12-23,P017,IKEA Linnmon Desk,Furniture,5,9164.71,0.15,,Hyderabad,Telangana,West Hyderabad,Retail Store,UPI,Shipped
ORD100837,CUST10298,2025-04-30,P001,Dell Inspiron 15,Laptop,1,66889.65,0,Gachibowli,Hyderabad,Telangana,West Hyderabad,Retail Store,Cash on Delivery,Delivered
ORD102374,CUST10181,2025-03-19,P006,iPhone 16,Smartphone,5,74334.86,0,Banjara Hills,Hyderabad,Telangana,Central Hyderabad,Online,,Delivered
ORD102081,CUST10394,2025-07-03,P013,HP Wireless Mouse,Accessories,1,1535.85,0.05,Jubilee Hills,Hyderabad,Telangana,Central Hyderabad,Online,UPI,Delivered
ORD102576,CUST10285,2025-11-07,P005,OnePlus 13R,Smartphone,5,41201.55,0.05,Manikonda,Hyderabad,Telangana,West Hyderabad,Corporate Sales,Cash on Delivery,Delivered
ORD102640,CUST10105,2025-01-07,P003,Lenovo IdeaPad Slim 5,Laptop,5,60339.76,0.05,Miyapur,Hyderabad,Telangana,North-West Hyderabad,Online,Credit Card,Delivered
ORD101444,CUST10447,2025-12-05,P007,Sony WH-1000XM5,Audio,1,31250.1,0.2,Secunderabad,Hyderabad,Telangana,North Hyderabad,Online,UPI,Delivered
ORD101141,CUST10408,2025-11-12,P015,Apple iPad Air,Tablet,4,65214.25,0.05,Miyapur,Hyderabad,Telangana,North-West Hyderabad,Retail Store,UPI,Delivered
ORD100414,CUST10181,2025-01-29,P005,OnePlus 13R,Smartphone,3,41116.89,0.15,Kompally,Hyderabad,Telangana,North Hyderabad,Online,UPI,Delivered
ORD101815,CUST10360,2025-12-04,P009,Dell 24 Monitor,Monitor,1,15153.84,0.15,Jubilee Hills,Hyderabad,Telangana,Central Hyderabad,Online,UPI,Delivered
ORD100293,CUST10209,2025-10-29,P015,Apple iPad Air,Tablet,1,69879.23,0.05,Attapur,Hyderabad,Telangana,South Hyderabad,Corporate Sales,Debit Card,Delivered
ORD100352,CUST10146,2025-04-08,P001,Dell Inspiron 15,Laptop,4,58703.95,0.1,Miyapur,Hyderabad,Telangana,North-West Hyderabad,Online,UPI,Cancelled
ORD101769,CUST10405,2025-09-16,P008,JBL Tune 770NC,Audio,2,6953.61,0.1,Attapur,Hyderabad,Telangana,South Hyderabad,Online,Net Banking,delivered
ORD100663,CUST10359,12-27-2025,P017,IKEA Linnmon Desk,Furniture,2,9393.77,0.1,Banjara Hills,Hyderabad,Telangana,Central Hyderabad,Online,Credit Card,Delivered
ORD100638,CUST10344,,P015,Apple iPad Air,Tablet,1,68700.72,0.15,,Hyderabad,Telangana,Central Hyderabad,Retail Store,Debit Card,Delivered
ORD100524,CUST10372,2025-02-19,P005,OnePlus 13R,Smartphone,5,41239.68,0.05,LB Nagar,Hyderabad,Telangana,East Hyderabad,Corporate Sales,Cash on Delivery,Shipped
ORD101102,CUST10480,24/07/2025,P011,Logitech K380 Keyboard,Accessories,2,3205.14,0,Dilsukhnagar,Hyderabad,Telangana,East Hyderabad,Online,Credit Card,Delivered
ORD101341,CUST10049,2025-01-15,P013,HP Wireless Mouse,Accessories,3,1591.46,0.1,Gachibowli,Hyderabad,Telangana,West Hyderabad,Online,UPI,Delivered
ORD101188,CUST10032,2025-10-29,P011,Logitech K380 Keyboard,Accessories,3,3240.7,0.1,Attapur,Hyderabad,Telangana,South Hyderabad,Retail Store,Net Banking,Cancelled
ORD100441,CUST10497,2025-01-09,P006,iPhone 16,Smartphone,2,74160.97,0.05,Nallagandla,Hyderabad,Telangana,West Hyderabad,Online,Credit Card,Shipped
ORD100526,CUST10141,2025-02-28,P006,iPhone 16,Smartphone,1,73834.42,0.1,Kondapur,Hyderabad,Telangana,West Hyderabad,Corporate Sales,UPI,Shipped
ORD100483,CUST10399,2025-03-17,P009,Dell 24 Monitor,Monitor,1,13744.81,0.2,Kukatpally,Hyderabad,Telangana,North-West Hyderabad,Retail Store,UPI,Shipped
ORD101584,CUST10236,2025-04-06,P004,Samsung Galaxy A55,Smartphone,3,37796.05,0.2,Ameerpet,Hyderabad,Telangana,Central Hyderabad,Online,credit card,Shipped
ORD101128,CUST10495,2025-07-15,P005,OnePlus 13R,Smartphone,2,39322.28,0.05,Ameerpet,HYDERABAD,Telangana,Central Hyderabad,Online,Credit Card,Delivered
ORD101408,CUST10115,2025-01-16,P006,Samsung Galaxy A55,Smartphone,3,38805.56,0.05,Nallagandla,Hyderabad,Telangana,West Hyderabad,Retail Store,Credit Card,Shipped
ORD102891,CUST10048,10-11-2025,P007,Sony WH-1000XM5,Audio,2,29366.24,0.15,LB Nagar,Hyderabad,Telangana,East Hyderabad,Corporate Sales,Net Banking,Shipped
ORD102002,,2025-08-09,P004,Samsung Galaxy A55,Smartphone,2,38295.15,0.05,Manikonda,Hyderabad,Telangana,West Hyderabad,Retail Store,Credit Card,Delivered
ORD100032,CUST10108,06-25-2025,P016,Green Soul Monster Chair,Furniture,3,14049.67,0.1,Manikonda,Hyderabad,Telangana,West Hyderabad,Online,Debit Card,Shipped
ORD101329,CUST10142,2025-07-13,P006,iPhone 16,Smartphone,1,72569.48,0,Nallagandla,Hyderabad,Telangana,West Hyderabad,ONLINE,,Delivered
ORD101383,CUST10267,2025-04-29,P015,Apple iPad Air,Tablet,3,64968.11,0.15,Attapur,Hyderabad,Telangana,South Hyderabad,Online,Credit Card,Shipped
ORD100731,CUST10474,2025-01-26,P011,Logitech K380 Keyboard,Accessories,1,3012.49,,Ameerpet,Hyderabad,Telangana,Central Hyderabad,Online,Credit Card,Delivered
ORD102679,CUST10027,2025-01-16,P014,Samsung Galaxy Tab S9,Tablet,1,52504.94,0.05,Begumpet,Hyderabad,Telangana,Central Hyderabad,Corporate Sales,Credit Card,Delivered
ORD101566,CUST10278,,P003,Lenovo IdeaPad Slim 5,Laptop,1,60469.01,0.2,LB Nagar,Hyderabad,telangana,East Hyderabad,Corporate Sales,,Cancelled
ORD100193,CUST10082,2025-10-01,P014,Samsung Galaxy Tab S9,Tablet,4,53764.02,0.05,Uppal,Hyderabad,Telangana,East Hyderabad,Online,Credit Card,Delivered
ORD102222,CUST10292,08/11/2025,P001,Dell Inspiron 15,Laptop,1,66248.22,0,Dilsukhnagar,Hyderabad,Telangana,East Hyderabad,CORPORATE SALES,UPI,Delivered
ORD100783,CUST10296,2025-06-13,P006,iPhone 16,Smartphone,1,80722.36,0.2,Ameerpet,Hyderabad,Telangana,Central Hyderabad,Corporate Sales,Debit Card,Shipped
ORD101155,CUST10422,2025-12-24,P017,IKEA Linnmon Desk,Furniture,1,8789.58,0.1,Dilsukhnagar,Hyderabad,Telangana,East Hyderabad,Retail Store,Credit Card,Delivered
ORD102554,CUST10397,2025-03-13,P006,iPhone 16,Smartphone,3,74491,0.15,Kompally,Hyderabad,Telangana,North Hyderabad,Online,UPI,Delivered
ORD100076,CUST10245,2025-05-22,P017,IKEA Linnmon Desk,Furniture,2,9229.12,0.15,Kukatpally,Hyderabad,Telangana,North-West Hyderabad,Retail Store,Net Banking,Delivered
ORD101143,CUST10279,,P012,Logitech MX Master 3S,Accessories,1,9083,0,Secunderabad,Hyderabad,Telangana,North Hyderabad,Online,Credit Card,Delivered
ORD102357,CUST10442,2025-12-13,P002,HP Pavilion 14,Laptop,1,72464.79,0.2,Tarnaka,Hyderabad,Telangana,East Hyderabad,Online,Net Banking, Delivered 
ORD102406,CUST10465,2025-12-01,P015,Apple iPad Air, Tablet ,2,62045.78,0.1,Secunderabad,Hyderabad,Telangana,North Hyderabad,Retail Store,UPI,Delivered
ORD101308,CUST10367,2025-08-21,P016,Green Soul Monster Chair,Furniture,2,13410.05,0.1,Ameerpet,Hyderabad,Telangana,Central Hyderabad,Corporate Sales,UPI,Delivered
ORD100758,CUST10163,30/11/2025,P009,Dell 24 Monitor,Monitor,2,14444.55,0.1,Miyapur,Hyderabad,Telangana,North-West Hyderabad,Online,Credit Card,Delivered
ORD101586,CUST10166,2025-06-27,P002,HP Pavilion 14,Laptop,1,64011.25,0.05,Banjara Hills,Hyderabad,Telangana,Central Hyderabad,Corporate Sales,Credit Card,Shipped
ORD100366,CUST10461,2025-09-05,P015,Apple iPad Air,Tablet,1,68879.61,0.15,Dilsukhnagar,Hyderabad,Telangana,East Hyderabad,Online,Cash on Delivery,Shipped
ORD101294,CUST10129,2025-11-06,P006,iPhone 16,Smartphone,5,73351.74,0,HITEC City,Hyderabad,Telangana,West Hyderabad, Online ,Debit Card,Delivered
ORD101742,CUST10169,2025-05-20,P008,jbl tune 770nc,Audio,2,7604.32,0.05,Mehdipatnam,Hyderabad,Telangana,South Hyderabad,Retail Store,Credit Card,Delivered
ORD101629,CUST10366,10/06/2025,P011,Logitech K380 Keyboard,Accessories,2,3416.65,0.05,Kompally,Hyderabad,Telangana,North Hyderabad,Online,UPI,Delivered
ORD102826,CUST10471,2025-10-27,P014,Samsung Galaxy Tab S9,Tablet,2,49839.51,0.05,Kukatpally,Hyderabad,Telangana,North-West Hyderabad,Online,UPI,Delivered
ORD100541,CUST10133,01/06/2025,P015,Apple iPad Air,Tablet,1,61433.52,0.1,Mehdipatnam,Hyderabad,Telangana,South Hyderabad,Retail Store,Cash on Delivery,Shipped
ORD101448,CUST10040,2025-06-09,P002,HP Pavilion 14,Laptop,1,68722.29,0.15,Secunderabad,Hyderabad, Telangana ,North Hyderabad,Online,UPI,Cancelled
ORD102738,CUST10455,05-12-2025,P008,JBL Tune 770NC,Audio,3,7180.1,0.1,manikonda,Hyderabad,Telangana,West Hyderabad,Online,Net Banking,Delivered
ORD100954,CUST10316,2025-11-20,P001,Dell Inspiron 15,Laptop,4,59848.14,0.05,Jubilee Hills,Hyderabad,Telangana,Central Hyderabad,Retail Store,Credit Card,Shipped
ORD101952,,11/08/2025,P009,Dell 24 Monitor,Monitor,4,15464.03,,Miyapur,Hyderabad,Telangana,North-West Hyderabad,Online,Net Banking,Shipped
ORD101791,CUST10500,2025-03-08,P003,Lenovo IdeaPad Slim 5,Laptop,4,57915.37,0.05,Tarnaka,Hyderabad,Telangana,East Hyderabad,Online,CASH ON DELIVERY,Delivered
ORD101323,CUST10387,2025-10-28,P013,HP Wireless Mouse,Accessories,5,1523,0.1,Begumpet,Hyderabad,Telangana,Central Hyderabad,Online,UPI,Delivered
ORD101267,CUST10079,16/02/2025,P012,Logitech MX Master 3S,Accessories,5,9030.75,0.05,Nallagandla,Hyderabad,Telangana,West Hyderabad,retail store,,Shipped
ORD102343,,2025-05-03,P009,Dell 24 Monitor,Monitor,2,15457.9,0.1,Mehdipatnam,Hyderabad,Telangana,South Hyderabad,Online,Net Banking,Delivered
ORD100592,CUST10214,27/03/2025,P018,American Tourister Backpack,Bags,3,3907.1,0.15,Banjara Hills,Hyderabad,Telangana,Central Hyderabad,Online,Credit Card,Shipped
ORD100907,CUST10409,2025-09-07,P004,Samsung Galaxy A55,Smartphone,1,38281.3,0.05,Kukatpally,Hyderabad,Telangana,North-West Hyderabad,Online,Debit Card,Shipped
ORD101706,CUST10422,2025-03-29,P012,Logitech MX Master 3S,Accessories,1,8827.46,0.1,Jubilee Hills,Hyderabad,Telangana,Central Hyderabad,Retail Store,UPI,Delivered
ORD100175,CUST10467,2025-11-21,P004,Samsung Galaxy A55,Smartphone,2,35120.74,0,Tarnaka,Hyderabad,Telangana,East Hyderabad,Online,Net Banking,Delivered
ORD100721,CUST10416,01/12/2025,P005,OnePlus 13R,Smartphone,1,40166.93,0.05,Jubilee Hills,Hyderabad,Telangana,Central Hyderabad,Corporate Sales,Credit Card,Delivered
ORD100241,CUST10069,2025-07-08,P014,Samsung Galaxy Tab S9,Tablet,3,54433.22,0.15,Secunderabad,Hyderabad,Telangana,North Hyderabad,Online,Net Banking,Delivered
ORD102836,CUST10068,2025-08-09,P014,Samsung Galaxy Tab S9,Tablet,1,48499.65,0.15,Mehdipatnam,Hyderabad,Telangana,South Hyderabad,Online,Debit Card,Delivered
ORD101127,CUST10028,2025-12-19,P001,Dell Inspiron 15,Laptop,1,61495.31,0.05,Uppal,Hyderabad  ,Telangana,East Hyderabad,Online,Debit Card,Delivered
ORD100778,,03/04/2025,P007,Sony WH-1000XM5,Audio,1,30643.46,0.05,Miyapur,Hyderabad,Telangana,North-West Hyderabad,Retail Store,Debit Card,Delivered
ORD100319,CUST10132,2025-03-10,P001,Dell Inspiron 15,Laptop,2,58688.9,0.15,Kondapur,Hyderabad,Telangana,West Hyderabad,Online,UPI,Shipped
ORD100100,CUST10419,2025-12-21,P009,Dell 24 Monitor,Monitor,3,14794.66,0,Uppal,Hyderabad,Telangana,East Hyderabad,Online  ,UPI,Delivered
ORD102055,CUST10455,2025-07-06,P017,IKEA Linnmon Desk,Furniture,4,9072.79,0.1,Attapur,Hyderabad,Telangana,South Hyderabad,Corporate Sales,Credit Card,Cancelled
ORD102139,CUST10388,2025-05-16,P006,iPhone 16,Smartphone,5,78734.05,0,Miyapur  ,Hyderabad,Telangana,North-West Hyderabad,Online,Net Banking,Delivered
ORD100804,CUST10188,2024-11-20,P012,Logitech MX Master 3S,Accessories,1,8735.47,0.05,LB Nagar,Hyderabad  ,Telangana,East Hyderabad,Online,Debit Card,Delivered
ORD102052,CUST10167,2025-07-25,P007,Sony WH-1000XM5,audio,1,27143.44,0.1,Kondapur,Hyderabad,Telangana,West Hyderabad,Online,,Delivered
ORD100869,CUST10325,2025-07-29,P004,Samsung Galaxy A55,Smartphone,1,36072.01,0.15,Mehdipatnam,Hyderabad,Telangana,South Hyderabad,Online,Credit Card,Delivered
ORD100511,CUST10387,2025-10-06,P001,Dell Inspiron 15,Laptop,4,64189.33,0.1,HITEC City,Hyderabad,Telangana,West Hyderabad,Online,Net Banking,Delivered
ORD102017,CUST10001,2025-01-25,P011,Logitech K380 Keyboard,Accessories,1,3420.48,0.15,Mehdipatnam,Hyderabad,Telangana,South Hyderabad,Online,UPI,Cancelled
ORD101893,CUST10068,23/09/2025,P015,Apple iPad Air,Tablet,3,64856.3,0.15,Kompally,Hyderabad,Telangana,North Hyderabad,Online,UPI,Delivered
ORD101451,CUST10368,2025-01-22,P006,iPhone 16,Smartphone,2,76085.26,0.1,Banjara Hills,Hyderabad,Telangana,Central Hyderabad,Online,Net Banking,Shipped
ORD101056,CUST10004,2025-04-16,P009,Dell 24 Monitor,Monitor,1,15581.42,0.1,Manikonda,Hyderabad,Telangana,West Hyderabad,Online,Credit Card,Delivered
ORD102544,CUST10037,2025-09-12,P014,Samsung Galaxy Tab S9,Tablet,2,53768.25,0.05,Begumpet,Hyderabad,Telangana,Central Hyderabad,Online,UPI,Shipped  
ORD101242,CUST10376,03-02-2025,P009,Dell 24 Monitor,Monitor,4,13719.23,0.05,Dilsukhnagar,Hyderabad,Telangana,East Hyderabad,Online,Debit Card,Delivered
ORD101493,CUST10229,2025-11-16,P008,JBL Tune 770NC,Audio,5,7477.32,0.05,Miyapur,Hyderabad,Telangana,North-West Hyderabad,Online,Net Banking,Delivered
ORD102801,CUST10203,2025-07-26,P005,OnePlus 13R,Smartphone,5,38751,0.15,Ameerpet,Hyderabad,Telangana,Central Hyderabad,Corporate Sales,Credit Card,Delivered
ORD102784,CUST10399,2025-01-05,P008,JBL Tune 770NC,Audio,2,6963.11,0.2,Gachibowli,Hyderabad,Telangana,West Hyderabad,Online,Credit Card,Delivered
ORD101513,CUST10313,01-19-2025,P006,iPhone 16,Smartphone,1,76112.06,0.1,Secunderabad,Hyderabad,Telangana,North Hyderabad,Corporate Sales,Cash on Delivery,Shipped
ORD102168,CUST10467,2025-04-30,P014,Samsung Galaxy Tab S9,Tablet,1,55644.48,0.1,Banjara Hills,Hyderabad,Telangana, Central Hyderabad ,Online,UPI,Delivered
ORD101601,CUST10494,2025-03-01,P014,Samsung Galaxy Tab S9,Tablet,1,54151.54,0.2,Madhapur,Hyderabad,Telangana,West Hyderabad,Retail Store,UPI,Delivered
ORD100235,CUST10218,13/07/2025,P013,HP Wireless Mouse,Accessories,2,1710.76,0.05,Manikonda,Hyderabad,Telangana,West Hyderabad,Online,upi,Returned
ORD100853,CUST10495,2025-03-20,P005,OnePlus 13R,Smartphone,4,44238.92,0.15,Madhapur,Hyderabad,Telangana,West Hyderabad,Online,UPI,Delivered
ORD100452,CUST10136,2025-12-05,P002,HP Pavilion 14,Laptop,4,65697.92,0.15,HITEC City,Hyderabad,Telangana,West Hyderabad,Online,,Delivered
ORD100896,CUST10248,2025-04-24,P013,HP Wireless Mouse,Accessories,4,1628.19,0.1,Kukatpally,Hyderabad,Telangana,North-West Hyderabad,Corporate Sales,Credit Card,Delivered
ORD101650,CUST10170,2025-05-24,P007,Sony WH-1000XM5,Audio,5,30398.51,0,Miyapur,Hyderabad,Telangana,North-West Hyderabad,Online,Credit Card,Delivered  
ORD100709,CUST10491,2025-03-22,P018,American Tourister Backpack,Bags,4,4159.62,0.1,Miyapur,Hyderabad,Telangana,North-West Hyderabad,Retail Store,Debit Card,Delivered
ORD100403,CUST10080,2025-01-02,P007,Sony WH-1000XM5,Audio,2,29164.32,0.05,Gachibowli,Hyderabad,Telangana,West Hyderabad,Corporate Sales,Credit Card,Delivered
ORD102338,CUST10319,2025-03-20,P016,Green Soul Monster Chair,Furniture,1,12683.94,0.15,Kondapur,Hyderabad,Telangana,West Hyderabad,Online,UPI,Returned
ORD100968,CUST10409,2025-06-18,P006, iPhone 16 ,Smartphone,4,81890.03,0.1,Miyapur,Hyderabad,Telangana,North-West Hyderabad,Retail Store,Credit Card, Delivered 
ORD100835,CUST10177,2025-11-26,P017,IKEA Linnmon Desk,Furniture,1,9886.16,0.05,Ameerpet,Hyderabad,Telangana,Central Hyderabad,Corporate Sales,Debit Card,Delivered
ORD102501,CUST10472,2025-03-07,P016,Green Soul Monster Chair,Furniture,1,13190.77,0.15,Madhapur,Hyderabad,Telangana,West Hyderabad,Online,Debit Card,Returned
ORD102652,CUST10031,2025-05-24,P010,LG UltraGear 27,Monitor,3,29334.06,0.1,Gachibowli, Hyderabad ,Telangana,West Hyderabad,Online,UPI,Delivered
ORD101943,CUST10204,2025-05-06,P004,Samsung Galaxy A55,Smartphone,1,38620.02,0.1,Gachibowli,Hyderabad,Telangana,West Hyderabad,Online,UPI,Delivered
ORD100424,CUST10012,2025-01-05,P005,OnePlus 13R,Smartphone,4,39419.72,0.1,Kondapur,Hyderabad,Telangana,West Hyderabad,Online,Cash on Delivery,Delivered
ORD101600,CUST10293,2025-01-18,P017,IKEA Linnmon Desk,Furniture,5,9235.47,0.1,LB Nagar,Hyderabad,Telangana,East Hyderabad,Online,UPI,Cancelled
ORD102565,CUST10013,11-16-2025,P001,Dell Inspiron 15,Laptop,2,66002.48,0.05,HITEC City,Hyderabad,Telangana,West Hyderabad,Retail Store,Credit Card,Delivered
ORD100877,CUST10500,2025-07-06,P007,Sony WH-1000XM5,Audio,3,30569.33,0.1,Tarnaka,Hyderabad,Telangana,East Hyderabad,Retail Store,Debit Card,Delivered
ORD101570,CUST10426,2025-05-24,P004,Samsung Galaxy A55,Smartphone,3,33366.21,0.15,Banjara Hills,Hyderabad,telangana,Central Hyderabad,Online,Debit Card,Shipped
ORD102655,CUST10177,04-21-2025,P007,Sony WH-1000XM5,Audio,4,28713.87,0.15,Kondapur,Hyderabad,Telangana,West Hyderabad,Online,Credit Card,Delivered
ORD101751,CUST10164,2025-01-19,P013,HP Wireless Mouse,Accessories,2,1684.54,0.1,Kukatpally,hyderabad,Telangana,North-West Hyderabad,Online,Credit Card,Delivered
ORD101415,CUST10079,2025-01-15,P015,Apple iPad Air,Tablet,1,60962.34,0.1,Dilsukhnagar,Hyderabad,Telangana,East Hyderabad  ,Retail Store,Credit Card,Delivered
ORD102253,CUST10132,2025-08-07,P011,Logitech K380 Keyboard,Accessories,3,-2500,0.15,Begumpet,Hyderabad,Telangana,Central Hyderabad,Retail Store,Credit Card,Delivered
ORD102344,CUST10303,2025-02-25,P014,Samsung Galaxy Tab S9,Tablet,5,54051.12,0.05,HITEC City,Hyderabad,Telangana,West Hyderabad,Retail Store,UPI,Delivered
ORD101690,CUST10431,2025-11-11,P010,LG UltraGear 27,Monitor,3,25779.55,0.2,Uppal,Hyderabad,Telangana,East Hyderabad,ONLINE,Debit Card,Delivered
ORD101788,CUST10058,2025-12-20,P016,Green Soul Monster Chair,Furniture,3,13746.45,0.1,Dilsukhnagar,Hyderabad  ,Telangana,East Hyderabad,Retail Store,UPI,Shipped  
ORD101768,CUST10275,2025-03-03,P016,Green Soul Monster Chair,Furniture,1,13183.34,0.1,Attapur,Hyderabad,Telangana,South Hyderabad,Online,Credit Card,Delivered
ORD101300,CUST10004,2025-08-12,P002,HP Pavilion 14,Laptop,1,72595.05,0.05,Kondapur,Hyderabad,Telangana,West Hyderabad,Corporate Sales,Debit Card,Delivered
ORD101322,CUST10204,2025-09-15,P002,HP Pavilion 14,Laptop,2,64107.95,0.05,Kondapur,Hyderabad,Telangana,West Hyderabad,Corporate Sales,Net Banking,Delivered
ORD101231,CUST10234,2025-10-26,P010,LG UltraGear 27,Monitor,1,29057.73,0.05,Madhapur,Hyderabad,Telangana,West Hyderabad,Online,Credit Card,Delivered
ORD101982,CUST10097,2025-12-08,P004,Samsung Galaxy A55,Smartphone,1,36614.27,0.05,Kompally,Hyderabad,Telangana,North Hyderabad,Retail Store,UPI,Shipped
ORD102764,CUST10011,2025-08-07,P006,iPhone 16,Smartphone,,78522.69,0.15,Madhapur,Hyderabad,Telangana,West Hyderabad,Online,UPI,Delivered
ORD102353,CUST10020,2025-01-17,P005,OnePlus 13R,Smartphone,5,42051.61,0.1,Kukatpally,Hyderabad,Telangana,North-West Hyderabad,Online,UPI,Shipped
ORD102454,CUST10372,2025-12-28,P006,iPhone 16,Smartphone,3,72366.8,0.2,Kondapur,Hyderabad,Telangana,West Hyderabad,Online,Credit Card,Delivered
ORD101012,CUST10099,2025-01-13,P003,Lenovo IdeaPad Slim 5,Laptop,5,57664.12,0.05,LB Nagar,Hyderabad,Telangana,East Hyderabad,Retail Store,UPI,Delivered
ORD101132,CUST10230,08-24-2025,P014,Samsung Galaxy Tab S9,Tablet,2,52555.75,0,LB Nagar,Hyderabad,Telangana, East Hyderabad ,Online,Net Banking,Delivered
ORD102473,CUST10431,2025-01-09,P017,IKEA Linnmon Desk,Furniture,1,9003.13,0.15,HITEC City,Hyderabad,Telangana,West Hyderabad,Online,Net Banking,Delivered
ORD101779,CUST10378,2025-05-16,P001,Dell Inspiron 15,Laptop,3,63018.2,0.05,HITEC City,Hyderabad,Telangana,West Hyderabad,Online,Net Banking,Delivered
ORD101917,CUST10357,08/09/2025,P011,Logitech K380 Keyboard,Accessories,4,2965.91,0.15,Madhapur,Hyderabad,Telangana,West Hyderabad,Online,Net Banking, Delivered 
ORD102551,CUST10410,2025-07-27,P001,Dell Inspiron 15,Laptop,2,60312.05,0.05,HITEC City,Hyderabad,Telangana,West Hyderabad,Corporate Sales,Net Banking,Delivered
ORD101345,CUST10149,10-29-2025,P001,IKEA Linnmon Desk,Furniture,,9857.26,0.1,Uppal,Hyderabad,Telangana,East Hyderabad,Online,UPI,Returned
ORD101060,CUST10329,28/12/2025,P003,Lenovo IdeaPad Slim 5,Laptop,5,58313.14,0.15, Attapur ,Hyderabad,Telangana, South Hyderabad ,Online,Debit Card,Delivered
ORD100577,CUST10333,2025-12-10,P011,Logitech K380 Keyboard,Accessories,3,2986.17,0,Kondapur,Hyderabad,Telangana,West Hyderabad,Online,,Shipped
ORD102180,CUST10208,2025-03-25,P001,Dell Inspiron 15,Laptop,4,58046.56,0.1,Dilsukhnagar,Hyderabad,Telangana,East Hyderabad,Corporate Sales,Credit Card,Delivered
ORD102398,CUST10290,2025-06-02,P002,HP Pavilion 14,Laptop,2,67640.57,0.1,Tarnaka,Hyderabad,Telangana,East Hyderabad,Retail Store,Cash on Delivery,Shipped
ORD101377,CUST10014,18/11/2025,P003,Lenovo IdeaPad Slim 5,Laptop,1,55256.87,0.1,Miyapur,Hyderabad,Telangana,North-West Hyderabad,Online,Debit Card,Delivered
ORD100770,CUST10184,2025-12-06,P001,Dell Inspiron 15,Laptop,4,58908.44,0.15,Uppal,Hyderabad,Telangana,East Hyderabad,Corporate Sales,Cash on Delivery,Delivered
ORD102054,CUST10044,2025-04-09,P012,Logitech MX Master 3S,Accessories,1,8295.1,0.1,Jubilee Hills,Hyderabad,Telangana,Central Hyderabad,Online,UPI,Delivered
ORD100500,CUST10479,2025-09-25,P006,iPhone 16,Smartphone,4,76719.75,0.05,Mehdipatnam,Hyderabad,Telangana,South Hyderabad,Retail Store,Debit Card,Delivered
ORD100260,CUST10212,10/09/2025,P018,American Tourister Backpack,Bags,2,,1.1,Manikonda,Hyderabad,Telangana,West Hyderabad,Retail Store,UPI,Shipped
ORD100239,CUST10439,2025-08-12,P015,Apple iPad Air,Tablet,0,66903.84,0.2,Madhapur,Hyderabad,Telangana,West Hyderabad,Retail Store,Net Banking,Returned
ORD100969,CUST10468,2025-05-29,P014,Samsung Galaxy Tab S9,Tablet,1,51855.88,0.15,HITEC City,Hyderabad,Telangana,West Hyderabad,Online,UPI,Cancelled
ORD100057,CUST10385,2025-08-31,P015,Apple iPad Air,Tablet,1,65029.33,0.15,Jubilee Hills,Hyderabad,Telangana,Central Hyderabad,Retail Store,Credit Card,Delivered
ORD100314,CUST10217,2025-02-12,P016,Green Soul Monster Chair,Furniture,3,14557.81,0.1,Secunderabad,Hyderabad,Telangana,North Hyderabad,Online,Net Banking,Shipped
ORD102520,CUST10444,,P002,HP Pavilion 14,Laptop,5,65526.25,0.05,LB Nagar,Hyderabad,telangana,East Hyderabad,corporate sales,Net Banking,Returned
ORD102215,CUST10128,2025-03-27,P006,iPhone 16,Smartphone,-1,71876.63,0.1,Ameerpet,Hyderabad,Telangana,Central Hyderabad,Online,Credit Card,Delivered
ORD102949,CUST10065,2025-03-14,P011,Logitech K380 Keyboard  ,Accessories,1,3044.29,0.1,Kukatpally,Hyderabad,Telangana,North-West Hyderabad,Corporate Sales,UPI,Delivered
ORD102789,CUST10314,2025-03-29,P003,Lenovo IdeaPad Slim 5,Laptop,1,54375.6,0.15,Madhapur,Hyderabad,Telangana,West Hyderabad,Online,UPI,Delivered
ORD100215,CUST10469,10/12/2025,P007,Sony WH-1000XM5,Audio,1,26998.68,0,Secunderabad,Hyderabad,Telangana,North Hyderabad,Corporate Sales,Credit Card,Delivered
ORD102635,CUST10394,2025-01-07,P012,Logitech MX Master 3S,Accessories,5,,0.1,Banjara Hills,Hyderabad,Telangana  ,Central Hyderabad,Online,Credit Card,Delivered
ORD101092,CUST10345,2025-09-30,P008,JBL Tune 770NC,Audio,3,7110.75,0.05,Kondapur,Hyderabad,Telangana,West Hyderabad,Online,UPI,Delivered
ORD100568,CUST10276,2025-08-06,P001,Dell Inspiron 15,Laptop,4,61508.75,0,Secunderabad,Hyderabad,Telangana,North Hyderabad,Online,UPI,Delivered
ORD100643,CUST10184,2025-12-23,P002,HP Pavilion 14,Laptop,1,68127.65,0.05,Mehdipatnam,Hyderabad,Telangana,South Hyderabad,Retail Store,Credit Card,Delivered
ORD101799,CUST10111,05-09-2025,P009,Dell 24 Monitor,Monitor,2,14609.97,0.1,Begumpet,Hyderabad,Telangana,Central Hyderabad,Online,,Delivered
ORD102827,CUST10361,2025-02-21,P010,LG UltraGear 27,monitor,5,28330.44,0.2,Tarnaka,Hyderabad,Telangana,East Hyderabad,Retail Store,Cash on Delivery,Delivered
ORD101347,CUST10028,2025-06-23,P015,Apple iPad Air,Tablet  ,1,66834.41,0.15,Kondapur,Hyderabad,Telangana,West Hyderabad,Retail Store,Credit Card,Delivered
ORD100330,CUST10312,2025-12-05,P003,Lenovo IdeaPad Slim 5,Laptop,1,63608.9,0.15,Gachibowli,Hyderabad,Telangana,West Hyderabad,Online,UPI,Delivered
ORD100908,CUST10383,2025-10-10,P014,Samsung Galaxy Tab S9,Tablet,2,53406.87,0,Gachibowli,Hyderabad, Telangana ,West Hyderabad,Online,UPI,Delivered
ORD102733,CUST10388,13/03/2025,P014,Samsung Galaxy Tab S9,Tablet,2,54396.36,0.05,Miyapur,Hyderabad,Telangana,North-West Hyderabad,Online,Cash on Delivery,Shipped
ORD100241,CUST10069,2025-07-08,P014,Samsung Galaxy Tab S9,Tablet,3,54433.22,0.15,Secunderabad,Hyderabad,Telangana,North Hyderabad,Online,Net Banking,Delivered
ORD101380,CUST10137,2026-02-15,P009,Dell 24 Monitor,Monitor,3,13886.25,0.1,Jubilee Hills,Hyderabad,Telangana,Central Hyderabad,Online,UPI,Delivered
ORD102012,CUST10479,08/08/2025,P003,lenovo ideapad slim 5,Laptop,4,59791.49,0.05,Begumpet,Hyderabad,Telangana,Central Hyderabad,Retail Store,Debit Card,Shipped
ORD101830,CUST10369,2025-04-10,P011,Logitech K380 Keyboard,Accessories,-5,3383.68,0,Banjara Hills,Hyderabad,Telangana,Central Hyderabad,Online,Net Banking,Shipped
ORD102107,CUST10344,2025-06-24,,Green Soul Monster Chair,Furniture,1,13993.91,0,Kondapur,Hyderabad,Telangana,West Hyderabad,Retail Store,UPI,Delivered
ORD101357,CUST10492,2025-10-04,P005,OnePlus 13R,Smartphone,1,41810.06,1.1,Banjara Hills,Hyderabad,Telangana,Central Hyderabad, Retail Store ,UPI,Delivered
ORD101782,CUST10008,2025-08-08,P003,Lenovo IdeaPad Slim 5,Laptop,0,60297.36,0.15,Dilsukhnagar,Hyderabad,Telangana,East Hyderabad,Retail Store,UPI,Delivered
ORD100046,CUST10492,2025-01-29,P007,HP Wireless Mouse,Accessories,5,1618.86,0.1,Uppal,Hyderabad,Telangana,East Hyderabad,Online,UPI,Returned
ORD101140,CUST10061,04-15-2025,P012,Logitech MX Master 3S,Accessories,4,7909.63,0.05,Begumpet,Hyderabad,Telangana,Central Hyderabad,Corporate Sales,Cash on Delivery,Delivered
ORD102669,CUST10037,2025-01-05,P002,HP Pavilion 14,Laptop,2,72372.1,0.2,Mehdipatnam,Hyderabad,Telangana,South Hyderabad,Retail Store,Credit Card,Delivered
ORD102599,CUST10331,2025-05-29,P004,Samsung Galaxy A55,Smartphone,3,37857.92,0.15,Nallagandla,Hyderabad,Telangana,West Hyderabad,Online,Net Banking,Delivered
ORD102658,CUST10395,2025-06-08,P001,Dell Inspiron 15,Laptop,1,64122.93,0.1,Nallagandla,Hyderabad,Telangana,West Hyderabad,Online,Cash on Delivery  ,Delivered
ORD102177,CUST10001,2025-02-03,P006,iPhone 16,Smartphone,1,76285.58,0.05,Miyapur,Hyderabad,Telangana,North-West Hyderabad  ,Online,Net Banking,Delivered
ORD100967,CUST10408,2025-02-12,P013,HP Wireless Mouse,Accessories,1,1531.17,0.1,Gachibowli,Hyderabad,Telangana,West Hyderabad,Online,Credit Card,Delivered
ORD101691,CUST10201,2025-02-15,P015,Apple iPad Air,Tablet,1,67961.48,0.05,Ameerpet,Hyderabad,Telangana,Central Hyderabad,Online,UPI,Delivered
ORD102934,CUST10144,2025-03-24,P008,JBL Tune 770NC,Audio,2,7084.97,0.1,HITEC City,Hyderabad,Telangana,West Hyderabad,Online,UPI,Delivered
ORD100251,CUST10363,2025-05-20,P010,LG UltraGear 27,Monitor,2,26656.99,0.05,Secunderabad,Hyderabad,Telangana,North Hyderabad,Online,Net Banking,Delivered
ORD101567,CUST10083,2025-01-15,P008,JBL Tune 770NC,Audio,1,7989.18,0.15,madhapur,Hyderabad,Telangana, West Hyderabad ,Online,Credit Card,Delivered
ORD101752,CUST10218,04-24-2025,P009,Dell 24 Monitor,Monitor,1,14846,0.15,Mehdipatnam,Hyderabad,Telangana,South Hyderabad,Retail Store,Credit Card,Delivered
ORD100410,CUST10042,2025-07-11,P013,HP Wireless Mouse,Accessories,2,1505.7,0.05,Gachibowli,Hyderabad,Telangana,West Hyderabad,Corporate Sales,UPI,Delivered
ORD100799,CUST10425,2025-07-16,P010,LG UltraGear 27,Monitor,-1,29286.18,0.15,Dilsukhnagar,Hyderabad,Telangana,East Hyderabad,Online,Credit Card,Delivered
ORD101818,CUST10201,2025-01-30,P014,Samsung Galaxy Tab S9,Tablet,3,51438.32,0.2,UPPAL,Hyderabad,Telangana,East Hyderabad,Online,UPI,Shipped
ORD102537,CUST10232,2025-12-19,P007,Sony WH-1000XM5,Audio,5,29222.65,0,LB Nagar,Hyderabad,Telangana,East Hyderabad,Online,Debit Card,Delivered
ORD101332,CUST10475,08/02/2025,P007,Sony WH-1000XM5,Audio,2,30129.49,0.2,Kondapur,Hyderabad,Telangana,West Hyderabad,Retail Store,Net Banking,Delivered
ORD102254,CUST10200,2025-10-25,P009,Dell 24 Monitor,Monitor,2,13941.11,,Gachibowli,Hyderabad,Telangana,West Hyderabad,Corporate Sales,UPI,Delivered
ORD100333,CUST10200,2025-05-13,P009,Dell 24 Monitor,Monitor,2,13449.43,0,Attapur,Hyderabad,Telangana,South Hyderabad,Online,Credit Card,Shipped
ORD101936,CUST10177,01-31-2025,P008,JBL Tune 770NC,Audio,4,7711.71,0,Kondapur,Hyderabad,Telangana,West Hyderabad,Online,Net Banking,Delivered
ORD100854,CUST10381,2025-02-25,P004,Samsung Galaxy A55,Smartphone,5,33504.79,0.1,Kukatpally,Hyderabad,Telangana,North-West Hyderabad,Retail Store,UPI,Delivered
ORD102286,CUST10126,04-19-2025,P005,OnePlus 13R,Smartphone,4,44781.26,0.05,Kukatpally,Hyderabad,Telangana,North-West Hyderabad,Corporate Sales,UPI,Delivered
ORD102716,CUST10346,,P016,Green Soul Monster Chair,Furniture,1,12738.63,0.1,HITEC City,Hyderabad,Telangana,West Hyderabad,Retail Store,Net Banking,Delivered
ORD102993,CUST10120,2025-01-07,P018,American Tourister Backpack,Bags,1,3884.76,0,Manikonda,Hyderabad,Telangana,West Hyderabad,Retail Store,Cash on Delivery,Delivered
ORD102324,CUST10470,2025-11-23,P011,Logitech K380 Keyboard,Accessories,1,3147.39,0.05,HITEC City,Hyderabad,Telangana,West Hyderabad,Online,UPI,Shipped
ORD100049,CUST10428,2025-03-20,P009,Dell 24 Monitor,Monitor,2,14692.15,0.05,Kondapur,Hyderabad,Telangana,West Hyderabad,Retail Store,Credit Card,Shipped
ORD100822,CUST10436,30/04/2025,P011,Logitech K380 Keyboard,Accessories,2,3127.34,0.1,Gachibowli,Hyderabad,Telangana,West Hyderabad,Corporate Sales,UPI,Delivered
ORD102629,,2025-03-09,P014,Samsung Galaxy Tab S9,Tablet,5,52098.9,0.1,Jubilee Hills,Hyderabad,Telangana,Central Hyderabad,Online,Credit Card,Delivered
ORD102435,CUST10250,2025-09-27,P016,Green Soul Monster Chair,Furniture,1,12738.05,0.1,Madhapur,Hyderabad,Telangana,West Hyderabad,Online,UPI,Shipped
ORD100543,CUST10253,2025-02-17,P018,American Tourister Backpack,Bags,2,4064.54,0.1,Secunderabad,Hyderabad,Telangana,North Hyderabad,Corporate Sales,UPI,Cancelled
ORD100374,CUST10094,16/05/2025,P003,Lenovo IdeaPad Slim 5,Laptop,1,62928.59,0.15,Begumpet,Hyderabad,Telangana, Central Hyderabad ,Corporate Sales,Credit Card,Cancelled
ORD100294,CUST10156,2025-12-02,P006,iPhone 16,Smartphone,1,79587.54,0.15,Nallagandla,Hyderabad,Telangana,West Hyderabad,Online,Cash on Delivery,Delivered
ORD102672,CUST10468,2025-12-08,P001,dell inspiron 15,Laptop,1,58687.52,0.05,Gachibowli,Hyderabad,Telangana,West Hyderabad,Corporate Sales,UPI,Delivered
ORD101605,CUST10417,2025-11-02,,Apple iPad Air,Tablet,1,67714.03,0.1,Attapur,Hyderabad,Telangana,South Hyderabad,Online,Net Banking,Delivered
ORD101439,CUST10393,2025-12-10,P003,Lenovo IdeaPad Slim 5,Laptop,1,56178.42,0.05,Mehdipatnam,Hyderabad,Telangana,South Hyderabad  ,Corporate Sales,UPI,Delivered
ORD101483,CUST10294,23/06/2025,P013,HP Wireless Mouse,Accessories,5,1665.21,0.15,Secunderabad,Hyderabad,Telangana,North Hyderabad,Retail Store,Cash on Delivery,Delivered
ORD100601,CUST10071,2025-07-21,P014,Samsung Galaxy Tab S9,Tablet,1,51644.73,0.05,,Hyderabad,Telangana, East Hyderabad ,Retail Store,Debit Card,Shipped
ORD102407,CUST10252,2025-02-03,P008,JBL Tune 770NC,Audio,2,7834.1,0.1,Begumpet,Hyderabad,Telangana,Central Hyderabad,Retail Store,Net Banking,Returned
ORD102468,CUST10207,2025-07-01,P011,Logitech K380 Keyboard,Accessories,1,3153.39,0.05,Manikonda,Hyderabad,Telangana,West Hyderabad,Online,upi,Delivered
ORD100863,CUST10022,12/12/2025,P004,Samsung Galaxy A55,Smartphone,2,34802.91,0.05,Kukatpally,Hyderabad,Telangana,North-West Hyderabad,Online,Credit Card,Delivered
ORD102182,CUST10056,28/02/2025,P016,Green Soul Monster Chair,Furniture,3,13245.35,0,dilsukhnagar,Hyderabad,Telangana,East Hyderabad,Retail Store,Net Banking,Delivered
ORD100989,CUST10298,20/10/2025,P012,Logitech MX Master 3S,Accessories,0,9153.37,0.15,HITEC City,Hyderabad,Telangana,West Hyderabad,Retail Store,UPI,Shipped
ORD102876,CUST10032,2025-05-08,,Green Soul Monster Chair,Furniture,4,13078.32,0,Kukatpally  ,Hyderabad,Telangana,North-West Hyderabad,Retail Store,Credit Card,Shipped
ORD101303,CUST10493,2025-05-07,P005,OnePlus 13R,Smartphone,2,43772.14,0.1,Gachibowli,Hyderabad,Telangana,West Hyderabad,Online,Debit Card,Cancelled
ORD100741,CUST10243,2025-09-15,P010,LG UltraGear 27,Monitor,2,30191.71,0.1,Kondapur,Hyderabad,Telangana,West Hyderabad,Online,Net Banking,Shipped
ORD102952,CUST10002,2025-06-01,P016,Green Soul Monster Chair,Furniture,1,13501.4,0.15,Ameerpet,Hyderabad,Telangana,Central Hyderabad,Online,UPI,Shipped
ORD101944,CUST10122,2025-10-13,P011,Logitech K380 Keyboard,Accessories,5,3020.68,0,Gachibowli,Hyderabad,Telangana,West Hyderabad,Retail Store,Debit Card,Delivered
ORD101736,CUST10318,2025-03-03,P002,HP Pavilion 14,Laptop,2,69411.12,0.05,Uppal,Hyderabad,Telangana,East Hyderabad,Online,Credit Card,Delivered
ORD101374,CUST10251,03-11-2025,P002,HP Pavilion 14,Laptop,1,71653.45,0.05,Secunderabad,Hyderabad,Telangana,North Hyderabad,Retail Store,Cash on Delivery,Shipped
ORD102825,CUST10185,2025-02-19,P017,IKEA Linnmon Desk,Furniture,1,9141.87,0.2,Begumpet,Hyderabad,Telangana,Central Hyderabad,Retail Store,Net Banking,Delivered
ORD102777,CUST10213,2025-07-19,P013,HP Wireless Mouse,Accessories,1,1482.93,0,HITEC City,Hyderabad,Telangana,West Hyderabad,Retail Store,Credit Card,Delivered
ORD101811,CUST10138,2025-04-08,P003,Lenovo IdeaPad Slim 5,Laptop,2,58097.82,,Begumpet,Hyderabad,Telangana,Central Hyderabad,Retail Store,UPI,Delivered
ORD101533,CUST10433,2025-01-14,P004,Samsung Galaxy A55,Smartphone,1,33422.28,0.1,Secunderabad,Hyderabad,Telangana,North Hyderabad,Corporate Sales,Net Banking,Delivered
ORD102589,CUST10298,02/07/2025,P016,Green Soul Monster Chair,Furniture,2,12776.94,0.1,Madhapur,Hyderabad,Telangana,West Hyderabad,Corporate Sales,Credit Card,Delivered
ORD100256,CUST10197,04/10/2025,P017,IKEA Linnmon Desk,Furniture,4,9389.55,,LB Nagar,Hyderabad,Telangana,East Hyderabad,Online,UPI,Delivered
ORD100494,CUST10346,2025-04-13,P018,American Tourister Backpack,bags,2,4485.79,0.15,LB Nagar,Hyderabad,Telangana,East Hyderabad,Online,Credit Card,Delivered
ORD100451,CUST10186,2025-11-02,P016,Green Soul Monster Chair,Furniture,1,12931.34,0.05,Attapur,Hyderabad,Telangana,South Hyderabad,Corporate Sales, UPI ,Delivered
ORD102973,CUST10099,2025-01-02,P005,OnePlus 13R,Smartphone,1,44145.31,0.15,Dilsukhnagar,Hyderabad,Telangana,East Hyderabad,Online,UPI,Delivered
ORD102287,CUST10385,2025-10-19,P014,Samsung Galaxy Tab S9,Tablet,2,51611.98,,Secunderabad,Hyderabad,Telangana,North Hyderabad,Online,UPI,Shipped
ORD101825,CUST10423,2025-12-09,P008,JBL Tune 770NC,Audio,1,7523.76,0.2,Begumpet,Hyderabad,Telangana,Central Hyderabad,Corporate Sales,Debit Card,Returned
ORD100191,CUST10019,2025-02-22,P013,HP Wireless Mouse,Accessories,3,1655.6,0.1,Secunderabad,Hyderabad,Telangana,North Hyderabad,Online,UPI,Delivered
ORD102159,CUST10489,08-03-2025,P018,American Tourister Backpack,Bags,4,3957.21,0.05,Attapur,Hyderabad,Telangana,SOUTH HYDERABAD,Retail Store,UPI,Delivered
ORD102992,CUST10154,2025-11-06,P010,LG UltraGear 27,Monitor,1,26819.78,0.15,Nallagandla,Hyderabad,Telangana,West Hyderabad,Corporate Sales,UPI,Delivered
ORD102958,CUST10410,2025-04-10,P009,Dell 24 Monitor,Monitor,1,15411.06,0.15,Nallagandla,Hyderabad,Telangana,West Hyderabad,Retail Store,UPI,Delivered
ORD100539,CUST10298,2025-04-07,P016,Green Soul Monster Chair,Furniture,1,14339.99,0,Tarnaka,Hyderabad,Telangana,East Hyderabad,Retail Store,Cash on Delivery,Delivered
ORD101544,CUST10225,,P017,HP Wireless Mouse,Accessories,1,1474.39,0.15,Miyapur,Hyderabad,Telangana,North-West Hyderabad,Retail Store,Net Banking,Shipped
ORD101175,CUST10355,2025-06-22,P001,Dell Inspiron 15,Laptop,-1,65167.96,0,Kompally,Hyderabad,Telangana,North Hyderabad,Online,UPI,Delivered
ORD102319,CUST10307,2025-09-11,P011,Logitech K380 Keyboard,Accessories,4,3034.84,0.05,Banjara Hills,Hyderabad,TELANGANA,Central Hyderabad,Online,Debit Card,delivered
ORD100781,CUST10363,,P005,OnePlus 13R,Smartphone,2,40695.65,0.15,Nallagandla,Hyderabad,Telangana,West Hyderabad,Retail Store,Cash on Delivery,Delivered
ORD100646,CUST10495,02-02-2025,P013,HP Wireless Mouse,Accessories,3,1548.02,0.15,Uppal,Hyderabad,Telangana,East Hyderabad,Retail Store,Debit Card,Delivered
ORD101985,CUST10484,2025-12-13,P005,OnePlus 13R,Smartphone,1,40021.01,0.05,Banjara Hills,Hyderabad,Telangana,Central Hyderabad,Corporate Sales,UPI,Delivered
ORD101130,CUST10165,2025-01-07,P018,American Tourister Backpack,Bags,1,4257.45,0,Begumpet  ,Hyderabad,Telangana,Central Hyderabad,Retail Store,UPI,Delivered
ORD100418,CUST10122,24/10/2025,P018,American Tourister Backpack,Bags,1,4117.12,0,HITEC City,Hyderabad,Telangana,West Hyderabad,Retail Store,Credit Card,Delivered
ORD100449,CUST10026,2025-01-26,P018,American Tourister Backpack,Bags,4,4454,0.15,Jubilee Hills,Hyderabad  ,Telangana,Central Hyderabad,Online,Net Banking,Delivered
ORD100168,CUST10228,20/10/2025,P010,LG UltraGear 27,Monitor,1,26746.16,0.05,Kondapur,Hyderabad,Telangana,West Hyderabad,Retail Store,Debit Card,Delivered
ORD101581,,2025-11-14,P017,IKEA Linnmon Desk,Furniture,5,9258.56,0.05,Jubilee Hills,Hyderabad,Telangana,Central Hyderabad,Online,Credit Card,Delivered
ORD101199,CUST10128,2025-09-13,P008,JBL Tune 770NC,Audio,1,7725.33,0.15,Dilsukhnagar,Hyderabad,TELANGANA,East Hyderabad,Online,Cash on Delivery,Delivered
ORD102535,CUST10332,10-20-2025,P012,Logitech MX Master 3S,Accessories,3,7966.08,0.05,Kondapur,Hyderabad,Telangana,West Hyderabad,Retail Store,UPI,Shipped
ORD102971,CUST10362,2025-03-30,P012,Logitech MX Master 3S,Accessories,3,8918.98,0,HITEC City,Hyderabad,Telangana,West Hyderabad,Online,UPI,Delivered
ORD102664,CUST10402,2025-07-26,P004,Samsung Galaxy A55,Smartphone,4,37582.48,0,LB Nagar  ,Hyderabad,Telangana,East Hyderabad,Retail Store,UPI,Delivered
ORD101558,CUST10378,09-07-2025,P009,Dell 24 Monitor,Monitor,1,15229.82,0,Gachibowli,Hyderabad,Telangana,West Hyderabad,Online,Credit Card,Delivered
ORD100559,CUST10379,2025-10-21,P015,Apple iPad Air,Tablet,1,61706.28,0.1,Nallagandla,Hyderabad,Telangana,West Hyderabad,Online,UPI,Cancelled
ORD100999,CUST10231,2025-06-03,P017,IKEA Linnmon Desk,Furniture,5,8772.76,0.15,Kondapur,Hyderabad,Telangana,West Hyderabad,Corporate Sales,UPI,Shipped
ORD101449,CUST10131,2025-05-05,P015,Apple iPad Air,Tablet,1,64714.2,0.05,Jubilee Hills,Hyderabad,Telangana,Central Hyderabad,Corporate Sales,UPI,Shipped
ORD101528,CUST10249,2025-04-12,P016,Green Soul Monster Chair,Furniture,2,14374.59,0.2,Gachibowli,Hyderabad,Telangana,West Hyderabad,Retail Store,Net Banking,Delivered
ORD101703,CUST10031,2025-10-03,P014,Samsung Galaxy Tab S9,Tablet,3,55788.92,0,Jubilee Hills,Hyderabad,Telangana,Central Hyderabad,Online,Debit Card,Delivered
ORD100183,CUST10072,2025-07-20,P016,Green Soul Monster Chair,Furniture,2,13063.01,0.1,Attapur,Hyderabad,Telangana,South Hyderabad,Corporate Sales,UPI,Delivered
ORD100740,CUST10352,03-29-2025,P003,Lenovo IdeaPad Slim 5,Laptop,2,58930.76,0.15,Kompally,Hyderabad,Telangana,North Hyderabad,Online,Credit Card,Delivered
ORD102500,CUST10010,18/02/2025,P004,Samsung Galaxy A55,Smartphone,1,36433.74,0,LB Nagar,Hyderabad,Telangana,East Hyderabad,Corporate Sales,Debit Card,Delivered
ORD102127,CUST10470,2025-06-24,P011,Logitech K380 Keyboard,Accessories,4,3299.13,0.1,Madhapur,Hyderabad,Telangana,West Hyderabad,Retail Store,,Delivered
ORD100393,CUST10229,2025-10-12,P015,Apple iPad Air,Tablet,2,63979.85,0.1,Nallagandla,Hyderabad,Telangana,West Hyderabad,Retail Store,UPI,Cancelled
ORD100667,CUST10315,01/04/2025,P013,HP Wireless Mouse,Accessories,1,1517.06,0.1,Jubilee Hills,Hyderabad,Telangana,Central Hyderabad,Online,UPI,Delivered
ORD100586,CUST10051,2025-05-02,P004,Samsung Galaxy A55,Smartphone  ,1,38100.15,0,Nallagandla,Hyderabad,Telangana,West Hyderabad,Corporate Sales,Credit Card,Delivered
ORD100813,CUST10030,12/06/2025,P014,Samsung Galaxy Tab S9,Tablet,3,51030.43,0,Attapur,Hyderabad,Telangana,South Hyderabad,Retail Store,Debit Card,Delivered
ORD100846,CUST10045,2025-09-27,P009,Dell 24 Monitor,Monitor,4,14119.68,0.15,Tarnaka,Hyderabad,Telangana,East Hyderabad,Corporate Sales,UPI,Delivered
ORD100710,CUST10411,2025-10-21,P007,Sony WH-1000XM5,Audio,1,28180.81,0.1,LB Nagar,Hyderabad,Telangana,East Hyderabad,Online,Credit Card,Delivered
ORD101442,CUST10002,2025-03-28,P010,LG UltraGear 27,Monitor,2,26035.94,0.1,LB Nagar,Hyderabad,Telangana,East Hyderabad,Online,Credit Card,Delivered
ORD101945,CUST10157,2025-04-03,P017,IKEA Linnmon Desk,Furniture,1,9297.32,0.15,Begumpet,Hyderabad,Telangana,Central Hyderabad,Online,Cash on Delivery,Shipped
ORD102933,CUST10274,,P016,GREEN SOUL MONSTER CHAIR,Furniture  ,0,14507.23,0.05,Jubilee Hills,hyderabad,Telangana,Central Hyderabad,Online,Net Banking,Delivered
ORD100850,CUST10416,2025-02-23,P007,Sony WH-1000XM5,Audio,1,29343.68,0.05,Secunderabad,Hyderabad,Telangana,North Hyderabad,Corporate Sales,UPI,Delivered
ORD102265,CUST10469,01/01/2025,P003,Lenovo IdeaPad Slim 5,Laptop,3,57571.31,0.2,LB Nagar,Hyderabad,Telangana,East Hyderabad,Online,Debit Card,Delivered
ORD100931,CUST10024,2025-06-19,P018,American Tourister Backpack,Bags,2,4073.86,0.05,Gachibowli,Hyderabad,Telangana,West Hyderabad,Retail Store,Cash on Delivery,Shipped
ORD101334,CUST10251,2025-08-12,P006,iPhone 16,Smartphone,1,84077.13,0.05,HITEC City,Hyderabad,Telangana,West Hyderabad,Online,Net Banking,Delivered
ORD101780,CUST10057,2025-01-30,P001,Dell Inspiron 15,Laptop,4,64830.97,0.1,Dilsukhnagar,Hyderabad,Telangana,East Hyderabad,Retail Store,UPI,Delivered
ORD100214,CUST10077,03-25-2025,P009,Dell 24 Monitor,Monitor,5,15171.66,0.05,Kondapur,Hyderabad,Telangana,West Hyderabad,Online,Credit Card,Delivered
ORD101466,CUST10385,2025-06-08,P001,Dell Inspiron 15,Laptop,1,61529.26,0.2,Secunderabad,Hyderabad,Telangana,North Hyderabad,Retail Store,UPI,Delivered
ORD100079,CUST10008,,P013,HP Wireless Mouse,Accessories,3,1705.21,0.1,Mehdipatnam,Hyderabad,Telangana,South Hyderabad,Online,UPI,Delivered
ORD102829,CUST10198,2025-07-05,P010,LG UltraGear 27,Monitor,1,27700.38,0.1,LB Nagar,Hyderabad,Telangana,East Hyderabad,Online,Credit Card,Shipped
ORD101266,CUST10206,2025-03-06,P017,IKEA Linnmon Desk,Furniture,3,9041.36,0.05,Jubilee Hills,Hyderabad,Telangana,Central Hyderabad,Retail Store,UPI,Delivered
ORD101100,CUST10053,2025-12-06,P015,Apple iPad Air,Tablet,5,60000.46,0.15,LB Nagar,Hyderabad,Telangana,East Hyderabad,Online,Debit Card,Delivered
ORD101450,CUST10088,30/10/2025,P017,Sony WH-1000XM5,Audio,1,27573.06,0.05,Manikonda,Hyderabad,Telangana,West Hyderabad,Corporate Sales,Credit Card,Delivered
ORD102638,CUST10323,2025-01-22,P013,HP Wireless Mouse,Accessories,3,1656.01,0.1,Madhapur,Hyderabad,Telangana,West Hyderabad,Online,Credit Card,Delivered
ORD101307,CUST10217,2025-06-23,P015,Apple iPad Air,Tablet,1,69373.34,0.15,Kondapur,Hyderabad,Telangana,West Hyderabad,Online,Credit Card,Delivered
ORD100870,CUST10419,21/06/2025,P018,American Tourister Backpack,Bags,1,3975.41,0.05,Manikonda,Hyderabad,Telangana,West Hyderabad,Online,Credit Card,Delivered
ORD102005,CUST10086,2025-01-10,P009,Dell 24 Monitor,Monitor,5,,0.15,Gachibowli,Hyderabad,Telangana,West Hyderabad,Corporate Sales,UPI,Delivered
ORD100089,CUST10268,2025-11-13,P017,IKEA Linnmon Desk,Furniture,4,9219.94,0.2,Nallagandla,Hyderabad,Telangana,West Hyderabad,Online,Net Banking,Delivered
ORD100565,CUST10381,2025-02-06,,Samsung Galaxy Tab S9,Tablet,3,,0.15,Nallagandla,hyderabad,Telangana,West Hyderabad,Online,Cash on Delivery,Cancelled
ORD100363,CUST10225,2025-09-20,P003,Lenovo IdeaPad Slim 5,Laptop,3,59188.36,0.15,Gachibowli,Hyderabad,Telangana,West Hyderabad,Online,UPI,Delivered
ORD102439,CUST10107,2025-06-05,P010,LG UltraGear 27,Monitor,4,27637.74,0.1,Dilsukhnagar,Hyderabad,Telangana,East Hyderabad,Online,UPI,Shipped
ORD102194,CUST10449,2025-11-12,P007,Sony WH-1000XM5,Audio,3,28234.44,0.05,Uppal, Hyderabad ,Telangana,East Hyderabad,Online,Credit Card,Delivered
ORD101994,CUST10244,2025-03-07,P008,JBL Tune 770NC,Audio,1,7796.3,0.1,Miyapur,Hyderabad,Telangana,North-West Hyderabad,Retail Store,,Delivered
ORD101569,CUST10038,2025-07-25,P009,Dell 24 Monitor,Monitor,2,15378.94,0,HITEC City,Hyderabad,Telangana,West Hyderabad,Online,Credit Card,Delivered
ORD101519,CUST10008,12/06/2025,P006,iPhone 16,Smartphone,3,78858.3,0.05,Madhapur,Hyderabad,Telangana,West Hyderabad,Online,Credit Card,Delivered
ORD100261,CUST10220,21/06/2025,P005,OnePlus 13R,Smartphone,1,43130.85,0,Kompally,Hyderabad,Telangana,north hyderabad,Retail Store,UPI,Delivered
ORD101047,CUST10089,2025-03-29,P003,Lenovo IdeaPad Slim 5,Laptop,2,60207.57,0,Kompally,Hyderabad,Telangana,North Hyderabad,Online,Credit Card,Delivered
ORD100128,CUST10431,2025-08-14,P003,Lenovo IdeaPad Slim 5,Laptop,5,63121.86,0.2,Kondapur,Hyderabad,Telangana,West Hyderabad,Retail Store,Cash on Delivery,Delivered
ORD102331,CUST10140,2025-03-27,P002,HP Pavilion 14,Laptop,1,72822.94,0,Manikonda,Hyderabad,Telangana,West Hyderabad,Online,Credit Card,Delivered
ORD101184,CUST10288,2025-06-14,P004,Samsung Galaxy A55,Smartphone,1,35354.9,0.05,Manikonda,Hyderabad,Telangana,West Hyderabad,Corporate Sales,UPI,Delivered
ORD101553,CUST10038,2025-10-30,P002,HP Pavilion 14,Laptop,4,64322.45,0.1,Ameerpet,Hyderabad,Telangana,Central Hyderabad,Online,Credit Card,Shipped
ORD100148,CUST10002,24/12/2025,P005,OnePlus 13R,Smartphone,1,43164.42,0.1,Kukatpally,Hyderabad,Telangana,North-West Hyderabad,Retail Store,UPI,Delivered
  ORD100023 ,CUST10285,10/12/2025,P006,iPhone 16,Smartphone,1,75303.69,0,Begumpet,Hyderabad,Telangana,Central Hyderabad,Online,UPI,Delivered
ORD101777,CUST10395,04/12/2025,P002,HP Pavilion 14,Laptop,2,65480.17,0.1,Kondapur,Hyderabad,Telangana,West Hyderabad,Online,Credit Card,Delivered
ORD100166,CUST10354,2025-04-08,P014,Samsung Galaxy Tab S9,Tablet,2,50724.27,0,Uppal,Hyderabad,Telangana,East Hyderabad,Retail Store,UPI,Delivered
ORD101771,CUST10013,2025-01-09,P013,HP Wireless Mouse,Accessories,3,1503.54,0.1,Manikonda,Hyderabad,Telangana  ,West Hyderabad,Retail Store,Debit Card,Delivered
ORD102697,CUST10317,11-17-2025,P004,Samsung Galaxy A55,Smartphone,,38435.51,0,Kompally,Hyderabad,Telangana,North Hyderabad,Corporate Sales,UPI,Delivered
ORD102084,CUST10129,2025-06-22,P004,Samsung Galaxy A55,Smartphone,5,38098.45,0.1,Ameerpet,Hyderabad,Telangana,Central Hyderabad,Retail Store,Credit Card,Shipped  
ORD101699,CUST10206,07/08/2025,P018,American Tourister Backpack,Bags,1,4433.85,0.05,Attapur,Hyderabad,Telangana,South Hyderabad,Retail Store,UPI,Returned
ORD100504,CUST10276,2025-05-01,P006,iPhone 16,Smartphone,3,74508.44,0.2,Mehdipatnam,Hyderabad,Telangana,South Hyderabad,Online,UPI,Shipped
ORD100325,CUST10209,2025-07-31,P009,Dell 24 Monitor,Monitor,1,14750.41,0.2,Kondapur,Hyderabad,Telangana,West Hyderabad,Online,Credit Card,Delivered
ORD101500,CUST10277,2025-07-25,P007,Sony WH-1000XM5,Audio,1,29625.79,0.05,Kondapur,Hyderabad,Telangana,West Hyderabad,Online,UPI,Delivered
ORD102050,CUST10358,03-17-2025,P012,Logitech MX Master 3S,Accessories,4,8120.49,0.1,Uppal,Hyderabad,Telangana,East Hyderabad,Retail Store,Net Banking,Shipped
ORD100620,CUST10339,2025-03-30,P004,Samsung Galaxy A55,Smartphone,1,36973.01,0.1,Begumpet,Hyderabad,Telangana,Central Hyderabad,Retail Store,Net Banking,Returned
ORD100891,CUST10257,2025-05-01,P004,Samsung Galaxy A55,Smartphone,4,36703.79,0.15,Kompally,Hyderabad,Telangana,North Hyderabad,Retail Store,Cash on Delivery,Shipped
ORD102092,CUST10440,2025-07-17,P016,Green Soul Monster Chair,Furniture,1,12990.66,0,Miyapur,Hyderabad,Telangana,North-West Hyderabad,Online,Credit Card,Delivered
ORD101135,CUST10387,2025-09-14,,Green Soul Monster Chair,Furniture,4,13231.94,0.2,Ameerpet,Hyderabad,Telangana,Central Hyderabad,Online,Credit Card,Delivered
ORD101498,CUST10462,04-18-2025,P012,Logitech MX Master 3S,accessories,2,7872.82,0.2,Mehdipatnam,Hyderabad,Telangana,South Hyderabad,Online,Net Banking,Delivered
ORD102579,CUST10341,2025-03-24,P017,IKEA Linnmon Desk,Furniture,1,8752.94,0.05,Kondapur,Hyderabad,Telangana,West Hyderabad,Online,Credit Card,Delivered
ORD102183,CUST10184,2025-06-15,P008,JBL Tune 770NC,Audio,1,8095.66,0.05,Tarnaka,Hyderabad,Telangana,East Hyderabad,Retail Store,UPI,Delivered
ORD100454,CUST10339,2025-06-06,P015,Apple iPad Air,Tablet,5,62245.71,0.15,Madhapur,Hyderabad,Telangana,West Hyderabad,Corporate Sales,Cash on Delivery,Delivered
ORD102570,CUST10264,2025-06-30,P002,HP Pavilion 14,Laptop,1,67631.05,0.1,Uppal,Hyderabad,Telangana,east hyderabad,Online,Debit Card,Delivered
ORD100127,CUST10283,2025-03-20,P016,Green Soul Monster Chair,Furniture,2,12573.96,0.15,Dilsukhnagar,Hyderabad,Telangana,East Hyderabad,online,UPI,Delivered
ORD100978,CUST10053,2025-09-04,P014,Samsung Galaxy Tab S9,Tablet,3,55643.8,0.15,GACHIBOWLI,Hyderabad,Telangana,West Hyderabad,Online,Net Banking,Delivered
ORD101284,CUST10186,2025-01-01,P002,HP Pavilion 14, Laptop ,1,71884.09,0,Tarnaka,Hyderabad,Telangana,East Hyderabad,Online,net banking,Delivered
ORD101081,CUST10162,2025-04-15,P008,JBL Tune 770NC,Audio,2,7674.76,0.15,Ameerpet,Hyderabad,Telangana,Central Hyderabad,Corporate Sales,UPI,Delivered
ORD100306,CUST10416,2025-04-07,P017,IKEA Linnmon Desk,Furniture,1,9765.64,0.1,Uppal,Hyderabad,Telangana,East Hyderabad,Online,Cash on Delivery,Shipped
ORD100324,CUST10004,2025-09-11,P015,Apple iPad Air,Tablet,1,66604.65,0.05,Tarnaka,Hyderabad,Telangana,East Hyderabad,Online,Cash on Delivery,delivered
ORD101764,CUST10046,2025-08-03,P011,Logitech K380 Keyboard,Accessories,1,3001.55,0.05,Begumpet,Hyderabad,Telangana,Central Hyderabad,Retail Store,Credit Card,Delivered
ORD101898,CUST10369,2025-11-23,P011,Logitech K380 Keyboard,Accessories,4,3387.93,0.1,Begumpet,Hyderabad,Telangana,Central Hyderabad,Online,UPI,Delivered
ORD101217,CUST10175,2025-02-04,P005,OnePlus 13R,Smartphone,2,43862.06,0.05,Madhapur,Hyderabad,Telangana,West Hyderabad,Online,NET BANKING,Delivered
ORD102742,CUST10160,2025-09-13,P003,Lenovo IdeaPad Slim 5,Laptop,1,55192,0.15,Manikonda,Hyderabad,Telangana,West Hyderabad,Online,Cash on Delivery  ,Cancelled
ORD101218,CUST10092,2025-07-23,P001,Dell Inspiron 15,Laptop,1,63171.15,0.15,Attapur,Hyderabad,Telangana,South Hyderabad,Online,Credit Card,Delivered
ORD102467,CUST10124,2025-02-12,P016,Green Soul Monster Chair,Furniture,2,13236.67,0,Miyapur,Hyderabad,Telangana,North-West Hyderabad,Online, Credit Card ,Delivered
ORD101976,CUST10353,2025-09-18,P012,Logitech MX Master 3S,Accessories,3,8128.97,0.1,Banjara Hills,Hyderabad,Telangana,Central Hyderabad,Retail Store,Credit Card  ,Delivered
ORD100901,CUST10037,2025-10-15,P004,Samsung Galaxy A55,Smartphone,1,34421.36,0.1,Gachibowli,Hyderabad,Telangana,West Hyderabad,Corporate Sales,UPI,Returned
ORD102163,CUST10133,2025-06-17,P010,LG UltraGear 27,Monitor,1,28543.36,0.05,Kondapur,Hyderabad,Telangana,West Hyderabad,Online,UPI,Delivered
ORD101280,CUST10223,2025-06-28,P007,Sony WH-1000XM5,Audio,4,28686.28,0.1,Nallagandla,Hyderabad,Telangana,West Hyderabad,Online,Credit Card,Delivered
ORD102040,CUST10216,2025-08-06,P012,Logitech MX Master 3S,Accessories,1,8095.16,0,Jubilee Hills,Hyderabad,Telangana,Central Hyderabad,Online,UPI,Delivered
ORD101874,CUST10031,2025-08-09,P001,Dell Inspiron 15,Laptop,5,65725.36,0.15,Attapur,Hyderabad,Telangana,South Hyderabad,Online,Debit Card,Delivered
ORD102687,CUST10057,2025-09-21,P009,Dell 24 Monitor,Monitor,1,14958.72,0.15,Mehdipatnam,Hyderabad,Telangana,South Hyderabad,Online,Credit Card,Delivered
ORD100788,CUST10275,20/05/2025,P012,Logitech MX Master 3S,Accessories,4,8621.79,0.05,Secunderabad,Hyderabad,Telangana,North Hyderabad,Online,UPI,Cancelled
ORD100006,CUST10135,2025-12-04,P012,Logitech MX Master 3S,Accessories,2,8443.64,0.1,Manikonda,Hyderabad,Telangana,West Hyderabad,Retail Store,UPI,Delivered  
ORD102558,CUST10461,2025-09-13,P016,Green Soul Monster Chair,Furniture,2,14315.16,0.1,Uppal,Hyderabad,Telangana,East Hyderabad,Online,Debit Card,Delivered
ORD102972,CUST10242,2025-05-19,P015,Apple iPad Air,Tablet,2,60426.03,0.1,Madhapur,Hyderabad,Telangana,West Hyderabad,Corporate Sales,UPI,Returned
ORD101028,CUST10471,2025-05-15,P003,Lenovo IdeaPad Slim 5,Laptop,1,62707.86,0.1,Tarnaka,Hyderabad,Telangana,East Hyderabad,Online,Credit Card,Delivered
ORD101400,CUST10343,03-28-2025,P010,LG UltraGear 27,Monitor,1,27546.51,0,Jubilee Hills,Hyderabad,Telangana,CENTRAL HYDERABAD,online,UPI,Returned
ORD102351,CUST10021,2025-02-23,P009,Dell 24 Monitor,Monitor,1,15122.84,0.1,Nallagandla,Hyderabad,Telangana,West Hyderabad,Online,Credit Card,Delivered
ORD102791,CUST10227,2025-09-11,P017,IKEA Linnmon Desk,Furniture,2,8902.54,0.15,Mehdipatnam,Hyderabad,Telangana,South Hyderabad,Online,UPI,Cancelled
ORD102317,CUST10210,2025-04-19,P018,American Tourister Backpack,Bags,2,3943.38,0.15,Manikonda,Hyderabad,Telangana,West Hyderabad,Retail Store,Cash on Delivery,Delivered
ORD101003,CUST10169,2025-04-17,P005,OnePlus 13R,Smartphone,4,44840.01,0.05,Madhapur,Hyderabad,Telangana,West Hyderabad,Online,upi,Cancelled
ORD101803,CUST10133,2025-12-11,P003,Lenovo IdeaPad Slim 5,Laptop,5,55904.85,0,Manikonda,Hyderabad,Telangana,West Hyderabad,Online,UPI,Delivered
ORD102637,CUST10099,2025-04-11,P001,Dell Inspiron 15,Laptop,3,64183.53,0,Nallagandla,Hyderabad,Telangana, West Hyderabad ,Online,Net Banking,Delivered
ORD101870,CUST10236,2025-04-18,P007,Sony WH-1000XM5,Audio,2,31277.87,0,Gachibowli,Hyderabad,Telangana,West Hyderabad,Retail Store,Debit Card,Delivered
ORD100647,CUST10094,2025-05-08,P004,Samsung Galaxy A55,Smartphone,5,33979.36,0.15,Madhapur,Hyderabad,Telangana,West Hyderabad,Online,Net Banking,Delivered
ORD100639,CUST10293,2025-11-17,P015,Apple iPad Air,Tablet,4,64200.62,0.1,Manikonda,Hyderabad,Telangana,West Hyderabad,Corporate Sales,Debit Card,Delivered
ORD101066,CUST10371,2025-03-15,P008,JBL Tune 770NC,Audio,4,7803.49,0.05,Uppal,Hyderabad,Telangana,East Hyderabad,Corporate Sales,Credit Card,Returned
ORD100199,CUST10356,2025-01-11,P009,Dell 24 Monitor,Monitor,4,13710.06,0.15,Kondapur,Hyderabad,Telangana,West Hyderabad,Retail Store,Credit Card,Delivered
ORD101522,CUST10356,2025-01-13,P010,LG UltraGear 27,Monitor,1,29312.85,0.15,Miyapur,Hyderabad,Telangana,North-West Hyderabad,Online,Cash on Delivery,Returned
ORD101099,CUST10110,2025-02-19,P009,Dell 24 Monitor,Monitor,1,14891.21,0,Jubilee Hills,Hyderabad,Telangana,Central Hyderabad,Online,Cash on Delivery,Cancelled
ORD100391,CUST10044,2025-07-06,P002,HP Pavilion 14,Laptop,1,65589.8,0.05,Ameerpet,Hyderabad,Telangana,Central Hyderabad,Online,UPI,Shipped
ORD101036,CUST10059,2025-05-07,P009,Dell 24 Monitor,Monitor,1,14154.74,0,Kukatpally,Hyderabad,Telangana,North-West Hyderabad,Corporate Sales,Credit Card,Delivered
ORD100872,CUST10102,06/02/2025,P007,Sony WH-1000XM5,Audio,2,30598.58,0.1,,Hyderabad,Telangana,West Hyderabad,Retail Store,Debit Card,Delivered
ORD101931,CUST10387,2025-12-12,P015,Apple iPad Air,Tablet,2,60577.31,0.15,Attapur,Hyderabad,Telangana,South Hyderabad,Retail Store,UPI,Delivered
ORD101114,CUST10474,2025-08-13,P017,IKEA Linnmon Desk,Furniture,2,10152.83,0.2,Gachibowli,Hyderabad,Telangana,West Hyderabad,Online,Cash on Delivery,Delivered
ORD101205,CUST10375,23/09/2025,P005,OnePlus 13R,Smartphone,5,44713.41,0.2,Begumpet,Hyderabad,Telangana,Central Hyderabad,Online,Debit Card,Cancelled
ORD101230,CUST10121,14/07/2025,P002,HP Pavilion 14,Laptop,2,72258.25,0.05,Gachibowli,Hyderabad,Telangana,West Hyderabad,Retail Store,Net Banking,Delivered
ORD102803,CUST10044,2025-11-21,P007,Sony WH-1000XM5,Audio,1,0,0.05,HITEC City,Hyderabad,Telangana,West Hyderabad,Corporate Sales,Cash on Delivery,Delivered
ORD101364,CUST10225,2025-05-18,P006,iPhone 16,Smartphone,4,72205.16,0,,Hyderabad,Telangana,North Hyderabad,Retail Store,UPI,Cancelled
ORD101933,CUST10178,16/05/2025,P010,LG UltraGear 27,Monitor,1,26583.97,0.05,Kompally,Hyderabad,Telangana,North Hyderabad,Corporate Sales,UPI,Delivered
ORD100725,CUST10078,2025-04-17,P005,OnePlus 13R,Smartphone,3,39122.28,0.05,LB Nagar,Hyderabad,Telangana,East Hyderabad,Online,UPI,Cancelled
ORD101399,CUST10294,04-04-2025,,OnePlus 13R,Smartphone,1,41871.59,0.15,Manikonda,Hyderabad,Telangana,West Hyderabad,Online,Net Banking,Delivered
ORD100998,CUST10071,2025-06-05,P008,JBL Tune 770NC,audio,2,7944.11,0.1,Nallagandla,Hyderabad,Telangana,West Hyderabad,Online,Net Banking,Shipped
ORD102097,CUST10257,2025-12-16,P009,Dell 24 Monitor,Monitor,1,15017.69,0,Kukatpally,Hyderabad,Telangana,North-West Hyderabad,Retail Store,UPI,Shipped
ORD101198,CUST10265,2025-11-26,P015,Apple iPad Air,Tablet,5,64744.4,0.15,Kukatpally,Hyderabad,Telangana,North-West Hyderabad,Retail Store,UPI,Delivered
ORD101150,CUST10131,2025-05-10,P014,Samsung Galaxy Tab S9,Tablet,3,53056.23,0.05,LB Nagar,Hyderabad,Telangana,East Hyderabad,Online,UPI,Shipped
ORD100279,CUST10390,05-17-2025,P006,iPhone 16,Smartphone,2,78746.21,0.1,Ameerpet,Hyderabad,Telangana,Central Hyderabad,Corporate Sales,UPI,Cancelled
ORD100823,CUST10246,2025-08-18,P013,HP Wireless Mouse,Accessories,3,1674.99,0.05,Secunderabad,Hyderabad,Telangana,North Hyderabad,Online,UPI,Delivered
ORD101333,CUST10037,2025-07-14,P006,iPhone 16,Smartphone,3,83932.47,0.05,Attapur,Hyderabad,Telangana,South Hyderabad,Corporate Sales,UPI, Shipped 
ORD102447,CUST10500,2025-01-22,P015,Apple iPad Air,Tablet,1,67693.71,0.05,Tarnaka,Hyderabad,Telangana,East Hyderabad,Retail Store,UPI,Delivered
ORD100987,CUST10005,2025-09-06,P005,OnePlus 13R,Smartphone,1,41712.92,0.2,Gachibowli,Hyderabad,Telangana,West Hyderabad,Online,UPI,Delivered
ORD101981,CUST10383,2025-10-30,P015,Apple iPad Air,Tablet,1,59841.84,,Uppal,Hyderabad,Telangana,East Hyderabad,Corporate Sales,UPI  ,Delivered
ORD102418,CUST10136,2025-04-27,P002,HP Pavilion 14,Laptop,2,72084.1,0,Miyapur,Hyderabad,TELANGANA,North-West Hyderabad,Online,UPI,shipped
ORD102043,CUST10443,2025-11-29,P008,JBL Tune 770NC,Audio,4,7442.12,0,Mehdipatnam,Hyderabad,Telangana,South Hyderabad,Online,Net Banking,Returned
ORD101257,CUST10195,2025-07-20,P011,Logitech K380 Keyboard, Accessories ,2,3135.35,0.15,Tarnaka,Hyderabad,Telangana,East Hyderabad,Online,Net Banking,Delivered
ORD100774,CUST10115,2025-05-23,P006,iPhone 16,Smartphone,1,74399.79,0,Dilsukhnagar,Hyderabad,Telangana,East Hyderabad,Online,Net Banking,Cancelled
ORD102307,CUST10083,2025-02-12,P018,American Tourister Backpack,Bags,1,4435.74,0.1,HITEC City,Hyderabad,Telangana,West Hyderabad,Online,Credit Card,Delivered
ORD102474,CUST10429,17/04/2025,P015,Apple iPad Air,Tablet,2,69074.46,0.5,Dilsukhnagar,Hyderabad,Telangana,East Hyderabad,Online,UPI,Delivered
ORD100521,CUST10187,2025-09-23,P011,Logitech K380 Keyboard,Accessories,1,3183.85,0.15,Secunderabad,Hyderabad,Telangana,North Hyderabad,Online,Credit Card,Shipped
ORD101142,CUST10419,30/11/2025,P013,HP Wireless Mouse,Accessories,3,-500,0.05,Secunderabad,Hyderabad,Telangana,North Hyderabad,Retail Store,Net Banking,Returned
ORD102969,CUST10269,2025-08-29,P015,APPLE IPAD AIR,TABLET,5,64171.23,0.15,Kondapur,Hyderabad,Telangana,West Hyderabad,Corporate Sales,Net Banking,Delivered
ORD102604,CUST10007,2025-10-18,P006, iPhone 16 ,Smartphone,1,74073.09,0.05,Jubilee Hills,Hyderabad,Telangana,Central Hyderabad,Corporate Sales,Credit Card,Delivered
ORD102751,CUST10048,2025-07-24,P018,American Tourister Backpack,Bags,1,4041.25,0.15,Tarnaka,Hyderabad,Telangana,East Hyderabad,Corporate Sales,UPI,Delivered
ORD100527,CUST10176,2025-09-09,P009,Dell 24 Monitor,Monitor,1,14726.81,0.15,Kondapur,Hyderabad,Telangana,West Hyderabad,Retail Store,Credit Card,Delivered
ORD102066,CUST10175,2025-08-15,P011,Logitech K380 Keyboard,Accessories,2,3005.56,0.1,Secunderabad,Hyderabad,Telangana,North Hyderabad,Retail Store,Credit Card,Delivered
ORD101046,CUST10401,2025-04-30,P013,HP Wireless Mouse,Accessories,1,1694.56,0.05,Kompally,Hyderabad,Telangana,North Hyderabad,Online,Credit Card,Cancelled
ORD100584,CUST10216,11/01/2025,P018,American Tourister Backpack,Bags,3,4238.83,0,Dilsukhnagar,Hyderabad,Telangana,East Hyderabad,Retail Store,UPI,Delivered
ORD102262,CUST10286,2025-09-10,P016,Green Soul Monster Chair,Furniture,1,14031.46,0.1,Ameerpet,Hyderabad,Telangana,Central Hyderabad,Online,UPI,Delivered
ORD102975,CUST10158,2025-07-10,P011,Logitech K380 Keyboard,Accessories,4,2981.56,0.05,Manikonda,Hyderabad,Telangana,West Hyderabad,Online,UPI,Shipped
ORD101504,CUST10002,2025-08-10,P017,IKEA Linnmon Desk,Furniture,1,8799.71,0.1,LB Nagar,Hyderabad,Telangana,East Hyderabad,Online  ,UPI,Delivered
ORD102438,CUST10058,15/05/2025,P009,Dell 24 Monitor,Monitor,5,13963.91,0.15,Kukatpally,Hyderabad,Telangana,North-West Hyderabad,Online,Debit Card,Delivered
ORD101040,CUST10433,2025-06-02,P016,Green Soul Monster Chair,Furniture,4,12998.78,0.15,Miyapur,Hyderabad,Telangana,North-West Hyderabad,Online,Credit Card,Delivered
ORD102671,CUST10172,2025-07-03,P015,Apple iPad Air,Tablet,2,68830.68,0.15,Kondapur,Hyderabad,Telangana,West Hyderabad,Online,UPI,Returned
ORD100455,CUST10105,11/04/2025,P007,Sony WH-1000XM5, Audio ,4,27742.01,0.05,Banjara Hills,Hyderabad,Telangana,Central Hyderabad,Retail Store,Debit Card,Delivered
ORD102226,CUST10265,2025-11-03,P009,Dell 24 Monitor,Monitor,2,15303.09,0,Nallagandla,Hyderabad,Telangana,West Hyderabad,Retail Store,UPI  ,Delivered
ORD101904,CUST10119,2025-11-18,P006,iPhone 16,Smartphone,4,75276.88,0.15,Miyapur,Hyderabad,Telangana,North-West Hyderabad,Corporate Sales,Credit Card,Shipped
ORD100499,CUST10236,2025-07-11,P018,American Tourister Backpack,Bags,2,4234.35,0,Tarnaka,Hyderabad,Telangana,East Hyderabad,Online,Debit Card,Delivered
ORD102794,CUST10484,2025-12-21,P003,Lenovo IdeaPad Slim 5,Laptop,2,60899.92,0.15,Begumpet,Hyderabad,Telangana,Central Hyderabad,Online,Debit Card,Delivered
ORD100000,CUST10358,2025-08-13,P005,OnePlus 13R,Smartphone,2,41573.95,0.15,Miyapur,Hyderabad,Telangana,North-West Hyderabad,Retail Store,Cash on Delivery,Delivered
ORD102488,CUST10095,22/09/2025,P010,LG UltraGear 27,Monitor,3,28604.98,0.05,Gachibowli,Hyderabad,Telangana,West Hyderabad,Online,UPI,Delivered
ORD101470,CUST10278,2025-03-16,P003,Lenovo IdeaPad Slim 5,Laptop,2,62919.1,0.2,Banjara Hills,Hyderabad,Telangana,Central Hyderabad,Retail Store,Cash on Delivery,Shipped
ORD101282,CUST10248,2025-02-24,P004,Samsung Galaxy A55,Smartphone,2,33366.25,0.2,Ameerpet,Hyderabad,Telangana,Central Hyderabad,Online,Net Banking,Cancelled
ORD102932,CUST10290,2025-09-02,P004,Samsung Galaxy A55,Smartphone,,37384.07,0.05,Banjara Hills,Hyderabad,Telangana,Central Hyderabad,Online,Debit Card,Delivered
ORD102477,CUST10216,2025-04-22,P006,iPhone 16,Smartphone,3,80276.73,0.1,Tarnaka,Hyderabad,Telangana,East Hyderabad,Retail Store,Debit Card,Delivered
ORD102824,CUST10159,2025-07-20,P014,Samsung Galaxy Tab S9,Tablet,1,53466.28,0.1,Kukatpally,Hyderabad,Telangana,North-West Hyderabad,Retail Store,Credit Card,Delivered
ORD101796,CUST10087,2025-10-27,P014,Samsung Galaxy Tab S9,Tablet,2,52272.45,0.15,Kukatpally,Hyderabad,Telangana,North-West Hyderabad,Online,UPI,Delivered
ORD102950,CUST10240,2025-07-02,P006,iPhone 16,Smartphone,3,75024.31,0.1,Uppal,Hyderabad,Telangana,East Hyderabad,Online,Cash on Delivery,Delivered
ORD102768,CUST10079,2025-12-08,P006,iPhone 16,Smartphone,2,72547.39,0.2,Ameerpet,Hyderabad,Telangana,Central Hyderabad,Online,UPI,Delivered
ORD101891,CUST10036,2025-11-23,P004,Samsung Galaxy A55,Smartphone,2,,0.05,Nallagandla,Hyderabad,Telangana,West Hyderabad,Retail Store,Debit Card,Delivered
ORD102212,CUST10021,20/08/2025,P002,HP Pavilion 14,Laptop,2,67181.43,0.05,Nallagandla,Hyderabad,Telangana,West Hyderabad,Online,UPI,Delivered
ORD100159,CUST10099,2025-03-29,P006,iPhone 16,Smartphone,1,83093.29,0.15,LB Nagar,Hyderabad,Telangana,East Hyderabad,Online,UPI,Delivered
ORD102363,CUST10125,2025-07-31,P018,American Tourister Backpack,Bags,2,3885.03,0.15,Uppal,Hyderabad,Telangana,East Hyderabad,Online,Debit Card,Delivered
ORD101098,CUST10059,2025-11-25,P017,IKEA Linnmon Desk,Furniture,1,9182.6,0,Dilsukhnagar,Hyderabad,Telangana,East Hyderabad,Online,UPI,Delivered
ORD102854,,27/02/2025,P009,Dell 24 Monitor,Monitor,4,13822.56,0.1,Kompally,Hyderabad,Telangana, North Hyderabad ,Retail Store,Credit Card,Delivered
ORD102378,CUST10293,2025-02-17,P005,OnePlus 13R,Smartphone,-2,42802.39,0.05,Gachibowli,Hyderabad,Telangana,West Hyderabad,Retail Store,Net Banking,Delivered
ORD102483,CUST10026,2025-10-05,P001,Dell Inspiron 15,Laptop,1,58604.38,0.2,Banjara Hills,Hyderabad,Telangana,Central Hyderabad,Retail Store,Credit Card,Delivered
ORD101291,CUST10137,2025-07-07,P014,Samsung Galaxy Tab S9,Tablet,5,48839.29,,Jubilee Hills,Hyderabad,Telangana,Central Hyderabad,Online,Credit Card,Shipped
ORD102385,CUST10419,2025-03-04,P016,Green Soul Monster Chair,Furniture,5,12759.24,0.05,Ameerpet,Hyderabad,Telangana,Central Hyderabad,Corporate Sales,Net Banking,Delivered
ORD101194,CUST10063,2025-05-18,P012,Logitech MX Master 3S,Accessories,4,7875.36,0.05,Gachibowli,Hyderabad,Telangana,west hyderabad,Retail Store,Cash on Delivery,Delivered
ORD100765,CUST10042,2025-04-22,P010,LG UltraGear 27,Monitor,5,27570.27,0.1,Secunderabad,Hyderabad,Telangana,North Hyderabad,Online,Credit Card,Delivered
ORD101076,CUST10306,2025-12-06,P017,IKEA Linnmon Desk,Furniture,1,10178.53,0.1,Kompally,Hyderabad,Telangana,North Hyderabad,Online,UPI,Delivered
ORD100262,CUST10051,2025-01-17,P012,Logitech MX Master 3S,Accessories,4,8406.95,0.1,Manikonda,Hyderabad,TELANGANA,West Hyderabad,Retail Store,UPI,Shipped
ORD102117,CUST10153,2025-01-22,P009,Dell 24 Monitor,Monitor,2,-2500,0.15,Ameerpet,Hyderabad,Telangana,Central Hyderabad,Online,UPI,Delivered
ORD100659,CUST10154,2025-01-12,P014,Samsung Galaxy Tab S9,Tablet,4,49090.78,0.1,Kondapur,Hyderabad,Telangana,West Hyderabad,Retail Store,Cash on Delivery,Delivered
ORD102315,CUST10293,01-07-2025,P009,Dell 24 Monitor,Monitor,1,14996.06,0,Dilsukhnagar,Hyderabad,Telangana,East Hyderabad,Corporate Sales,Credit Card, Delivered 
ORD102164,CUST10420,2025-11-09,P013,HP Wireless Mouse,Accessories,4,1569.69,0,Kukatpally,Hyderabad,Telangana,North-West Hyderabad,Retail Store,CREDIT CARD,Shipped
ORD100840,CUST10465,2025-01-08,P003,Lenovo IdeaPad Slim 5,Laptop,-1,55876.26,0.2,Kompally,Hyderabad, Telangana ,North Hyderabad,Retail Store,Credit Card,Delivered
ORD101921,CUST10179,2025-03-25,P002,HP Pavilion 14,Laptop,1,65669.2,0.15,Dilsukhnagar,Hyderabad,Telangana,East Hyderabad,Retail Store,Debit Card,Delivered
ORD101029,CUST10146,04-22-2025,P005,OnePlus 13R  ,Smartphone,2,41285.17,0.15,Nallagandla,Hyderabad,Telangana,West Hyderabad,Retail Store,Credit Card,Delivered
ORD102543,CUST10461,2025-07-06,P014,Samsung Galaxy Tab S9,Tablet,3,52471.94,0.1,Nallagandla,Hyderabad,Telangana,West Hyderabad,Retail Store,Credit Card,delivered
ORD102228,CUST10116,2025-05-07,P015,Apple iPad Air,Tablet,1,63704.18,0.05,Dilsukhnagar,hyderabad,Telangana,East Hyderabad,Retail Store,UPI,Delivered
ORD102232,CUST10002,2025-11-21,P002,HP Pavilion 14,Laptop,1,-500,0.1,Mehdipatnam,Hyderabad,Telangana,South Hyderabad,Online,UPI,Shipped
ORD101391,CUST10268,12-13-2025,P005,OnePlus 13R,Smartphone,3,40501.76,0.2,Madhapur,Hyderabad,Telangana,West Hyderabad,Online,Debit Card,Delivered
ORD101642,CUST10338,11-24-2025,P004,Samsung Galaxy A55,Smartphone,2,33483.56,0.05,Madhapur,Hyderabad,Telangana,West Hyderabad,Corporate Sales,UPI,Delivered
ORD100052,CUST10414,2025-07-19,P016,Green Soul Monster Chair,Furniture,1,14402.31,0.05,Manikonda,Hyderabad,Telangana,West Hyderabad,Online,UPI,Delivered
ORD100530,CUST10199,2025-02-27,P018,American Tourister Backpack,Bags,5,4351.8,0.1,Tarnaka,Hyderabad,Telangana,East Hyderabad,Corporate Sales,Net Banking,Shipped
ORD100600,CUST10002,28/05/2025,P016,Green Soul Monster Chair,Furniture,1,14352.44,0.15,Jubilee Hills,Hyderabad,Telangana,Central Hyderabad,Online,Credit Card,Delivered
ORD102492,CUST10310,2025-02-06,P010,LG UltraGear 27,Monitor,1,29343.97,0.1,Gachibowli,Hyderabad,Telangana,West Hyderabad,Online,UPI,Delivered
ORD100368,CUST10307,23/07/2025,P008,JBL Tune 770NC,Audio,2,7967.78,0.1,Kondapur,Hyderabad,Telangana,West Hyderabad,Online,UPI,Delivered
ORD100265,CUST10104,2025-08-22,P002,HP Pavilion 14,Laptop,1,-2500,0.15,Manikonda,Hyderabad,Telangana,West Hyderabad,Corporate Sales,Credit Card,Cancelled
ORD102780,CUST10396,2025-03-27,P008,JBL Tune 770NC,Audio,1,7898.94,0.15,Ameerpet,Hyderabad,Telangana,Central Hyderabad,Corporate Sales,Credit Card,Delivered
ORD100051,CUST10067,31/03/2025,P003,Lenovo IdeaPad Slim 5,Laptop,2,61340.21,0.05,Attapur,Hyderabad,Telangana,South Hyderabad,Online,UPI,Delivered
ORD102758,CUST10448,2025-09-29,P007,Sony WH-1000XM5,Audio,1,27780.04,0.1,Begumpet,Hyderabad,Telangana,Central Hyderabad,Online,UPI,Shipped
ORD102848,CUST10500,2025-11-01,P008,JBL Tune 770NC,Audio,4,7337.03,0.05,Kukatpally,Hyderabad,Telangana,North-West Hyderabad,Online,Net Banking,Delivered
ORD100371,CUST10394,08-06-2025,P012,Logitech MX Master 3S,Accessories,2,8439.78,0.05,Gachibowli,Hyderabad,Telangana,West Hyderabad,Corporate Sales,Credit Card,Delivered
ORD100447,CUST10169,2025-08-16,P011,Logitech K380 Keyboard  ,Accessories,3,3160.78,0.15,Gachibowli,Hyderabad,Telangana,West Hyderabad,Online,Cash on Delivery,Delivered
ORD100329,CUST10091,2025-09-05,P010,LG UltraGear 27,Monitor,1,29976.95,0.15,Begumpet,Hyderabad,Telangana,Central Hyderabad,Online,Debit Card,Delivered
ORD101677,CUST10482,2025-07-17,P014,Samsung Galaxy Tab S9,Tablet,1,48187.72,0.05,Ameerpet,Hyderabad,Telangana,Central Hyderabad,Online,UPI,Delivered
ORD100867,CUST10428,26/09/2025,P015,Apple iPad Air,Tablet,2,61405.97,0.05,Gachibowli,Hyderabad,Telangana,West Hyderabad,Online,UPI,Delivered
ORD102053,CUST10203,2025-02-16,P017,IKEA Linnmon Desk,Furniture,3,8943.77,0,Miyapur,Hyderabad,Telangana,North-West Hyderabad,Online,Credit Card,Delivered
ORD100677,CUST10370,2025-03-01,P013,HP Wireless Mouse,Accessories,5,1587.98,0.05,Ameerpet,Hyderabad,Telangana,Central Hyderabad,Retail Store,UPI,Cancelled
ORD100551,CUST10495,2025-05-06,P018,American Tourister Backpack,Bags,5,3945.03,0.15,Madhapur,Hyderabad,Telangana,West Hyderabad,Online,Debit Card,Delivered
ORD101052,CUST10206,03-06-2025,P003,Lenovo IdeaPad Slim 5,Laptop,1,57184.7,0,Gachibowli,Hyderabad,Telangana,West Hyderabad,Online,Credit Card,Delivered
ORD100997,CUST10059,2025-08-30,P002,HP Pavilion 14,Laptop,3,68737.39,0.2,Nallagandla,Hyderabad,Telangana,West Hyderabad,Corporate Sales,Credit Card,Shipped
ORD101778,CUST10360,2025-09-20,P013,hp wireless mouse,Accessories,3,1658.87,0,Dilsukhnagar,Hyderabad,Telangana,East Hyderabad,retail store,Debit Card,Delivered
ORD102531,CUST10316,2025-07-02,P010,LG UltraGear 27,Monitor,2,25911.64,0.05,Miyapur,Hyderabad,Telangana,North-West Hyderabad,Online,Cash on Delivery,Delivered
ORD102858,CUST10332,2025-06-13,P002,HP Pavilion 14,Laptop,1,67321.29,0.1,Jubilee Hills,Hyderabad,Telangana,Central Hyderabad,Online,Cash on Delivery,Delivered
ORD102724,CUST10178,2025-10-19,P002,HP Pavilion 14,Laptop,3,72364.64,0.15,Begumpet,Hyderabad,Telangana,Central Hyderabad,Online,Net Banking,Delivered
ORD102076,CUST10378,2025-08-02,P005,OnePlus 13R,Smartphone,3,41863.75,0.15,Kukatpally,Hyderabad,Telangana,NORTH-WEST HYDERABAD,Corporate Sales,UPI,Delivered
ORD102077,CUST10229,2025-05-03,P001,Dell Inspiron 15,Laptop,3,63780.07,-0.1,Gachibowli,Hyderabad,Telangana,West Hyderabad,Online, Debit Card ,Shipped
ORD102737,CUST10484,14/06/2025,P003,Lenovo IdeaPad Slim 5,Laptop,1,61314.32,0.1,HITEC City,Hyderabad,Telangana,West Hyderabad,Online,UPI,Delivered
ORD101549,CUST10191,19/07/2025,P006,iPhone 16,Smartphone,2,72642.43,0,Uppal,Hyderabad,Telangana,East Hyderabad,Retail Store,Credit Card,Returned
ORD101651,CUST10135,01/10/2025,P013,HP Wireless Mouse,Accessories,2,1550.95,0.05,Mehdipatnam,Hyderabad,Telangana,South Hyderabad,Online,UPI,Shipped
ORD102277,CUST10177,20/01/2025,P007,Sony WH-1000XM5,Audio,2,28396.53,0.15,Nallagandla,Hyderabad,Telangana,West Hyderabad,Retail Store,Debit Card,Delivered
ORD101693,CUST10348,2025-12-25,P014,Samsung Galaxy Tab S9,Tablet,2,54019.54,0.15,Gachibowli,Hyderabad,Telangana,East Hyderabad,Retail Store,UPI,Delivered
ORD102251,CUST10119,2025-01-03,P005,OnePlus 13R,Smartphone,3,42448.09,1.5,Secunderabad,Hyderabad,Telangana,North Hyderabad,Online,Debit Card,Delivered
ORD102004,CUST10080,2025-10-27,P007,Sony WH-1000XM5,Audio,1,27001.96,0.1,Banjara Hills,Hyderabad,Telangana,Central Hyderabad,Online,Credit Card,Shipped
ORD101913,CUST10123,2025-02-26,P018,American Tourister Backpack,Bags,3,4027.62,0.1,Secunderabad,Hyderabad,Telangana,North Hyderabad,Retail Store,Credit Card,Delivered
ORD100143,CUST10147,2025-08-19,P006,iPhone 16,Smartphone,5,81041.26,0.05,Ameerpet,Hyderabad,Telangana,Central Hyderabad,Online,Net Banking,Delivered
ORD102235,CUST10146,2025-02-14,P011,Logitech K380 Keyboard,Accessories,1,3254.74,0.1,Kukatpally,Hyderabad,telangana,North-West Hyderabad,Online,Credit Card,Delivered
ORD101649,,2025-08-14,P007,Sony WH-1000XM5,Audio,1,30101.89,0,Banjara Hills,Hyderabad,Telangana,Central Hyderabad,Online,UPI,Delivered
ORD101877,CUST10089,2025-05-24,P007,Sony WH-1000XM5,Audio,2,28525.87,0.05,Manikonda,Hyderabad,Telangana,West Hyderabad,Retail Store,credit card,Delivered
ORD102623,CUST10372,2025-12-11,P018,American Tourister Backpack,Bags,2,4429.73,0.05,Jubilee Hills,Hyderabad,Telangana,Central Hyderabad,Online,Net Banking,Delivered
ORD102105,CUST10314,29/10/2025,P018,American Tourister Backpack,Bags,2,4167.52,0.1,Ameerpet,Hyderabad,Telangana,Central Hyderabad,Corporate Sales,Cash on Delivery,Delivered
ORD100805,CUST10130,2025-09-23,P004,Samsung Galaxy A55,Smartphone,3,37165.36,0.05,Nallagandla,Hyderabad,Telangana,West Hyderabad,Retail Store,Debit Card,Delivered
ORD100216,CUST10324,2025-05-07,P002,HP Pavilion 14,Laptop,1,71107.48,0.15,Kompally,Hyderabad,Telangana,North Hyderabad,Corporate Sales,Net Banking,Cancelled
ORD100422,CUST10464,2025-08-21,P003,Lenovo IdeaPad Slim 5,Laptop,1,58236.69,0.15,Manikonda,Hyderabad,Telangana,West Hyderabad,Online,UPI,Delivered
ORD102071,CUST10249,2025-11-12,P014,Samsung Galaxy Tab S9,Tablet,4,53311.39,0.05,Manikonda,Hyderabad,Telangana,West Hyderabad,Corporate Sales,Credit Card,Delivered
ORD102505,CUST10432,2025-08-23,P007,Sony WH-1000XM5,Audio,5,31139.29,0.2,Tarnaka,Hyderabad,Telangana,East Hyderabad,Corporate Sales,Cash on Delivery,Delivered
ORD102036,CUST10499,2025-08-02,P010,LG UltraGear 27,Monitor,2,27742.99,0.1,Kukatpally,Hyderabad,Telangana,North-West Hyderabad,Retail Store,Credit Card,Returned
ORD102044,,19/09/2025,P013,HP Wireless Mouse,Accessories,2,1473.87,0,Jubilee Hills,Hyderabad,Telangana,Central Hyderabad,Retail Store,CREDIT CARD,Returned
ORD101261,CUST10461,2025-02-21,P017, IKEA Linnmon Desk ,Furniture,3,9384.77,0.05,Madhapur,Hyderabad,Telangana,West Hyderabad,Online,UPI,Delivered
ORD102818,CUST10317,06/12/2025,P014,Samsung Galaxy Tab S9,Tablet,1,48970.21,0.05,Kondapur,Hyderabad,Telangana,West Hyderabad,Online,Net Banking,Delivered
ORD101351,CUST10302,2025-08-03,P009,Dell 24 Monitor,Monitor,2,15065.05,0.05,Uppal,Hyderabad,Telangana,East Hyderabad,Online,Net Banking,Delivered
ORD102216,CUST10080,2025-05-05,P001,Dell Inspiron 15,Laptop,1,63563.06,0.15,Nallagandla,Hyderabad,Telangana,West Hyderabad,Retail Store,Debit Card,Returned
ORD102179,CUST10320,2025-09-28,P012,Logitech MX Master 3S,Accessories,4,7967.77,0.1,Attapur,Hyderabad,Telangana,South Hyderabad,Online,UPI,Cancelled
ORD100550,CUST10443,2025-06-08,P014, Samsung Galaxy Tab S9 ,Tablet,4,51018.06,0.05,Kompally,Hyderabad,Telangana  ,North Hyderabad,Online,Net Banking,Delivered
ORD100010,CUST10039,2025-01-16,P002,HP Pavilion 14,Laptop,2,72867.22,0.05,Madhapur,Hyderabad,Telangana,west hyderabad,Online,UPI,Cancelled
ORD102673,CUST10045,,P016,Green Soul Monster Chair,Furniture,5,12565.07,0,Kompally,Hyderabad,Telangana,North Hyderabad,Corporate Sales,Cash on Delivery,delivered
ORD102158,CUST10242,2025-04-16,P011,Logitech K380 Keyboard,Accessories,1,3124.6,0.05,Uppal,Hyderabad,Telangana,East Hyderabad,Online,Credit Card,Delivered
ORD101241,CUST10229,01-05-2025,P015,Apple iPad Air,Tablet,2,64483.04,0.05,Ameerpet,Hyderabad,Telangana,Central Hyderabad,Online,Net Banking,Shipped
ORD102361,CUST10384,2025-06-01,P013,HP Wireless Mouse,Accessories,2,1720.99,0.05,Uppal,Hyderabad,Telangana,East Hyderabad,Online,UPI,Delivered
ORD102086,CUST10067,2025-09-02,P009,Dell 24 Monitor,Monitor,2,14875.69,0.2,Banjara Hills,Hyderabad,Telangana,Central Hyderabad,Retail Store,Debit Card,Shipped
ORD100300,CUST10062,2025-01-24,P007,Sony WH-1000XM5,Audio,2,30056.68,0.15,LB Nagar,Hyderabad,Telangana,East Hyderabad,Online,Credit Card,Delivered
ORD102445,CUST10116,01/04/2025,P012,Logitech MX Master 3S,Accessories,5,8053.75,0.15,Kondapur,Hyderabad,Telangana,West Hyderabad,Online,UPI,Delivered
ORD101430,CUST10442,06/11/2025,P003,Lenovo IdeaPad Slim 5,Laptop,5,62763.26,0.05,Madhapur,Hyderabad, Telangana ,West Hyderabad,Retail Store,Debit Card,Delivered
  ORD101523 ,CUST10262,2025-03-01,P007,Sony WH-1000XM5,Audio,5,,0.2,Tarnaka,Hyderabad,Telangana,East Hyderabad,Corporate Sales,Net Banking,Delivered
ORD100221,CUST10309,2025-05-02,P003,Lenovo IdeaPad Slim 5,Laptop,4,60511.51,0.05,Attapur,Hyderabad,Telangana,South Hyderabad,Corporate Sales,Credit Card,Delivered
ORD100730,CUST10410,29/04/2025,P017,IKEA Linnmon Desk,Furniture,4,10090.26,0.1,LB Nagar, Hyderabad ,Telangana,East Hyderabad,Retail Store,Debit Card,Delivered
ORD102957,CUST10124,2025-07-18,P001,Dell Inspiron 15,LAPTOP,1,58303.09,0.1,HITEC City,Hyderabad,TELANGANA,West Hyderabad,Retail Store,Cash on Delivery,Delivered
ORD101969,CUST10020,2025-10-07,P008,JBL Tune 770NC,Audio,1,7406.83,0.2,Madhapur,Hyderabad,Telangana,West Hyderabad,Retail Store,Cash on Delivery,Delivered
ORD100050,CUST10479,18/04/2025,P006,iPhone 16,Smartphone,1,81419.33,0.05,,Hyderabad,Telangana,West Hyderabad,Online,UPI,Delivered
ORD100589,CUST10490,2025-03-23,P002,HP Pavilion 14,Laptop,4,69902.9,0.05,Dilsukhnagar,Hyderabad,Telangana,East Hyderabad,Online,UPI,Delivered
ORD100184,CUST10179,2025-07-02,P004,Samsung Galaxy A55,Smartphone,3,36052.27,0.05,Ameerpet,Hyderabad,Telangana,Central Hyderabad,Retail Store,Cash on Delivery,Delivered
ORD101816,CUST10204,07-26-2025,P001,Dell Inspiron 15,Laptop,1,59001.6,0.1,HITEC City,Hyderabad,Telangana,West Hyderabad,Corporate Sales,UPI,Delivered
ORD102384,CUST10197,2025-11-21,P017,IKEA Linnmon Desk,Furniture,2,9179.15,0.15,LB Nagar,Hyderabad,Telangana,East Hyderabad,Retail Store,Cash on Delivery,Delivered
ORD100068,CUST10318,2025-12-25,P013,HP Wireless Mouse,Accessories,1,1706.97,0.05,Ameerpet,Hyderabad,Telangana,Central Hyderabad,Online,Debit Card,Delivered
ORD100165,CUST10258,,P014,Samsung Galaxy Tab S9,Tablet,1,55225.35,,Banjara Hills,Hyderabad,Telangana,Central Hyderabad,Corporate Sales,Net Banking,Delivered
ORD100491,CUST10045,2025-03-12,P010,LG UltraGear 27,Monitor,3,29916.38,0.05,Tarnaka,Hyderabad,Telangana,East Hyderabad,Retail Store,UPI,Delivered
ORD101006,CUST10125,2025-09-25,P007,Sony WH-1000XM5,Audio,2,30865.82,0.1,Begumpet,Hyderabad,Telangana,Central Hyderabad,Online,UPI,Shipped
ORD102795,CUST10444,2025-10-31,P005,OnePlus 13R,Smartphone,3,39734.27,0.2,Dilsukhnagar,Hyderabad,Telangana,East Hyderabad,Online,Credit Card,Delivered
ORD100614,CUST10369,2025-07-12,P005,ONEPLUS 13R,Smartphone,1,42835.67,0.1,Kompally,Hyderabad,Telangana,North Hyderabad,Online,UPI,Delivered
ORD102437,CUST10007,2025-08-03,P005,OnePlus 13R,Smartphone,1,,0.1,Gachibowli,Hyderabad,Telangana,West Hyderabad,Online,Net Banking,Cancelled
ORD101065,CUST10425,2025-06-14,P001,Dell Inspiron 15,Laptop,2,61293.84,0.1,Gachibowli,Hyderabad,Telangana,West Hyderabad,Online,Net Banking,Delivered
ORD100545,CUST10442,2025-06-30,P004,Samsung Galaxy A55,Smartphone,2,34057.1,0.15,Miyapur,Hyderabad,Telangana,North-West Hyderabad,Corporate Sales,UPI,Cancelled
ORD101892,CUST10182,2025-09-26,P005,OnePlus 13R,Smartphone,1,38881.07,0.1,Manikonda,Hyderabad,Telangana,West Hyderabad,Corporate Sales,Credit Card,Delivered
ORD102832,CUST10317,2025-07-26,P005,OnePlus 13R,Smartphone,1,42261.76,0.1,Manikonda,Hyderabad,Telangana,West Hyderabad,Online,Debit Card,Delivered
ORD102395,CUST10483,22/02/2025,P017,IKEA Linnmon Desk,Furniture,1,10199.8,0.15,Mehdipatnam,Hyderabad,Telangana,South Hyderabad,Online,Cash on Delivery,Shipped
ORD100224,CUST10406,2025-10-21,P010,LG UltraGear 27,Monitor,1,28534.39,0.05,Nallagandla,Hyderabad,Telangana,West Hyderabad,Retail Store,Credit Card,Delivered
ORD100498,CUST10310,31/12/2025,P017,IKEA Linnmon Desk,Furniture,5,10121.59,0.15,Kompally,Hyderabad,Telangana,North Hyderabad,Online,UPI,Delivered
ORD101824,CUST10083,17/07/2025,P017,IKEA Linnmon Desk,Furniture,1,9004.22,0,Nallagandla,Hyderabad,Telangana,West Hyderabad,Corporate Sales,UPI,Delivered
ORD101311,CUST10213,2025-12-21,P013,HP Wireless Mouse,Accessories,2,1620.39,0.15,Attapur,Hyderabad,Telangana,South Hyderabad,Online,Net Banking,Shipped
ORD101084,CUST10288,2025-07-29,P002,HP Pavilion 14,Laptop,3,64795.52,0,Miyapur,Hyderabad,Telangana,North-West Hyderabad,Retail Store,UPI,Delivered
ORD101398,CUST10091,03/08/2025,P014,Samsung Galaxy Tab S9,Tablet,3,51574.06,0,Secunderabad,Hyderabad,Telangana,North Hyderabad,Retail Store,UPI,Delivered
ORD102278,CUST10184,2025-03-20,P008,JBL Tune 770NC,Audio,5,7900.13,0.05,Begumpet,HYDERABAD,Telangana  ,Central Hyderabad,Corporate Sales,Credit Card,Delivered
ORD102796,CUST10076,2025-11-10,P005,OnePlus 13R,Smartphone,1,39649.43,0.1,Nallagandla,Hyderabad,Telangana,WEST HYDERABAD,Online,Net Banking,Cancelled
ORD101094,CUST10146,2025-11-16,P002,HP Pavilion 14,Laptop,2,69509.69,0.1,Mehdipatnam,Hyderabad,Telangana,South Hyderabad,Online,Net Banking,Delivered
ORD100206,CUST10331,2025-06-17,P002,HP Pavilion 14,Laptop,2,72277.14,0.15,Attapur,Hyderabad,Telangana,South Hyderabad,Online,UPI,Delivered
ORD102124,CUST10345,2025-07-28,P010,LG UltraGear 27,Monitor,1,29816.21,0.2,Dilsukhnagar,Hyderabad,Telangana,East Hyderabad,Retail Store,UPI,Delivered
ORD102781,CUST10074,2025-11-10,P001,Dell Inspiron 15,Laptop,1,65955.88,0,Gachibowli,Hyderabad,Telangana,West Hyderabad, Online ,UPI, Delivered 
ORD100437,CUST10199,2025-11-20,P018,American Tourister Backpack,Bags,2,4211.13,0.2, Miyapur ,Hyderabad,Telangana,North-West Hyderabad,corporate sales,UPI,Delivered
ORD100555,CUST10248,2025-08-27,P009,Dell 24 Monitor,Monitor,3,14962.29,0.2,Madhapur,Hyderabad,Telangana,West Hyderabad,Retail Store,Credit Card,Delivered
ORD100812,CUST10431,2025-04-19,P015,Apple iPad Air,Tablet,1,61031.55,0.05,Kompally, Hyderabad ,Telangana,North Hyderabad,Retail Store,UPI,Delivered
ORD100263,CUST10001,2025-03-16,P010,LG UltraGear 27,Monitor,4,30068.16,0,Ameerpet,Hyderabad,Telangana,Central Hyderabad,Corporate Sales, Credit Card ,Delivered
ORD101350,CUST10286,2025-06-08,P004,Samsung Galaxy A55,Smartphone,1,37304.9,0.05,Gachibowli,Hyderabad,Telangana,West Hyderabad,Online,Net Banking,Delivered
ORD101935,CUST10127,02-06-2025,P016,Green Soul Monster Chair,Furniture,3,13519.17,0.1,Jubilee Hills,Hyderabad,Telangana,Central Hyderabad,Retail Store,Credit Card,delivered
ORD102485,CUST10323,07-20-2025,P004,Samsung Galaxy A55,Smartphone,2,37663.64,0.05,Kompally,Hyderabad,Telangana,North Hyderabad,Corporate Sales,Cash on Delivery,Delivered
ORD102641,CUST10432,2025-04-09,P012,Logitech MX Master 3S,Accessories,1,9146.03,0,Madhapur,Hyderabad,Telangana,West Hyderabad,Online,Net Banking,Delivered
ORD102354,CUST10278,2025-10-16,P003,Lenovo IdeaPad Slim 5,Laptop,2,61950.15,0,Gachibowli,Hyderabad,Telangana,West Hyderabad,Online,UPI,Shipped
ORD102681,CUST10299,2025-10-15,P001,Dell Inspiron 15,Laptop,5,57888.01,0.1,Nallagandla,Hyderabad,Telangana,West Hyderabad,Online,UPI,Delivered
ORD102487,CUST10489,2025-04-07,P010,LG UltraGear 27,Monitor,3,26194.48,0.05,Uppal,Hyderabad,Telangana,East Hyderabad,Retail Store,Credit Card,Delivered
ORD100791,CUST10479,2025-02-06,P011,Logitech K380 Keyboard,Accessories,1,3018.18,0.05,Secunderabad,Hyderabad,Telangana,North Hyderabad,Retail Store,Credit Card,Shipped
ORD100682,CUST10431,2025-01-25,P009,Dell 24 Monitor,Monitor,4,15417.27,0.05,Kukatpally,Hyderabad,Telangana,North-West Hyderabad,Online,UPI,Delivered
ORD102025,CUST10411,2025-05-10,P016,Green Soul Monster Chair,Furniture,4,14244.11,0.15,LB Nagar,Hyderabad,Telangana,East Hyderabad,Retail Store,UPI,Delivered
ORD102325,CUST10283,2025-05-31,P015,Apple iPad Air,Tablet,1,64953.81,0.1,Jubilee Hills,Hyderabad,Telangana,Central Hyderabad,Online,Net Banking,Delivered
ORD100933,CUST10270,2025-11-23,P011,Logitech K380 Keyboard,Accessories,,3172.42,0.15,Attapur,Hyderabad,Telangana,South Hyderabad,Corporate Sales,UPI,Delivered
ORD101516,CUST10375,2025-04-13,P010,LG UltraGear 27,Monitor,1,25771.8,0,Jubilee Hills,Hyderabad,Telangana,Central Hyderabad,Online,Net Banking,Delivered
  ORD100862 ,CUST10166,2025-04-29,P016,Green Soul Monster Chair,Furniture,2,12513.34,0.05,Nallagandla,Hyderabad,Telangana,West Hyderabad,Online,Debit Card,Cancelled
ORD101599,CUST10036,2025-08-07,,Lenovo IdeaPad Slim 5,Laptop,3,54747.75,0.15,Kondapur,Hyderabad,Telangana,West Hyderabad,Retail Store,Cash on Delivery,Delivered
ORD102793,CUST10273,2025-03-08,P015,Apple iPad Air,Tablet,2,61116.26,0.1,Miyapur,Hyderabad,Telangana,North-West Hyderabad,Retail Store, Credit Card ,Delivered
ORD100898,CUST10397,2025-07-19,P004,Samsung Galaxy A55,Smartphone,1,37588.96,0.05,Dilsukhnagar,Hyderabad,Telangana,East Hyderabad,Online,UPI,Delivered
  ORD101947 ,CUST10022,2025-07-29,P014,Samsung Galaxy Tab S9,Tablet,5,52592.28,0.15,Kukatpally,Hyderabad,Telangana,North-West Hyderabad,Retail Store,UPI,Delivered
ORD101146,CUST10068,13/05/2025,P002,HP Pavilion 14,Laptop,1,70361.66,0.05,LB Nagar,Hyderabad,Telangana,East Hyderabad,Online,Net Banking,Delivered
ORD100200,CUST10253,2025-07-13,P008,JBL Tune 770NC,Audio,1,6917.87,0.2,,Hyderabad,Telangana,North-West Hyderabad,Corporate Sales,Credit Card,Delivered
ORD101454,CUST10014,2025-04-16,P008,JBL Tune 770NC,Audio,1,7776.72,0,Begumpet,Hyderabad,Telangana,Central Hyderabad,Retail Store,Net Banking,Delivered
ORD101563,CUST10414,2025-07-18,P002,HP Pavilion 14,Laptop,1,66552.33,0.15,Jubilee Hills,Hyderabad,Telangana,Central Hyderabad,Corporate Sales,Net Banking,Shipped
ORD102612,CUST10188,2025-03-23,P013,HP Wireless Mouse,Accessories,3,1489.91,0,Ameerpet,Hyderabad,Telangana,Central Hyderabad,Online,Debit Card,Delivered
ORD101763,CUST10189,2025-05-05,P009,Dell 24 Monitor,Monitor,5,13823.95,0.1,Tarnaka,Hyderabad,Telangana,East Hyderabad,Online,Cash on Delivery,Returned
ORD102242,CUST10334,2025-08-05,P006,iPhone 16,Smartphone,1,74080.48,0.1,HITEC City,Hyderabad, Telangana ,West Hyderabad,Corporate Sales,Credit Card,Shipped
ORD102103,CUST10098,2025-03-19,P016,Green Soul Monster Chair,Furniture,2,14192.08,0.05,Miyapur,Hyderabad,Telangana,North-West Hyderabad,Online,Net Banking,Delivered
ORD100948,CUST10058,2025-06-10,P001,Dell Inspiron 15,Laptop,1,60760.41,0.05,Attapur,Hyderabad,Telangana,South Hyderabad,Online,Debit Card,Delivered
ORD100549,CUST10169,2025-10-02,P003,Lenovo IdeaPad Slim 5,Laptop,1,56161.02,0.15,Jubilee Hills,Hyderabad,Telangana,Central Hyderabad,Online,Debit Card,Delivered
ORD102509,CUST10410,2025-06-04,P016,Green Soul Monster Chair,Furniture,1,13101.59,0.15,Dilsukhnagar,Hyderabad,Telangana,East Hyderabad,Corporate Sales,UPI,Delivered
ORD102954,CUST10141,04-18-2025,P008,JBL Tune 770NC,Audio,5,7124.64,0.1,Madhapur,Hyderabad,Telangana,West Hyderabad,Retail Store,UPI,Delivered
ORD102308,CUST10471,2025-04-02,P011,Logitech K380 Keyboard,Accessories,3,3053.42,0,Jubilee Hills,Hyderabad,Telangana,Central Hyderabad,Online,UPI,Delivered
ORD101467,CUST10217,23/07/2025,P002,HP Pavilion 14,LAPTOP,2,72747.76,0.1,Kondapur,Hyderabad,Telangana,West Hyderabad,Online,UPI,Delivered
ORD102942,CUST10068,2025-07-15,P002,HP Pavilion 14,Laptop,4,68208.71,0.15,Begumpet,Hyderabad,Telangana,Central Hyderabad,Online,Net Banking,Delivered
ORD102333,CUST10022,2025-02-04,P005,OnePlus 13R,Smartphone,2,39836.63,0.05,Madhapur,Hyderabad,Telangana,West Hyderabad,Online,Cash on Delivery,Delivered
ORD101932,CUST10088,22/02/2025,P014,Samsung Galaxy Tab S9,Tablet,3,48543.27,0.05,Ameerpet,Hyderabad,Telangana,Central Hyderabad,Online,UPI,Delivered
ORD101728,CUST10233,2025-05-27,P013,HP Wireless Mouse,Accessories,3,1578.08,0.05,Tarnaka,Hyderabad,Telangana,East Hyderabad,Retail Store,UPI,Delivered
ORD100655,CUST10417,08-16-2025,P008,JBL Tune 770NC,AUDIO,2,7528.06,0.05,Ameerpet,Hyderabad  ,Telangana,Central Hyderabad,Online,Debit Card,Delivered
ORD102191,CUST10079,2025-05-02,P015,Apple iPad Air,Tablet,1,67098.89,,HITEC City,Hyderabad,Telangana,West Hyderabad,Online,Net Banking,Delivered
ORD100309,CUST10238,2025-03-06,P007,Sony WH-1000XM5,Audio,2,27595.93,0.15,Gachibowli,Hyderabad,Telangana,West Hyderabad,Online,Net Banking,Cancelled
ORD101061,CUST10216,2025-10-22,P001,Dell Inspiron 15,Laptop,3,64958.69,0.05,Uppal,Hyderabad,Telangana,East Hyderabad,Online,Debit Card,Delivered
ORD100321,CUST10473,2025-04-09,P009,Dell 24 Monitor,Monitor,2,0,0.2,HITEC City,Hyderabad,Telangana,West Hyderabad,Retail Store,UPI,Delivered
ORD100282,CUST10418,2025-12-11,P007,Sony WH-1000XM5,Audio,5,28951.02,0,Begumpet,Hyderabad,Telangana,Central Hyderabad,Retail Store,Credit Card,Delivered
ORD101038,CUST10011,2025-09-12,P018,American Tourister Backpack,Bags,2,4235.97,0.15,HITEC City,Hyderabad,Telangana,West Hyderabad,Corporate Sales,UPI,Delivered
ORD102415,CUST10209,09/05/2025,P003,Lenovo IdeaPad Slim 5,Laptop,2,59620.12,0.2,Tarnaka,Hyderabad,Telangana,East Hyderabad,Corporate Sales,UPI,Delivered
ORD102809,CUST10025,2025-07-31,P009,Dell 24 Monitor,Monitor,1,14348.98,0.15,Kukatpally,Hyderabad,Telangana,North-West Hyderabad,Online  ,Credit Card,Delivered
ORD101338,CUST10296,07/03/2025,P009,Dell 24 Monitor,Monitor,2,14877.5,0.15,Manikonda,Hyderabad,Telangana,West Hyderabad,Online,Credit Card,Delivered
ORD100070,CUST10100,2025-10-03,P017,IKEA Linnmon Desk,Furniture,1,9686.84,0.05,Miyapur,Hyderabad,Telangana,North-West Hyderabad,Online,Cash on Delivery,Returned
ORD102476,CUST10113,2025-07-09,P004,Samsung Galaxy A55,Smartphone,1,38239.26,0.1,Tarnaka,Hyderabad,Telangana,East Hyderabad,Online,Net Banking,Delivered
ORD102056,CUST10081,2025-02-20,P006,iPhone 16  ,Smartphone,2,75456.77,0.15,Madhapur,Hyderabad,Telangana,WEST HYDERABAD,Retail Store,Cash on Delivery,Cancelled
ORD102229,CUST10220,2025-07-07,P004,Samsung Galaxy A55,Smartphone,3,35191.6,0.05,Begumpet,Hyderabad,Telangana,Central Hyderabad,Online,Debit Card,Delivered
ORD102408,CUST10425,2025-04-17,P017,IKEA Linnmon Desk,Furniture,5,9585.57,0,Miyapur,Hyderabad,Telangana,North-West Hyderabad,Corporate Sales,UPI,Delivered
ORD100222,CUST10339,16/07/2025,P018,American Tourister Backpack,Bags,1,4167.44,0.1,Tarnaka,Hyderabad,Telangana,East Hyderabad,Retail Store,UPI,Delivered
ORD101577,CUST10021,,P012,Logitech MX Master 3S,Accessories,2,8877.78,0.2,Attapur,Hyderabad,Telangana,South Hyderabad,Corporate Sales,,Delivered
ORD101404,CUST10469,07/12/2025,P003,Lenovo IdeaPad Slim 5,Laptop,1,60550.57,0.05,HITEC City,hyderabad,Telangana,West Hyderabad,Online,Credit Card,Returned
ORD100230,CUST10006,2025-11-06,P017,IKEA Linnmon Desk  ,furniture,4,9856.66,0,Nallagandla,Hyderabad,Telangana,West Hyderabad,Online,UPI,Delivered
ORD101779,CUST10378,16/05/2025,P001,Dell Inspiron 15,Laptop,3,63018.2,0.05,HITEC City,Hyderabad,Telangana,West Hyderabad,Online,Net Banking,Delivered
ORD101302,CUST10479,2025-09-12,P018,American Tourister Backpack,Bags,1,4006.16,0,Attapur, Hyderabad ,Telangana,South Hyderabad,Online,Credit Card,Delivered
ORD101959,CUST10264,2025-10-19,P006,iPhone 16,Smartphone,2,82214.68,0.05,Manikonda,Hyderabad,telangana,West Hyderabad,Online,Net Banking,Delivered
ORD101240,CUST10296,2025-11-20,P008,JBL Tune 770NC,Audio,1,7440.68,0.05,Nallagandla,Hyderabad,Telangana,West Hyderabad,Online,UPI,Delivered
ORD101801,CUST10499,2025-01-17,P017,IKEA Linnmon Desk,Furniture,1,9099.91,0.2,Gachibowli,Hyderabad,Telangana,West Hyderabad,Online,credit card,Delivered
ORD102201,CUST10234,2025-08-26,P012,Logitech MX Master 3S,Accessories,-1,8675.03,0,Banjara Hills,Hyderabad,Telangana,Central Hyderabad,Retail Store,Cash on Delivery,Cancelled
ORD102170,CUST10384,2025-01-04,P017,IKEA Linnmon Desk,Furniture,1,9471.48,0.1,Manikonda,Hyderabad,Telangana,West Hyderabad,Online,Cash on Delivery,Shipped
ORD102610,CUST10011,2025-02-06,P002,HP Pavilion 14,Laptop,3,67755.11,0,LB Nagar,Hyderabad,Telangana,East Hyderabad,Online,Credit Card,Delivered
ORD102430,CUST10104,2025-07-20,P017,IKEA Linnmon Desk,Furniture,1,10068.67,0.15,Madhapur,Hyderabad,Telangana,West Hyderabad,Online,UPI,Delivered
ORD100095,CUST10467,05/10/2025,P018,American Tourister Backpack,Bags,2,4365.54,0.05,HITEC City,Hyderabad,Telangana,West Hyderabad,Retail Store,UPI,Delivered
ORD100986,CUST10146,,P017, IKEA Linnmon Desk ,Furniture,5,9324.83,0.05,Madhapur,Hyderabad,Telangana,West Hyderabad,Online,Credit Card,Delivered
ORD101916,CUST10269,2025-03-29,P007,Sony WH-1000XM5,Audio,2,28372.2,0.1,Secunderabad,Hyderabad,Telangana,North Hyderabad,Online,Credit Card,Cancelled
ORD100917,CUST10482,2025-10-24,P013,HP Wireless Mouse,Accessories,-2,1698.47,0.15,Attapur,Hyderabad,Telangana,South Hyderabad,Online,Net Banking,Delivered
ORD102577,CUST10255,2025-04-02,P014,Samsung Galaxy Tab S9,Tablet,,55833.55,0.1,Jubilee Hills,Hyderabad,Telangana,Central Hyderabad,Online,UPI,Returned
ORD101860,CUST10141,2025-11-25,P012,Logitech MX Master 3S,Accessories,2,8719.64,,Kukatpally,Hyderabad,Telangana,North-West Hyderabad,Online,Credit Card,Delivered
ORD101702,CUST10281,17/04/2025,P010,LG UltraGear 27,Monitor,2,27076.21,0.1,Gachibowli,Hyderabad,Telangana,West Hyderabad,Retail Store,Credit Card,Cancelled
ORD101168,CUST10353,23/07/2025,P013,HP Wireless Mouse,Accessories,3,1550.9,0.15,Kompally,Hyderabad, Telangana ,North Hyderabad,CORPORATE SALES,Cash on Delivery,Delivered
ORD102432,CUST10424,24/04/2025,P018,American Tourister Backpack,Bags,1,3893.82,0.15,Miyapur,hyderabad,Telangana,North-West Hyderabad,Online,UPI,Delivered
ORD101694,CUST10197,2025-02-20,P018,American Tourister Backpack,Bags,2,4022.78,,Kukatpally,Hyderabad,Telangana,North-West Hyderabad  ,Online,Credit Card,Delivered
ORD100331,CUST10211,2025-11-30,P009,Dell 24 Monitor,Monitor,3,14867.72,0.1,Jubilee Hills,Hyderabad,Telangana,Central Hyderabad,Online,Debit Card,Delivered
ORD100142,,2025-07-02,P006,iPhone 16,Smartphone,2,71935.15,0.05,Madhapur,Hyderabad,Telangana,West Hyderabad,Online,UPI,Delivered
ORD101446,CUST10460,2025-01-06,P002,HP Pavilion 14,Laptop,4,66425.71,0.1,Gachibowli,Hyderabad,Telangana,West Hyderabad,Online,Cash on Delivery,Delivered
ORD101967,CUST10204,2025-11-27,P008,JBL Tune 770NC,Audio,3,8090.97,0.05,Uppal,Hyderabad,Telangana,East Hyderabad,Retail Store  ,Credit Card,Returned
ORD100195,CUST10375,2025-02-19,P015,Apple iPad Air,Tablet,1,60387.08,0.1,HITEC City,Hyderabad,Telangana,West Hyderabad,Online,Credit Card,Delivered
ORD102525,CUST10482,2025-11-07,P007,Sony WH-1000XM5,AUDIO,2,27736.06,0,Attapur,Hyderabad,Telangana,South Hyderabad,Online,Credit Card,Cancelled
ORD102806,CUST10451,2025-07-03,P010,LG UltraGear 27,Monitor,5,26624.08,0,Ameerpet,Hyderabad,Telangana,Central Hyderabad,Corporate Sales,Debit Card,Delivered
ORD100178,CUST10438,2025-05-06,P003,Lenovo IdeaPad Slim 5,Laptop,2,54928.32,0.15,Kondapur,Hyderabad,Telangana,West Hyderabad,Online,Debit Card,Delivered
ORD102419,CUST10500,19/08/2025,P014,Samsung Galaxy Tab S9,Tablet,1,52133.09,0,Mehdipatnam,Hyderabad,Telangana,South Hyderabad,Retail Store,Net Banking,Delivered
ORD100210,CUST10385,12-16-2025,P018,American Tourister Backpack,Bags,2,4317.32,0.15,Secunderabad,Hyderabad,Telangana,North Hyderabad,Retail Store,Debit Card,Delivered
ORD101766,CUST10058,20/06/2025,P018,American Tourister Backpack  ,Bags,2,4437.73,0,Manikonda,Hyderabad,Telangana,West Hyderabad,Corporate Sales,UPI,Cancelled
ORD102190,CUST10357,2025-04-29,P005,OnePlus 13R,Smartphone,1,42636.44,0.1,Mehdipatnam,Hyderabad,Telangana,South Hyderabad,Online,Net Banking,Delivered
ORD101711,CUST10100,2025-04-18,P009,Dell 24 Monitor,Monitor,4,15276.51,0,Secunderabad,Hyderabad,Telangana,North Hyderabad,Online,UPI,Delivered
ORD101743,CUST10352,2025-12-19,P004,Samsung Galaxy A55,Smartphone,3,34862.68,0.05,Madhapur,Hyderabad,Telangana,West Hyderabad,Corporate Sales,Net Banking,Delivered
ORD102834,CUST10191,2025-12-17,P012,Logitech MX Master 3S,Accessories,3,8372.32,0.1,Kukatpally,Hyderabad,Telangana,North-West Hyderabad,Online,UPI,Delivered
ORD101085,CUST10384,01/09/2025,P008,JBL Tune 770NC,Audio,4,7668.39,0.15,Ameerpet,Hyderabad,Telangana,Central Hyderabad,Online,UPI,Delivered
ORD101746,CUST10090,2025-10-06,P008,JBL Tune 770NC,Audio,1,7164.58,0.05,Miyapur,Hyderabad,Telangana,North-West Hyderabad,Online,UPI,Delivered
ORD102732,CUST10114,2025-02-11,P003,Lenovo IdeaPad Slim 5,Laptop,5,54330.34,0.15,Gachibowli,Hyderabad,Telangana,West Hyderabad,Online,UPI,Delivered
ORD101228,CUST10219,2025-03-20,P016,Green Soul Monster Chair,Furniture,3,12508.38,0.1,Kompally,Hyderabad,Telangana,North Hyderabad,Online,UPI,Returned
ORD102001,CUST10216,26/08/2025,P001,Dell Inspiron 15,Laptop,1,59182.36,0.05,Kompally,Hyderabad,Telangana,North Hyderabad,Online,Debit Card,Shipped
ORD101425,CUST10342,04/01/2025,P009,Dell 24 Monitor,Monitor,2,15417.37,0.1,Kondapur,Hyderabad,Telangana,West Hyderabad,Online,Credit Card,Delivered
ORD102152,CUST10494,03/07/2025,P010,LG UltraGear 27,Monitor,2,28079.4,0,Kompally,Hyderabad,Telangana,North Hyderabad,Online,Net Banking,Delivered
ORD100410,CUST10042,11/07/2025,P013,HP Wireless Mouse,Accessories,2,1505.7,0.05,Gachibowli,Hyderabad,Telangana,West Hyderabad,Corporate Sales,UPI,Delivered
ORD100097,CUST10065,2025-08-18,P012,Logitech MX Master 3S,Accessories,2,,0.05,Dilsukhnagar,Hyderabad,Telangana,East Hyderabad,Online,UPI,Delivered
ORD102944,CUST10308,2025-01-28,P013,HP Wireless Mouse,Accessories,5,1642.58,0.1,Miyapur,Hyderabad,Telangana,North-West Hyderabad,Retail Store,UPI,Delivered
ORD100420,CUST10032,2025-05-22,P013,HP Wireless Mouse,Accessories,5,1486.68,0.05,Begumpet,Hyderabad,TELANGANA,Central Hyderabad,Retail Store,Net Banking,Delivered
ORD102072,CUST10405,2025-02-06,P012,Logitech MX Master 3S,Accessories,1,7927.06,0.05,Kukatpally,Hyderabad,Telangana,North-West Hyderabad,Corporate Sales,Net Banking,Delivered
ORD101665,CUST10164,01-10-2025,P005,OnePlus 13R,Smartphone,3,40600.54,0.15,Tarnaka,Hyderabad,Telangana,East Hyderabad,Online,Debit Card,Delivered
ORD102820,CUST10193,2025-04-01,P005,OnePlus 13R,Smartphone,5,40940.74,0,Dilsukhnagar,Hyderabad,TELANGANA,East Hyderabad,Online,Debit Card,Cancelled
ORD102518,CUST10261,2025-11-02,P015,Apple iPad Air,Tablet,2,61434.33,0.15,HITEC City,Hyderabad,Telangana,West Hyderabad,Retail Store,Credit Card,Shipped  
ORD102050,CUST10358,2025-03-17,P012,Logitech MX Master 3S,Accessories,4,8120.49,0.1,Uppal,Hyderabad,Telangana,East Hyderabad,Retail Store,Net Banking,Shipped
ORD101433,CUST10130,2025-08-12,P018,American Tourister Backpack,Bags,3,3910.87,0.05,Nallagandla,Hyderabad,Telangana,West Hyderabad,Online,UPI,Delivered
ORD102628,CUST10248,05-25-2025,P001,Dell Inspiron 15,Laptop,3,60432.12,0.15,HITEC City,Hyderabad,Telangana,West Hyderabad,Online,UPI,Delivered
ORD102120,CUST10251,2025-06-25,P011,Logitech K380 Keyboard,Accessories,2,2947.25,0.05,Manikonda,Hyderabad,Telangana,West Hyderabad,Corporate Sales,UPI,Delivered
ORD102034,CUST10467,2025-02-06,P011,Logitech K380 Keyboard,Accessories,2,3336.77,0,Kompally,Hyderabad,TELANGANA,North Hyderabad,Online,Credit Card,Delivered
ORD102261,CUST10457,2025-08-27,P004,Samsung Galaxy A55,Smartphone,2,38150.04,0.1,Gachibowli,Hyderabad,Telangana,West Hyderabad,Online,Credit Card,Shipped
ORD101983,CUST10086,2025-10-10,P011,Logitech K380 Keyboard,Accessories,1,3141.3,0.1,Begumpet,Hyderabad,Telangana,Central Hyderabad,Online,,Delivered
ORD101304,CUST10357,03-08-2025,P009,Dell 24 Monitor,Monitor,1,15131.79,0.05,Jubilee Hills,Hyderabad,Telangana,Central Hyderabad,Online,Credit Card,Delivered
ORD102609,CUST10070,2025-09-02,P010,LG UltraGear 27,Monitor,1,27236.33,0.05,HITEC City,Hyderabad,Telangana,West Hyderabad,Online,Credit Card,Cancelled
ORD100631,CUST10028,2025-04-18,P017,IKEA Linnmon Desk,Furniture,4,9453.63,0.05,Jubilee Hills,Hyderabad,Telangana,Central Hyderabad,Corporate Sales,UPI,Cancelled
ORD101187,CUST10371,2025-01-28,P009,Dell 24 Monitor,Monitor,2,13807.15,0.1,Miyapur,Hyderabad,Telangana,North-West Hyderabad,Online,Debit Card,Delivered
ORD100937,,2025-10-13,P002,HP Pavilion 14,Laptop,1,68371.75,0.05,Madhapur,Hyderabad,Telangana,West Hyderabad,Online,Credit Card,Delivered
ORD100957,,2025-11-18,P009,Dell 24 Monitor,Monitor,3,13587.49,0.05,,Hyderabad,Telangana,North-West Hyderabad,Online,UPI,Delivered
ORD102393,CUST10455,09-08-2025,P005,OnePlus 13R,Smartphone,5,41357.58,0.05,Begumpet,Hyderabad,Telangana,Central Hyderabad,Online,UPI,Shipped
ORD100816,CUST10475,2025-03-17,P017,IKEA Linnmon Desk,Furniture,2,9021.24,0.05,Attapur,Hyderabad,Telangana,South Hyderabad,Retail Store,Credit Card,Delivered
ORD100722,CUST10061,2025-09-05,P009,Dell 24 Monitor,Monitor,2,14336.41,0,Kukatpally,Hyderabad,Telangana,North-West Hyderabad,Retail Store,Credit Card,Cancelled
ORD102561,CUST10055,2025-12-16,P014,Samsung Galaxy Tab S9,Tablet,2,54789.39,0.15,Banjara Hills,Hyderabad,Telangana,Central Hyderabad,Online,Net Banking,Delivered
ORD100154,CUST10303,05-14-2025,P012,Logitech MX Master 3S,Accessories,2,8619.86,0.05,Kompally,Hyderabad,Telangana,North Hyderabad,Online,Credit Card,Delivered
ORD102797,CUST10220,2025-02-11,P012,Logitech MX Master 3S,Accessories,-5,8068.84,0,Begumpet,Hyderabad,Telangana,Central Hyderabad,Online,Credit Card,Delivered
ORD100189,CUST10456,2025-03-01,P001,Dell Inspiron 15,Laptop,5,64146.76,0.05,HITEC City,Hyderabad,Telangana,West Hyderabad,Online,UPI,Delivered
ORD102174,CUST10445,2025-12-12,P011,Logitech K380 Keyboard,Accessories,1,2946.1,0.15,Kondapur,Hyderabad,Telangana,West Hyderabad,Online,UPI,Shipped
ORD100421,CUST10293,2025-08-22,P010,LG UltraGear 27,Monitor,2,28833.45,0.05,Ameerpet,Hyderabad,Telangana,Central Hyderabad,Online,Cash on Delivery,Cancelled
ORD100841,CUST10390,11/06/2025,P016,Green Soul Monster Chair,Furniture,4,14182.35,0.2,Banjara Hills,Hyderabad,Telangana,Central Hyderabad,corporate sales,Debit Card,Shipped
ORD100266,CUST10177,2025-06-14,P002,HP Pavilion 14,Laptop,2,66561.22,0, Banjara Hills ,Hyderabad,Telangana,Central Hyderabad,Retail Store,UPI,Delivered
ORD102021,CUST10275,2025-10-07,P007,Sony WH-1000XM5,Audio,1,29483.12,0.1,Ameerpet,Hyderabad,TELANGANA,Central Hyderabad  ,Retail Store,Cash on Delivery,Delivered
ORD101907,,2025-06-19,P004,Samsung Galaxy A55,Smartphone,5,35010.34,0.05,Kondapur,Hyderabad,Telangana,West Hyderabad,Retail Store,Credit Card,Shipped
ORD100737,CUST10306,2025-07-12,P001,Dell Inspiron 15,Laptop,1,63754.08,0.1,Dilsukhnagar,Hyderabad,Telangana,East Hyderabad,Online,UPI,Returned
ORD101617,CUST10043,2025-12-02,P002,HP Pavilion 14,Laptop,4,67892.34,0,Secunderabad,Hyderabad,Telangana,North Hyderabad,Online,UPI,Delivered
ORD100036,CUST10162,2025-01-14,P012,Logitech MX Master 3S,Accessories,5,8965.59,0,Jubilee Hills,Hyderabad,Telangana,Central Hyderabad,Retail Store,Net Banking,Delivered
ORD101004,CUST10068,2025-02-02,P001,Dell Inspiron 15,Laptop,2,64542.45,0.05,Miyapur,Hyderabad,Telangana,North-West Hyderabad,Retail Store,Cash on Delivery,Delivered
ORD101714,CUST10162,2025-12-09,P005,OnePlus 13R,Smartphone,3,44610.66,0,Begumpet,Hyderabad,Telangana,Central Hyderabad,Retail Store,UPI,Delivered
ORD102203,CUST10032,27/11/2025,P007,Sony WH-1000XM5,Audio,2,30036.68,0.1,Jubilee Hills,Hyderabad,Telangana,Central Hyderabad,Online,Debit Card,Delivered
ORD100900,CUST10234,2025-08-19,P001,Dell Inspiron 15,Laptop,4,63397.2,0,Begumpet,Hyderabad,Telangana,Central Hyderabad,Online,Net Banking,Delivered
ORD102596,CUST10487,2025-07-13,P017,IKEA Linnmon Desk,Furniture,1,10002.53,0,Secunderabad,Hyderabad,Telangana,North Hyderabad,Retail Store,UPI,Delivered  
ORD100078,CUST10130,2025-10-20,P015,OnePlus 13R,Smartphone,1,45052.37,0.1,Madhapur,Hyderabad,Telangana,West Hyderabad,Online,Debit Card,Delivered
ORD102720,CUST10122,2025-09-23,P009,Dell 24 Monitor,Monitor,1,14832.95,0.15,Begumpet,Hyderabad,Telangana,Central Hyderabad,Retail Store,UPI,Delivered
ORD102989,CUST10431,2025-07-13,P002,HP Pavilion 14  ,Laptop,1,65026.42,0.15,Kukatpally,Hyderabad,telangana,North-West Hyderabad,Online,UPI,Delivered
ORD101880,CUST10113,02/01/2025,P001,Dell Inspiron 15,Laptop,4,57083.92,0.1,Banjara Hills,Hyderabad,Telangana,Central Hyderabad,Online,Credit Card,Delivered
ORD102422,CUST10380,2025-06-12,P009,Dell 24 Monitor,Monitor,2,14221.56,0.15,Dilsukhnagar,Hyderabad,Telangana,East Hyderabad,Online,Credit Card,Shipped  
ORD100402,CUST10257,2024-11-20,P005,OnePlus 13R,Smartphone,1,40653.44,0.05,Ameerpet,Hyderabad,Telangana,Central Hyderabad,Retail Store,Credit Card,Delivered
ORD102244,CUST10316,2025-06-09,P009,Dell 24 Monitor,Monitor,4,15429.16,0.2,Uppal,Hyderabad,Telangana,East Hyderabad,Retail Store,Debit Card,Delivered
ORD100388,CUST10200,2025-05-23,P017,IKEA Linnmon Desk,Furniture,3,9157.71,0.05,Uppal,Hyderabad,Telangana,East Hyderabad,Corporate Sales,Debit Card,Delivered
ORD100779,CUST10298,2025-08-13,P015,Apple iPad Air,Tablet,2,66264.7,0.15,Madhapur  ,Hyderabad,Telangana,West Hyderabad,Retail Store,UPI,Cancelled
ORD100177,CUST10184,2025-10-03,P013,HP Wireless Mouse,Accessories,4,1699.47,0,Mehdipatnam,Hyderabad,Telangana,South Hyderabad,Retail Store,UPI,Returned
ORD101401,CUST10106,2025-12-13,P009,Dell 24 Monitor,Monitor,5,14719.64,,HITEC City,Hyderabad,Telangana,West Hyderabad,Corporate Sales,upi,Delivered
ORD102188,CUST10371,2025-05-29,P008,JBL Tune 770NC,Audio,1,7656.78,0.15,Jubilee Hills,Hyderabad,telangana,Central Hyderabad,Online,UPI,Delivered
ORD102709,CUST10267,04-25-2025,P018,American Tourister Backpack,Bags,1,4318.88,0,Begumpet,Hyderabad,Telangana,Central Hyderabad,Retail Store,,Delivered
ORD100412,CUST10067,2025-07-22,P002,HP Pavilion 14,Laptop,1,67916.98,0.2,Manikonda,Hyderabad,Telangana,West Hyderabad,Retail Store,Credit Card,Delivered
ORD101557,CUST10380,2025-11-28,P016,Green Soul Monster Chair,Furniture,2,14439.94,0.2,Gachibowli,Hyderabad,Telangana,West Hyderabad,Corporate Sales,Debit Card,Shipped
ORD101424,CUST10190,2025-08-18,P006, iPhone 16 ,Smartphone,3,73661.61,0.05,Nallagandla,Hyderabad,Telangana,West Hyderabad,Retail Store,Net Banking,Delivered
ORD101185,CUST10252,2025-08-23,P011,Logitech K380 Keyboard,Accessories,1,3361.97,0.15,Kompally,Hyderabad,Telangana,North Hyderabad,Online  ,Debit Card,Delivered
ORD101249,CUST10200,2025-09-04,P002,HP Pavilion 14,Laptop,1,67999.78,0.15,Jubilee Hills,Hyderabad,Telangana,Central Hyderabad,Online,UPI,Delivered
ORD100624,CUST10258,2025-10-24,P014,Samsung Galaxy Tab S9,Tablet,2,54820.12,,Begumpet,Hyderabad,Telangana,Central Hyderabad,Corporate Sales,UPI,Delivered
ORD101749,CUST10494,16/08/2025,P007,Sony WH-1000XM5,Audio,1,31140.44,0.1,Uppal,Hyderabad,Telangana,East Hyderabad,Online,Cash on Delivery,Delivered
ORD101485,CUST10255,2025-03-21,P012,Logitech MX Master 3S,Accessories  ,5,8810.07,0.3,Manikonda,Hyderabad,Telangana,West Hyderabad,Retail Store,UPI,Delivered
ORD100959,CUST10480,18/06/2025,P012,Logitech MX Master 3S,Accessories,4,8230.78,0.05,LB Nagar,Hyderabad,Telangana,East Hyderabad,Online,Net Banking,Cancelled
ORD100098,CUST10115,2025-03-05,P007,Sony WH-1000XM5,Audio,1,26945.34,0.2,HITEC City,Hyderabad,Telangana,West Hyderabad,Corporate Sales,Debit Card,DELIVERED
ORD100140,CUST10189,2025-01-31,P004,Samsung Galaxy A55,SMARTPHONE,1,38040.6,0.2,Kukatpally,Hyderabad,Telangana,North-West Hyderabad,Retail Store,UPI,Delivered
ORD102625,CUST10394,2025-01-16,P004,Samsung Galaxy A55,Smartphone,4,37472.83,0.2,Tarnaka,Hyderabad,Telangana,East Hyderabad,Retail Store,Cash on Delivery,Delivered
ORD102929,,09-14-2025,P009,Dell 24 Monitor,Monitor,4,14719.95,0.05,LB Nagar,Hyderabad,Telangana,East Hyderabad,Online,UPI,Cancelled
ORD100053,CUST10141,03-14-2025,P016,Green Soul Monster Chair,Furniture,2,14298.44,0.05,HITEC City,Hyderabad,Telangana,West Hyderabad,Retail Store,UPI,Returned
ORD100066,CUST10218,2025-12-12,P001,Dell Inspiron 15,Laptop,3,66192.7,0.15,HITEC City,Hyderabad,Telangana,West Hyderabad,Retail Store,Net Banking,Delivered
ORD101922,CUST10268,2025-09-20,P007,Sony WH-1000XM5,Audio,2,29320.17,0,Kukatpally,Hyderabad,Telangana,South Hyderabad,Online,Cash on Delivery,Delivered
ORD101620,CUST10167,12/02/2025,P001,Dell Inspiron 15,Laptop,1,65717.44,0.1,Mehdipatnam,Hyderabad,Telangana,South Hyderabad,Retail Store,Debit Card,Delivered
ORD102580,CUST10097,2025-05-14,P016,Green Soul Monster Chair,Furniture,1,12691.46,0.15,LB Nagar,Hyderabad,Telangana,East Hyderabad,Retail Store,UPI,Delivered
ORD101939,CUST10058,2025-07-05,P001,Dell Inspiron 15,Laptop,2,59690.15,0.1,Kukatpally,Hyderabad,Telangana,North-West Hyderabad,Online,UPI,Delivered
ORD102563,CUST10471,10-31-2025,P011,LOGITECH K380 KEYBOARD,Accessories,2,3016.9,0.1,Kompally,Hyderabad,Telangana,North Hyderabad,Online,UPI,Returned
ORD100965,CUST10164,26/04/2025,P008,JBL Tune 770NC,Audio,3,7724.5,0.05,Dilsukhnagar,Hyderabad,Telangana,East Hyderabad,Retail Store,UPI,Delivered
ORD101290,CUST10396,2025-07-26,P001,Dell Inspiron 15,Laptop,1,66821.04,0.2,Banjara Hills,Hyderabad,Telangana,Central Hyderabad,Corporate Sales,Net Banking,Delivered
ORD102630,CUST10326,2025-09-26,P015,Apple iPad Air,Tablet,3,66390.42,0.1,Banjara Hills,Hyderabad, Telangana ,Central Hyderabad,Corporate Sales,Credit Card,Delivered
ORD100893,CUST10043,2025-06-20,P005,OnePlus 13R,Smartphone,2,44923.23,0,Secunderabad,Hyderabad,Telangana,North Hyderabad,Online,,Delivered
ORD102856,CUST10421,2025-03-02,P017,IKEA Linnmon Desk,Furniture,3,9436.91,0.05,HITEC City,Hyderabad,Telangana,West Hyderabad,Retail Store,Debit Card,Shipped
ORD100627,CUST10360,2025-03-06,P017,IKEA Linnmon Desk,Furniture,4,9345.5,0.2,Nallagandla,Hyderabad,Telangana,West Hyderabad,Online, UPI ,Delivered
ORD101279,CUST10305,2025-06-18,P011,Logitech K380 Keyboard,Accessories,4,3077.71,0.2,Tarnaka,Hyderabad,Telangana,East Hyderabad,Online,Credit Card,Delivered
ORD102754,CUST10172,2025-09-28,P015,Apple iPad Air,Tablet,4,63348.24,0.1,Banjara Hills,HYDERABAD,Telangana,Central Hyderabad,Retail Store,Debit Card,Delivered
ORD102135,CUST10319,2025-03-13,P002,HP Pavilion 14,Laptop,3,68830.9,0.15,Dilsukhnagar,Hyderabad,Telangana,East Hyderabad,Online,Credit Card,Delivered
ORD100038,CUST10472,2025-08-20,P002,HP Pavilion 14,Laptop,2,69694.29,0.1,Manikonda,Hyderabad,Telangana,West Hyderabad,Corporate Sales,UPI,Delivered
ORD101019,CUST10369,02/09/2025,P011,Logitech K380 Keyboard,Accessories,1,3056.05,0,tarnaka,Hyderabad,Telangana,East Hyderabad,Online,Cash on Delivery,Delivered
ORD102370,CUST10235,2025-07-29,P003,Lenovo IdeaPad Slim 5,Laptop,1,60848.19,0.1,Jubilee Hills,hyderabad,Telangana,Central Hyderabad,Corporate Sales,Debit Card,Delivered
ORD101479,CUST10394,05/03/2025,P012,Logitech MX Master 3S,Accessories,3,8133.82,0.1,Tarnaka,Hyderabad,Telangana,East Hyderabad,Online,UPI,Delivered
ORD100634,CUST10440,2025-05-06,P005,OnePlus 13R,Smartphone,3,41538.08,0.15,Jubilee Hills,Hyderabad,Telangana,Central Hyderabad,Online,UPI,Returned
ORD102328,CUST10201,04-15-2025,P006,iPhone 16,Smartphone,3,80408.87,0.2,Nallagandla,Hyderabad,Telangana,West Hyderabad,Online,Cash on Delivery,Cancelled
ORD100086,CUST10028,2025-01-23,P009,Dell 24 Monitor,Monitor,3,14009.2,0,Kompally,Hyderabad,Telangana,North Hyderabad,Corporate Sales,UPI,Delivered
ORD101082,CUST10114,2025-02-24,P005,OnePlus 13R,Smartphone,1,42806.29,0.1,Attapur,Hyderabad,Telangana,South Hyderabad,Online,UPI,Delivered
ORD101869,CUST10335,2025-06-04,P001,Dell Inspiron 15,Laptop,1,60709.7,0.1,Banjara Hills,Hyderabad,Telangana,Central Hyderabad,Retail Store,UPI,Cancelled
ORD100133,CUST10216,2025-08-02,P013,HP Wireless Mouse,Accessories,1,1711.69,0.1,Jubilee Hills,Hyderabad,Telangana,Central Hyderabad,Online,Credit Card,Delivered
ORD100766,CUST10451,2025-04-15,P018,American Tourister Backpack,Bags,1,4271.3,0.1,Miyapur,Hyderabad,Telangana,North-West Hyderabad,Retail Store  ,Debit Card,Delivered
ORD100728,CUST10323,2025-12-08,P017,IKEA Linnmon Desk,Furniture,1,9764.61,0.1,Manikonda,Hyderabad,Telangana,West Hyderabad,Online,Debit Card,Delivered
ORD102860,CUST10231,2025-01-25,P012,Logitech MX Master 3S,Accessories,2,7888.55,0.15,Manikonda,Hyderabad,Telangana,West Hyderabad,Retail Store,UPI,Delivered
ORD100489,CUST10278,06/02/2025,P008,JBL Tune 770NC,Audio,1,7594.08,0.1,Nallagandla,Hyderabad,Telangana,West Hyderabad,Online,Cash on Delivery,Delivered
ORD100922,CUST10345,2025-03-25,P005,OnePlus 13R,Smartphone,1,43422.62,0.15,Madhapur,Hyderabad,Telangana,West Hyderabad,Retail Store,UPI,Shipped
ORD100838,CUST10412,2025-03-11,P005,OnePlus 13R,Smartphone,4,45170.45,0.15,LB Nagar,Hyderabad,Telangana,East Hyderabad,Retail Store,Debit Card,Delivered
ORD100716,CUST10448,2025-12-22,P002,HP Pavilion 14,LAPTOP,1,66646.4,0.15,Dilsukhnagar,HYDERABAD,Telangana,East Hyderabad,Online,Credit Card,Returned
ORD101578,CUST10302,2025-08-01,P006,iPhone 16,Smartphone,2,,0.1,Kukatpally,Hyderabad,Telangana,North-West Hyderabad,Online,Net Banking,Delivered
ORD100386,CUST10385,2025-11-14,P002,HP Pavilion 14,Laptop,1,63419.92,0.15, Tarnaka ,Hyderabad,Telangana,East Hyderabad,Online,UPI,Delivered
ORD100608,CUST10081,04-02-2025,P014,Samsung Galaxy Tab S9,Tablet,1,53668.23,0.1,Begumpet,Hyderabad,Telangana,Central Hyderabad,Online,UPI,Delivered
ORD101722,CUST10397,2025-07-26,P018,American Tourister Backpack,Bags,4,3964.87,0.1,Begumpet,Hyderabad,Telangana,Central Hyderabad,Retail Store,UPI,Delivered
ORD100651,CUST10015,2025-07-24,P013,HP Wireless Mouse,Accessories,2,1574.6,0,Uppal,Hyderabad,Telangana,East Hyderabad,Online,UPI,Delivered
ORD100104,CUST10108,2025-01-25,P017,IKEA Linnmon Desk,Furniture,5,9447.04,0,Madhapur,Hyderabad,Telangana,West Hyderabad,Online,Net Banking,Cancelled
ORD100072,CUST10365,2025-05-07,P014,Samsung Galaxy Tab S9,Tablet,1,54567.89,0.1,Manikonda,Hyderabad,Telangana,West Hyderabad,Online,Net Banking,Delivered
ORD101234,CUST10386,2025-07-12,P016,Green Soul Monster Chair,Furniture,1,13001.56,0.1,Manikonda,Hyderabad,Telangana,West Hyderabad,Corporate Sales,Debit Card,Cancelled
ORD101537,CUST10164,2025-04-30,P009,Dell 24 Monitor,Monitor,1,14964.99,0.2,Secunderabad,Hyderabad,Telangana,North Hyderabad,Retail Store,UPI,Delivered
ORD100457,CUST10192,2025-03-22,P015,Apple iPad Air,Tablet,2,63128.07,0.1,Madhapur,Hyderabad,Telangana,West Hyderabad,Corporate Sales,UPI,Delivered
ORD101316,CUST10450,2025-09-19,P016,Green Soul Monster Chair,Furniture,,12817.16,0.1,Jubilee Hills,Hyderabad,Telangana,Central Hyderabad,Online,Credit Card,Delivered
ORD101887,CUST10189,2025-10-26,P008,JBL Tune 770NC,audio,,7138.71,0.05,Nallagandla,Hyderabad,Telangana,West Hyderabad,Online,Credit Card,Returned
ORD101481,CUST10254,2025-05-21,P015,Apple iPad Air,Tablet,2,68847.46,0.15,begumpet,Hyderabad,Telangana,central hyderabad,Online,Cash on Delivery,Delivered
ORD101078,CUST10162,2025-06-21,P008,JBL Tune 770NC,Audio,5,7657.39,0.05,Kukatpally,Hyderabad,Telangana,North-West Hyderabad,Online,UPI,Delivered
ORD100703,CUST10296,2025-08-16,P002,HP Pavilion 14,Laptop,2,73382.8,0.15,Madhapur,Hyderabad,Telangana,West Hyderabad,Online,Credit Card,Cancelled
ORD102426,CUST10035,2025-06-23,P002,HP Pavilion 14,Laptop,1,71298.28,0.1,Kukatpally,Hyderabad,Telangana,North-West Hyderabad,Online,Debit Card,Delivered
ORD102326,CUST10053,2025-09-11,P013,HP Wireless Mouse,Accessories,,1720.62,0,Gachibowli,Hyderabad,Telangana,West Hyderabad,Online,UPI,Cancelled
ORD102128,CUST10483,06-12-2025,P010,LG UltraGear 27,Monitor,3,28126.26,0.15,Jubilee Hills,Hyderabad,Telangana,Central Hyderabad,Online,UPI,Cancelled
ORD100628,CUST10132,2025-02-21,P014,Samsung Galaxy Tab S9,Tablet,1,52948.74,0,Gachibowli,Hyderabad,Telangana,West Hyderabad,Online,Net Banking,Cancelled
ORD102405,CUST10029,2025-07-25,P013,HP Wireless Mouse,Accessories,4,1488.37,0.2,Banjara Hills,Hyderabad,Telangana,Central Hyderabad,Online,net banking,Returned
ORD100003,CUST10361,2025-04-15,P004,Samsung Galaxy A55,Smartphone  ,1,37752.44,0.05,Madhapur,Hyderabad,Telangana,West Hyderabad,Retail Store,Net Banking,Delivered
ORD101591,CUST10295,2025-11-15,P007,Sony WH-1000XM5,Audio,5,29782.32,0.1,Jubilee Hills,Hyderabad,Telangana,Central Hyderabad,Retail Store,Credit Card,Delivered
ORD102410,CUST10424,2025-01-30,P014,Samsung Galaxy Tab S9,Tablet,5,52787.25,0,Begumpet,Hyderabad,Telangana,Central Hyderabad,Corporate Sales,UPI,Delivered
ORD100782,CUST10390,2025-10-11,P001,Dell Inspiron 15,Laptop,2,57167.58,0.1,HITEC City,Hyderabad,Telangana,West Hyderabad,Online,Cash on Delivery,Delivered
ORD101757,CUST10263,2025-12-10,P007,Sony WH-1000XM5,Audio,4,27680.51,0.15,Uppal,Hyderabad,Telangana,East Hyderabad,Online,Credit Card,Delivered
ORD102575,CUST10131,2025-03-16,P011,Logitech K380 Keyboard,Accessories,3,3349.32,0.2,Gachibowli,Hyderabad,Telangana,West Hyderabad,Online,UPI,Delivered
ORD101248,CUST10460,26/01/2025,P001,Dell Inspiron 15,Laptop,5,59722.56,0.15,Ameerpet,Hyderabad,Telangana,Central Hyderabad,Online,Cash on Delivery,Delivered
ORD102237,CUST10453,2025-06-28,P013,HP Wireless Mouse,Accessories,4,1491.37,0,Gachibowli,Hyderabad,Telangana,West Hyderabad,Retail Store,Credit Card,Delivered
ORD102360,CUST10190,2025-04-02,P004,Samsung Galaxy A55,Smartphone,1,36943.49,0.1,TARNAKA,Hyderabad,Telangana,East Hyderabad,Retail Store,Net Banking,Delivered
ORD101797,CUST10234,01/07/2025,P005,OnePlus 13R,Smartphone,2,39554.58,0.1,Kompally,Hyderabad,Telangana,North Hyderabad,Online,Credit Card,Delivered
  ORD102918 ,CUST10186,2025-01-20,P002,HP Pavilion 14,Laptop,2,67997.4,0.05,Jubilee Hills,Hyderabad,Telangana  ,Central Hyderabad,Online,Credit Card,Cancelled
ORD100445,CUST10081,2025-11-05,P015,Apple iPad Air,Tablet,5,62207.19,0.05,Jubilee Hills,Hyderabad  ,Telangana,Central Hyderabad,Online,Credit Card,Shipped
ORD101604,CUST10101,2025-05-28,P001,Dell Inspiron 15,Laptop,2,66696.73,0.1,Nallagandla,Hyderabad,Telangana,West Hyderabad,Retail Store,Debit Card,Delivered
ORD101243,CUST10479,13/03/2025,P003,Lenovo IdeaPad Slim 5,Laptop,1,59686.91,0,HITEC City,Hyderabad,Telangana,West Hyderabad,Corporate Sales,Net Banking,Delivered
ORD102184,CUST10248,2025-08-18,P015,Apple iPad Air,Tablet,5,66178.45,0.1,Begumpet,Hyderabad,Telangana,CENTRAL HYDERABAD,Retail Store,Cash on Delivery,Delivered
ORD101123,CUST10274,2025-08-03,,Samsung Galaxy Tab S9,Tablet,,55560.14,0.1,Attapur,Hyderabad,Telangana,South Hyderabad,Retail Store,Credit Card,Shipped
ORD100289,CUST10488,12-14-2025,P012,Logitech MX Master 3S,Accessories,2,9167.04,0.05,Uppal,Hyderabad,Telangana,East Hyderabad,Retail Store,Credit Card,Delivered
ORD102873,CUST10150,10-19-2025,P014,Samsung Galaxy Tab S9,Tablet,4,55801.31,0.05,Tarnaka,Hyderabad,Telangana,East Hyderabad,Retail Store,Debit Card,Shipped
ORD102471,CUST10348,08-20-2025,P013,HP Wireless Mouse,Accessories,5,1691.05,0,Gachibowli,Hyderabad,Telangana,West Hyderabad,Corporate Sales,Debit Card,Delivered
ORD100462,CUST10070,2025-12-22,P007,Sony WH-1000XM5,Audio,1,28011.07,0.15,Mehdipatnam,Hyderabad,Telangana,South Hyderabad  ,Corporate Sales,Debit Card,Delivered
ORD102597,CUST10231,2025-11-20,P013,HP Wireless Mouse,Accessories,1,1551.18,0,Gachibowli,Hyderabad,Telangana,West Hyderabad,Corporate Sales,Cash on Delivery,Delivered
ORD101911,CUST10048,31/10/2025,P016,Green Soul Monster Chair,Furniture,5,14293.16,0.2,Kompally,Hyderabad,Telangana,North Hyderabad,Online,Debit Card,Delivered
ORD101162,CUST10013,2025-05-18,P011,Logitech K380 Keyboard,Accessories,4,2987.58,0,Ameerpet,Hyderabad,Telangana,Central Hyderabad,Retail Store,Credit Card,Delivered
ORD102663,CUST10121,2025-05-23,P015,Apple iPad Air,Tablet  ,2,61734.11,0.1,HITEC City,Hyderabad,Telangana,West Hyderabad,Retail Store,Cash on Delivery,Delivered
ORD100480,CUST10103,2025-03-29,P010,LG UltraGear 27,Monitor,4,27426.92,0.15,Gachibowli,Hyderabad,Telangana,West Hyderabad,Online,Credit Card,Delivered
ORD102870,CUST10384,2025-06-05,P016,Green Soul Monster Chair,Furniture,1,13152.78,0.05,LB Nagar,Hyderabad,Telangana,East Hyderabad,Retail Store,UPI,Delivered
ORD100648,CUST10134,2025-10-25,P009,Dell 24 Monitor,Monitor,1,15536.47,0.05,Gachibowli,Hyderabad,Telangana,West Hyderabad,Online,UPI,Delivered
ORD100885,CUST10124,2025-08-10,P009,Dell 24 Monitor,Monitor,5,14642.81,0.2,Mehdipatnam,Hyderabad,Telangana,South Hyderabad,Online,Debit Card,Delivered
ORD101381,CUST10375,2025-01-16,P013,HP Wireless Mouse,Accessories,1,1716.84,0.05,Attapur,Hyderabad,Telangana,South Hyderabad,Corporate Sales  ,CASH ON DELIVERY,Returned
ORD101655,CUST10284,2025-08-21,P003,Lenovo IdeaPad Slim 5,Laptop,3,54995.25,0.1,Begumpet,Hyderabad,Telangana,Central Hyderabad,Corporate Sales,Net Banking,Delivered
ORD102051,CUST10186,2025-07-18,P009,Dell 24 Monitor,Monitor,2,14447.3,0.05,Kondapur,Hyderabad,Telangana,West Hyderabad,Online,Credit Card,Delivered
ORD101058,CUST10151,02-22-2025,P018,American Tourister Backpack,Bags,5,4136.79,0.05,HITEC City,Hyderabad,Telangana,West Hyderabad,Online,UPI,Cancelled
ORD102283,CUST10335,07-08-2025,P016,Green Soul Monster Chair,Furniture,3,14528.81,0.2,Banjara Hills,Hyderabad,Telangana,Central Hyderabad,Online,Credit Card,Delivered
ORD100347,CUST10489,2025-08-26,P017,IKEA Linnmon Desk,Furniture,3,10191.22,0.1,Jubilee Hills,Hyderabad,Telangana,Central Hyderabad,Corporate Sales,UPI,Delivered
ORD102807,CUST10484,05/10/2025,P005,OnePlus 13R,Smartphone,1,38739.14,0.05,Secunderabad,Hyderabad,Telangana,North Hyderabad,Retail Store,Credit Card,Returned
ORD101645,CUST10010,2025-07-31,P002,HP Pavilion 14,Laptop,5,73215.22,0.15,Uppal,HYDERABAD,Telangana,East Hyderabad,Retail Store,Net Banking,Delivered
ORD101905,CUST10236,2025-04-26,P014,Samsung Galaxy Tab S9,Tablet,1,53684.07,0.1,Kondapur,Hyderabad,Telangana,West Hyderabad,Online,Net Banking,Delivered
ORD101886,CUST10022,2025-12-17,P009,Dell 24 Monitor,Monitor,2,14236.36,,Kompally,Hyderabad,Telangana,North Hyderabad,Online,CREDIT CARD,Cancelled
ORD102424,CUST10425,2025-04-13,P006,iPhone 16,Smartphone,2,77594.08,0.05,Begumpet,Hyderabad,Telangana,Central Hyderabad,Corporate Sales,Net Banking,Delivered
ORD100587,CUST10268,2026-02-15,P006,iPhone 16,Smartphone,1,80565.94,0.05,Kondapur,Hyderabad,Telangana,West Hyderabad,Online,UPI,Delivered
ORD101313,CUST10463,2025-09-02,P017,IKEA Linnmon Desk,Furniture,1,9091.84,0.1,Miyapur,Hyderabad,Telangana,North-West Hyderabad,Online,Credit Card,Delivered
ORD101161,CUST10287,,P004,Samsung Galaxy A55,Smartphone,2,36097.54,0,Gachibowli,Hyderabad,Telangana,West Hyderabad,Corporate Sales,UPI,Delivered
ORD100919,CUST10432,2025-08-21,P016,Green Soul Monster Chair,Furniture,2,13271.61,0.05,Mehdipatnam,Hyderabad,Telangana,South Hyderabad,Online,Cash on Delivery,Delivered
ORD101417,CUST10425,2025-10-18,P002,HP Pavilion 14,Laptop,1,72301.96,0.05,Attapur,Hyderabad,Telangana,South Hyderabad,Corporate Sales,UPI,Shipped
ORD101278,CUST10024,2025-08-14,P018,American Tourister Backpack,Bags,1,4238.51,0,Miyapur,Hyderabad,Telangana,North-West Hyderabad,Corporate Sales,Credit Card,Delivered
ORD100271,CUST10386,2025-04-12,P010,LG UltraGear 27,Monitor,1,27796.13,0.15,Kondapur,hyderabad,Telangana,West Hyderabad,Online,UPI,Delivered
ORD102761,CUST10021,2025-12-23,P015,Apple iPad Air,Tablet,2,68942.85,0.2,Kondapur,Hyderabad,Telangana,West Hyderabad,Online,Debit Card,Cancelled
ORD102769,CUST10024,2025-02-08,P017,IKEA Linnmon Desk,Furniture,2,8951.6,0.1,Ameerpet,Hyderabad,Telangana,Central Hyderabad,Retail Store,UPI,Cancelled
ORD100657,CUST10393,2025-05-17,P005,OnePlus 13R,Smartphone,1,43074.66,0.05,Banjara Hills,Hyderabad,Telangana,Central Hyderabad,Online,UPI,Delivered
ORD101409,CUST10129,12/02/2025,P008,JBL Tune 770NC,AUDIO,3,6988.68,0.1,LB Nagar,Hyderabad,Telangana,East Hyderabad,Retail Store,UPI,Shipped
ORD101792,CUST10401,03-04-2025,P006,iPhone 16,Smartphone,1,81118.5,0.1,Nallagandla,Hyderabad,Telangana,West Hyderabad,Online,,Delivered
ORD102748,CUST10448,2025-01-15,P013,HP Wireless Mouse,Accessories,2,1551.55,0.05,Begumpet,Hyderabad,Telangana,Central Hyderabad,Corporate Sales,Debit Card,Delivered
ORD102587,CUST10409,2025-03-18,P008,JBL Tune 770NC,Audio,1,7939.51,0.15,Kukatpally,Hyderabad,Telangana,North-West Hyderabad,Online,Debit Card,Delivered
ORD101627,CUST10127,2025-01-24,P007,Sony WH-1000XM5,Audio,5,28149.31,0.2,Begumpet,Hyderabad,Telangana,Central Hyderabad,Online,UPI,Delivered
ORD101524,CUST10350,12-26-2025,P011,Logitech K380 Keyboard,Accessories,2,3296.15,0.05,Mehdipatnam,Hyderabad,Telangana,South Hyderabad,Retail Store,Debit Card,Delivered
ORD102411,CUST10008,26/07/2025,P011,Logitech K380 Keyboard,Accessories,2,3314.61,0.05,LB Nagar,Hyderabad,Telangana,East Hyderabad,Corporate Sales,Debit Card,Shipped
ORD102080,CUST10315,2025-05-11,P007,Sony WH-1000XM5,Audio,3,29376.23,0.15,Manikonda,Hyderabad,Telangana,West Hyderabad,Online,Debit Card,Shipped
ORD102055,CUST10455,2025-07-06,P017,IKEA Linnmon Desk,Furniture,4,9072.79,0.1,Attapur,Hyderabad,Telangana,South Hyderabad,Corporate Sales,Credit Card,Cancelled
ORD102749,CUST10182,2025-09-28,P015,Apple iPad Air,Tablet,2,64565.11,0.05,Tarnaka,Hyderabad,Telangana,East Hyderabad,Online,UPI,Delivered
ORD101923,CUST10201,2025-02-18,P009,Dell 24 Monitor,Monitor,4,13908.07,0.15,Uppal,Hyderabad,Telangana,East Hyderabad,Retail Store,UPI,Delivered
ORD101289,CUST10175,2025-12-30,P018,American Tourister Backpack,Bags,2,3975,0.15,Uppal,Hyderabad,Telangana,East Hyderabad,Corporate Sales,UPI,Shipped
ORD101255,CUST10009,2025-07-18,P004,Samsung Galaxy A55,Smartphone,1,34468.3,0.05,Dilsukhnagar,Hyderabad,Telangana,East Hyderabad,Online,Net Banking,Returned
ORD100503,CUST10132,17/11/2025,P004,Samsung Galaxy A55,Smartphone,3,35657.99,0.1,Begumpet,Hyderabad,Telangana,Central Hyderabad,Retail Store,UPI,Delivered  
ORD102813,CUST10114,2025-06-29,P006,iPhone 16,Smartphone,4,81089.01,0.2,Miyapur,Hyderabad,Telangana,North-West Hyderabad,Corporate Sales,Credit Card,Delivered
ORD100516,CUST10041,17/10/2025,P014,Samsung Galaxy Tab S9,Tablet,2,55563.46,0.1,Tarnaka,Hyderabad,Telangana, East Hyderabad ,Online,Credit Card,Cancelled
ORD101445,CUST10289,08-10-2025,P004,Samsung Galaxy A55,Smartphone,1,33538.04,0.05,Uppal,Hyderabad,Telangana,East Hyderabad,Corporate Sales,UPI,Delivered
ORD100401,CUST10029,04-05-2025,P016,Green Soul Monster Chair,Furniture,,13573.86,0.05,Kondapur,Hyderabad,Telangana,West Hyderabad,Corporate Sales,Net Banking,Shipped
ORD102060,CUST10292,2025-07-20,P004,Samsung Galaxy A55,Smartphone,1,34254.01,0.05,Kondapur,Hyderabad,Telangana,East Hyderabad,Online,Debit Card,Returned
ORD102238,CUST10078,2025-10-28,P010,LG UltraGear 27,Monitor,1,25970.92,0.1,Ameerpet,Hyderabad,Telangana,Central Hyderabad,Retail Store,Credit Card,Delivered
ORD100835,CUST10177,2025-11-26,P017,IKEA Linnmon Desk,Furniture,1,9886.16,0.05,Ameerpet,Hyderabad,Telangana,Central Hyderabad,Corporate Sales,Debit Card,Delivered
ORD101164,CUST10038,2025-10-01,P014,Samsung Galaxy Tab S9,Tablet,5,51278.64,0,Kondapur,Hyderabad,Telangana,West Hyderabad,Corporate Sales,Debit Card,Delivered
ORD101468,CUST10347,2025-07-29,P008,JBL Tune 770NC,Audio,5,7036.2,0.1,Attapur,Hyderabad,Telangana,East Hyderabad,Retail Store,Credit Card,Delivered
ORD102039,CUST10326,2025-08-04,P006,iPhone 16,Smartphone,2,75592.13,0.1,Gachibowli,Hyderabad  ,telangana,West Hyderabad,Online,Cash on Delivery,Delivered
ORD100064,CUST10011,2025-05-18,P007,Sony WH-1000XM5,Audio,4,27389.49,0.05,Madhapur,Hyderabad,Telangana,West Hyderabad,Online,Credit Card,Delivered
ORD101812,CUST10175,17/01/2025,P006,iPhone 16,Smartphone,1,82434.53,0.1,Kukatpally,Hyderabad,Telangana,North-West Hyderabad,Online,Net Banking,Delivered
ORD101841,CUST10069,2025-01-13,P002,HP Pavilion 14,Laptop,1,66637.93,0,Attapur,Hyderabad,Telangana,South Hyderabad,Corporate Sales,UPI,Delivered
ORD101732,CUST10238,2025-10-18,P007,Sony WH-1000XM5,Audio,4,31173.53,0.1,Banjara Hills,Hyderabad,Telangana,Central Hyderabad,Online,Debit Card,Delivered
ORD101762,CUST10485,2025-04-17,P011,Logitech K380 Keyboard,Accessories,4,3346.43,0.15,Kondapur,Hyderabad,Telangana,West Hyderabad,Retail Store,Debit Card,Delivered
ORD102496,CUST10006,05/04/2025,P005,OnePlus 13R,Smartphone,2,41813.7,0.1,Tarnaka,Hyderabad,Telangana,East Hyderabad,Online,Credit Card,Shipped
ORD102773,CUST10182,09-10-2025,P011,Logitech K380 Keyboard,Accessories,2,3435.15,0,Begumpet,Hyderabad,Telangana,Central Hyderabad,Retail Store,Debit Card,Delivered
ORD101840,CUST10374,2025-06-09,P013,HP Wireless Mouse,Accessories,2,1544.02,0,Attapur,Hyderabad,Telangana,South Hyderabad,Retail Store,Cash on Delivery,Delivered
ORD101798,CUST10031,2025-02-21,P010,LG UltraGear 27,Monitor,5,27258.29,0.1,Dilsukhnagar,Hyderabad,Telangana,East Hyderabad,Corporate Sales,UPI,Delivered
ORD102788,CUST10438,2025-03-28,P007,Sony WH-1000XM5,Audio,3,31139.39,0.2,Gachibowli,Hyderabad,Telangana,West Hyderabad,Online,Debit Card,Delivered
ORD100382,CUST10177,2025-02-13,P010,LG UltraGear 27,Monitor,4,29143.15,0.15,Madhapur,Hyderabad,Telangana,West Hyderabad,Online,Net Banking,Delivered
ORD100158,CUST10466,2025-01-05,P014,Samsung Galaxy Tab S9,Tablet,3,55531.66,0,Kondapur,Hyderabad,Telangana, West Hyderabad ,Online,Debit Card,Delivered
ORD100216,CUST10324,2025-05-07,P002,HP Pavilion 14,Laptop,1,71107.48,0.15,Kompally,Hyderabad,Telangana,North Hyderabad,Corporate Sales,Net Banking,Cancelled
ORD102607,CUST10036,2025-02-14,P009,Dell 24 Monitor,Monitor,1,13473.36,0.15,HITEC City,Hyderabad,Telangana,West Hyderabad,Online,Credit Card  ,Delivered
ORD100399,CUST10185,03/02/2025,P014,Samsung Galaxy Tab S9,Tablet,2,51471.58,0.1,Gachibowli,Hyderabad,Telangana,West Hyderabad,Online,Cash on Delivery,Delivered
ORD101930,CUST10451,2025-07-26,P012,Logitech MX Master 3S,Accessories,1,8366.3,0.1,Manikonda,Hyderabad,Telangana,West Hyderabad,Corporate Sales,UPI,Delivered
ORD100993,CUST10397,01/12/2025,P006,iPhone 16,Smartphone,4,78652.9,0.1,Kukatpally,Hyderabad,Telangana,North-West Hyderabad,Online,Net Banking,Shipped
ORD102059,,2025-07-14,P018,American Tourister Backpack,Bags  ,1,4003.58,0.1,Manikonda,Hyderabad,Telangana,West Hyderabad,Online,Cash on Delivery,Delivered
ORD100012,CUST10226,2025-05-07,P011,Logitech K380 Keyboard,Accessories,4,2966.44,0,Kukatpally,Hyderabad,Telangana,North-West Hyderabad,Online,Credit Card,Delivered
ORD101069,CUST10011,2025-02-02,P004,Samsung Galaxy A55,Smartphone,4,33281.09,0,Mehdipatnam,Hyderabad,Telangana,South Hyderabad,Retail Store  ,Net Banking,Delivered
ORD100470,CUST10268,2025-01-12,P013,HP Wireless Mouse,Accessories,1,1677.87,0.05,Nallagandla,Hyderabad,Telangana,West Hyderabad,Retail Store,Net Banking,Delivered
ORD102403,CUST10257,2025-10-27,P001,Dell Inspiron 15,Laptop,4,63967.63,0.05,Madhapur,Hyderabad,Telangana,West Hyderabad,Retail Store,Debit Card,Delivered
ORD101624,CUST10392,2025-11-21,P014,Samsung Galaxy Tab S9,Tablet,3,48317.95,0.2,Ameerpet,Hyderabad, Telangana ,Central Hyderabad,Online,UPI,Delivered
ORD100669,CUST10072,10-16-2025,P017,IKEA Linnmon Desk,Furniture,1,9141.98,0.2,LB Nagar,Hyderabad,Telangana,East Hyderabad,Retail Store,Debit Card,Delivered
ORD102886,CUST10422,2025-07-24,P008,JBL Tune 770NC,Audio,1,7704.28,0,Uppal,Hyderabad,Telangana,East Hyderabad,Online,UPI,Delivered
ORD100355,CUST10367,2025-09-19,P017,IKEA Linnmon Desk,Furniture,1,9093.81,0.05,Kukatpally,Hyderabad,Telangana,North-West Hyderabad,Online,Cash on Delivery,Delivered
ORD101925,CUST10229,2025-08-09,P015,Apple iPad Air,Tablet,2,68128.76,0.1,Secunderabad,Hyderabad,Telangana,North Hyderabad,Online,Credit Card,Delivered
ORD101950,CUST10380,06-27-2025,P008,JBL Tune 770NC,Audio,2,7880.53,0,LB Nagar,Hyderabad,Telangana,East Hyderabad,ONLINE,,Cancelled
ORD101834,CUST10498,2025-04-18,P015,Apple iPad Air,Tablet,,63987.6,0.1,Manikonda,Hyderabad,Telangana,West Hyderabad,Online,UPI,Cancelled
ORD101064,CUST10031,2025-01-18,P009,Dell 24 Monitor,Monitor,2,14409.07,0.1,Ameerpet,Hyderabad,Telangana,Central Hyderabad,Online,Debit Card,Delivered
ORD100786,CUST10174,06-22-2025,P009,Dell 24 Monitor,Monitor,5,13914.52,0.1,Miyapur,Hyderabad,Telangana,North-West Hyderabad,Online,Debit Card,Delivered
ORD102642,CUST10009,16/05/2025,P010,LG UltraGear 27,Monitor,1,26490.76,0.05,Begumpet,Hyderabad,Telangana,Central Hyderabad,Retail Store,Net Banking,Shipped
ORD102981,CUST10308,2025-08-11,P016,Green Soul Monster Chair,Furniture,2,12518.88,0.05,HITEC City,Hyderabad,Telangana,West Hyderabad,Online,credit card,Delivered
ORD102572,CUST10271,2025-10-12,P014,Samsung Galaxy Tab S9,Tablet,2,52113.91,0,Tarnaka,Hyderabad,Telangana,East Hyderabad,Retail Store,Credit Card,Delivered
ORD101663,CUST10033,2025-12-16,P011,Logitech K380 Keyboard,Accessories,1,3368.96,0,Nallagandla,Hyderabad,Telangana,West Hyderabad,Retail Store,Cash on Delivery,Returned
ORD100701,CUST10199,2025-08-26,P010,LG UltraGear 27,Monitor,3,27275.16,0.1,LB Nagar,Hyderabad,Telangana,East Hyderabad,Corporate Sales,Credit Card,Delivered
ORD101368,CUST10353,2025-02-13,P015,Apple iPad Air,Tablet,4,69218.17,0.2,Ameerpet,Hyderabad,Telangana,Central Hyderabad,Online,Net Banking,Delivered
ORD100432,CUST10006,2025-03-14,P002,HP Pavilion 14,Laptop,1,63642.28,0,Nallagandla,Hyderabad,Telangana,West Hyderabad,Online,UPI,Delivered
ORD102335,CUST10485,07/08/2025,P017,IKEA Linnmon Desk,Furniture,5,9376.18,0.2,Mehdipatnam,Hyderabad,Telangana,South Hyderabad,Corporate Sales,Credit Card,Returned
ORD100234,CUST10369,2025-02-18,P012,Logitech MX Master 3S,Accessories,1,8608.68,0,Uppal,Hyderabad,Telangana,East Hyderabad,Online,Debit Card,Delivered
ORD102154,CUST10205,2025-05-17,P008,JBL Tune 770NC,Audio,1,7953.32,0.15,Begumpet,Hyderabad,Telangana,Central Hyderabad,Online,Credit Card,Delivered
ORD102399,CUST10205,2025-01-20,P007,Sony WH-1000XM5,Audio,1,29795.9,0.05,Secunderabad  , Hyderabad ,Telangana,North Hyderabad,Online,Debit Card,Delivered
ORD101727,CUST10027,2025-01-29,P009,Dell 24 Monitor,Monitor,3,13924.02,0.2,Kondapur,Hyderabad,Telangana,West Hyderabad,Retail Store,Cash on Delivery,Delivered
ORD101668,CUST10471,03/07/2025,P013,HP Wireless Mouse,Accessories,3,1521.87,0,Mehdipatnam,Hyderabad,Telangana,South Hyderabad,Online,UPI,Delivered
ORD101397,CUST10405,2025-09-16,P009,Dell 24 Monitor,Monitor,2,14158.93,0.1, Ameerpet ,Hyderabad,Telangana,Central Hyderabad,Online,UPI,Delivered
ORD102665,CUST10080,2025-07-25,P009,Dell 24 Monitor,Monitor,4,15497.06,0.15,LB Nagar,Hyderabad,Telangana,East Hyderabad,Online, Cash on Delivery ,Delivered
ORD102822,CUST10250,2025-07-19,P005,OnePlus 13R,Smartphone,1,44853.36,0.05,Secunderabad,Hyderabad,Telangana,North Hyderabad,Online,Net Banking,Delivered
ORD100825,CUST10248,2025-06-08,P013,HP Wireless Mouse,Accessories,2,1681.71,0.1,Nallagandla,Hyderabad,Telangana,West Hyderabad,Online,Credit Card,Delivered
ORD101367,CUST10009,05-04-2025,P003,Lenovo IdeaPad Slim 5,Laptop,1,62909.96,0.1,Mehdipatnam,Hyderabad,Telangana,South Hyderabad,Corporate Sales,Net Banking,Delivered
ORD102083,CUST10093,2025-09-10,P016,Green Soul Monster Chair,Furniture,2,14061.73,0.15,Kompally,Hyderabad,Telangana,North Hyderabad,Online,Credit Card,Shipped
ORD100771,CUST10004,2025-07-29,P014,Samsung Galaxy Tab S9,Tablet,2,52442.41,0.1,Attapur,Hyderabad,Telangana,South Hyderabad,Online,Credit Card,Delivered
ORD101777,CUST10395,2025-12-04,P002,HP Pavilion 14,Laptop,2,65480.17,-0.1,Kondapur,Hyderabad,Telangana,West Hyderabad,Online,Credit Card,Delivered
ORD100856,CUST10058,07/04/2025,P006,iPhone 16,Smartphone,3,84150.1,0.05,Attapur,Hyderabad,Telangana,South Hyderabad,Online,UPI,Delivered
ORD102816,CUST10176,2025-01-13,P014,Samsung Galaxy Tab S9,Tablet,5,49421.16,0.1,LB Nagar,HYDERABAD,Telangana  ,East Hyderabad,Online,Debit Card,Delivered
ORD100077,CUST10414,2025-09-07,P003,lenovo ideapad slim 5,Laptop,2,59783.58,0.15,LB Nagar,Hyderabad,Telangana,East Hyderabad,Online,Cash on Delivery,Cancelled
ORD100845,CUST10278,01/04/2025,P002,HP Pavilion 14,Laptop,1,69975.71,0.05,Secunderabad,Hyderabad,Telangana,North Hyderabad,Retail Store,UPI,Delivered
ORD102204,CUST10212,2025-12-26,P004,Samsung Galaxy A55,Smartphone,1,35781.48,0.1,Miyapur,Hyderabad,Telangana,North-West Hyderabad,Retail Store,Credit Card,Delivered
ORD102966,CUST10027,2025-09-11,P012,Logitech MX Master 3S,Accessories,1,8760.51,0.2,Attapur,Hyderabad,Telangana,South Hyderabad,Corporate Sales,Credit Card,Delivered
ORD102647,CUST10333,2025-12-12,P007,Sony WH-1000XM5,Audio,1,-2500,0.15,Kompally,Hyderabad,Telangana,North Hyderabad,Retail Store,Net Banking,Delivered
ORD101672,CUST10025,2025-08-11,P007,Sony WH-1000XM5,Audio,1,29928.26,0.1,Kondapur,Hyderabad,Telangana,West Hyderabad,Corporate Sales,Cash on Delivery,Delivered
ORD100844,CUST10068,2025-10-10,P017,IKEA Linnmon Desk,Furniture,2,9318.26,0,Nallagandla,Hyderabad,Telangana,West Hyderabad,Online,Debit Card,Cancelled
ORD102027,CUST10463,06-23-2025,P004,Samsung Galaxy A55,Smartphone,3,37514.13,0.05,,Hyderabad,TELANGANA,North Hyderabad,Online,UPI,Delivered
ORD102946,CUST10234,31/10/2025,P018,American Tourister Backpack, Bags ,1,4409.43,0.1,Banjara Hills,Hyderabad,Telangana,Central Hyderabad,Retail Store,Credit Card,Delivered
ORD100376,CUST10196,06-30-2025,P018,American Tourister Backpack,Bags,4,4317.43,0.1,Miyapur,Hyderabad,Telangana,North-West Hyderabad,Retail Store,UPI  ,Delivered
ORD100320,CUST10138,20/06/2025,P014,Samsung Galaxy Tab S9,Tablet,4,54672.85,0.1,Gachibowli,Hyderabad,Telangana,West Hyderabad,Online,UPI,Delivered
ORD102947,CUST10331,2025-05-18,P001,Dell Inspiron 15,Laptop,3,60081.92,0.1,Gachibowli,Hyderabad,Telangana,West Hyderabad,Online,UPI,Delivered
ORD102773,CUST10182,2025-09-10,P011,Logitech K380 Keyboard,Accessories,2,3435.15,0,,Hyderabad  ,Telangana,Central Hyderabad,Retail Store,Debit Card,Delivered
ORD100894,CUST10482,2025-08-31,P007,Sony WH-1000XM5,Audio,2,27819.96,0.05,Kompally,Hyderabad,Telangana,North Hyderabad,Retail Store,Net Banking,Shipped
ORD100213,CUST10480,2025-04-07,P018,American Tourister Backpack,Bags,2,4061.13,0.1,Dilsukhnagar,Hyderabad,Telangana,East Hyderabad,Online,Debit Card,Cancelled
ORD102058,CUST10424,2025-03-27,P012,Logitech MX Master 3S,Accessories,3,8302.58,0.2,KONDAPUR,Hyderabad,Telangana,West Hyderabad,Online,Net Banking,Shipped
ORD100785,CUST10196,2025-07-28,P010,LG UltraGear 27,Monitor,1,26537.22,0.2,Gachibowli,Hyderabad,Telangana,West Hyderabad,Retail Store,UPI,Shipped
ORD100276,CUST10464,2025-06-01,P010,LG UltraGear 27,Monitor,1,27446.98,0.15,Kukatpally,hyderabad,Telangana,North-West Hyderabad,Online,UPI,Delivered
ORD100684,CUST10182,2025-09-27,P012,Logitech MX Master 3S,Accessories,2,8639.17,0.15,Begumpet,Hyderabad,Telangana,Central Hyderabad,Online,UPI,Shipped
ORD101676,CUST10436,2025-07-03,P012,Logitech MX Master 3S,Accessories,1,8881.36,0.2,Ameerpet,Hyderabad,Telangana,Central Hyderabad,Retail Store,Net Banking,Returned
ORD100107,CUST10184,12-21-2025,P011,Logitech K380 Keyboard,Accessories,1,3431.12,0,Ameerpet,Hyderabad,Telangana,Central Hyderabad,Corporate Sales,UPI,Cancelled
ORD101808,CUST10125,2025-03-04,P010,LG UltraGear 27,Monitor,3,27168.53,0.15,Kondapur,Hyderabad,Telangana,West Hyderabad,Online,Credit Card,Shipped
ORD102766,CUST10239,2025-04-30,P017,IKEA Linnmon Desk,Furniture,5,10116.73,0.1,Manikonda,Hyderabad,Telangana,West Hyderabad,Online,UPI,Delivered
ORD100855,CUST10440,2025-02-01,P009,Dell 24 Monitor,Monitor,2,15101.61,0.1,Kukatpally,Hyderabad,Telangana,North-West Hyderabad,Online,UPI,Delivered
  ORD101955 ,CUST10376,2025-10-21,P008,JBL Tune 770NC,Audio,3,7225.69,0.05,LB Nagar,Hyderabad,Telangana,East Hyderabad,Corporate Sales,UPI,Delivered
ORD100363,CUST10225,2025-09-20,P003,Lenovo IdeaPad Slim 5  ,Laptop,3,59188.36,0.15,Gachibowli,Hyderabad,Telangana,West Hyderabad,Online,UPI,Delivered
ORD102985,CUST10119,2025-08-06,P010,LG UltraGear 27,Monitor,2,28679.75,0.15,HITEC City,Hyderabad,Telangana,West Hyderabad,Online,Cash on Delivery,Delivered
ORD101802,CUST10389,2025-03-01,P015,Apple iPad Air,Tablet,1,63160.36,0,Nallagandla,Hyderabad,Telangana,West Hyderabad,Retail Store,UPI,Delivered
ORD101253,CUST10402,2025-12-15,P008,JBL TUNE 770NC,Audio,1,7747.15,0.1,Attapur,Hyderabad,Telangana,South Hyderabad,Online,UPI,Delivered
ORD100248,CUST10005,2025-06-02,P007,Sony WH-1000XM5,Audio,2,30458.03,0.05,Uppal,Hyderabad,Telangana,East Hyderabad,Online,UPI,Delivered
ORD101369,CUST10273,2025-10-12,P014,Samsung Galaxy Tab S9,Tablet,2,55312.15,0,Kondapur,Hyderabad,Telangana,West Hyderabad,Online,UPI,Shipped
ORD101370,CUST10476,2025-12-17,P016,Green Soul Monster Chair,Furniture,5,13212.16,0.15,Kondapur,Hyderabad,Telangana,West Hyderabad,Online,Credit Card,Delivered
ORD101477,CUST10455,2025-02-28,P003,Lenovo IdeaPad Slim 5,Laptop,2,55021.45,0.05,HITEC City,Hyderabad,Telangana,West Hyderabad,Corporate Sales,Cash on Delivery,Delivered
ORD102837,CUST10151,2025-09-26,P006,iPhone 16,Smartphone,1,,0,Ameerpet  ,Hyderabad,Telangana,Central Hyderabad,Online,UPI,Delivered
ORD100640,CUST10128,2025-12-02,P005,OnePlus 13R,Smartphone,1,43180.63,0.15,HITEC City,Hyderabad,Telangana,West Hyderabad,Online,Net Banking, Delivered 
ORD102924,CUST10130,2025-12-17,P005,OnePlus 13R,Smartphone,2,45317.33,0.2,Banjara Hills,Hyderabad  ,Telangana,Central Hyderabad,Corporate Sales,Cash on Delivery,Shipped
ORD100475,CUST10476,2025-08-18,P008,JBL Tune 770NC,Audio,2,7373.24,0.15,Tarnaka,Hyderabad,Telangana,East Hyderabad,Online,UPI,Delivered
ORD102111,CUST10011,03/10/2025,P015,Apple iPad Air,Tablet,1,67889.1,0.1,LB Nagar,Hyderabad,Telangana,East Hyderabad,Online,Cash on Delivery,Delivered
ORD100093,CUST10301,09/10/2025,P009,Dell 24 Monitor,Monitor,1,15520.38,0.1,Manikonda,Hyderabad,Telangana,West Hyderabad,Online,UPI,Shipped
ORD102901,CUST10354,06/11/2025,P011,Logitech K380 Keyboard,Accessories,2,3246.44,0.05,Attapur,Hyderabad,Telangana,South Hyderabad,Online,Credit Card,Delivered
ORD100536,CUST10039,2025-02-18,P002,HP Pavilion 14, Laptop ,2,63257.44,0.15,MIYAPUR,Hyderabad,Telangana,North-West Hyderabad,Online,Net Banking,Delivered
ORD102753,CUST10412,2025-04-16,P001,Dell Inspiron 15,Laptop,5,60680.37,0.2,Begumpet,Hyderabad,Telangana,Central Hyderabad,Online,Net Banking,Shipped
ORD100705,CUST10485,2025-07-06,P008,JBL Tune 770NC,Audio,5,7848.32,0,Kompally,Hyderabad,Telangana,North Hyderabad,Corporate Sales,Net Banking,Shipped
ORD100618,CUST10403,2025-11-27,P008,JBL Tune 770NC,Audio,1,8042.2,0.2,Kondapur,Hyderabad,Telangana,West Hyderabad,Retail Store,Credit Card,Delivered
ORD100679,CUST10425,2025-02-17,P015,Apple iPad Air,Tablet,5,63226.24,0.1,Kukatpally,Hyderabad,Telangana,North-West Hyderabad  ,Retail Store,Net Banking,Delivered
ORD100602,CUST10435,06-02-2025,P015,Apple iPad Air,Tablet,3,68752,0.05,Tarnaka,Hyderabad,Telangana,East Hyderabad,Corporate Sales,UPI,Delivered
ORD100664,CUST10463,2025-03-29,P016,Green Soul Monster Chair,Furniture,1,12586.76,0.05,Gachibowli,Hyderabad,Telangana,West Hyderabad,Corporate Sales,UPI,Delivered
ORD102941,CUST10377,2025-09-30,P008,JBL Tune 770NC,Audio,3,8056.26,0.05,LB Nagar,Hyderabad,Telangana,East Hyderabad,Online,UPI,Shipped
ORD100810,CUST10292,2025-12-14,P008,JBL Tune 770NC,Audio,4,7836.37,0.05,Banjara Hills,Hyderabad,Telangana,Central Hyderabad,Retail Store,Net Banking,Delivered
ORD102451,CUST10412,09/05/2025,P004,Samsung Galaxy A55,Smartphone,1,34927.3,0.15,Begumpet,Hyderabad,Telangana,CENTRAL HYDERABAD,Online,Net Banking,Delivered
ORD100238,CUST10177,2025-04-06,P010,LG UltraGear 27,Monitor,1,27057.69,0.1,HITEC City,Hyderabad,Telangana,West Hyderabad,Retail Store,Debit Card,Delivered
ORD101902,CUST10477,2025-03-17,P014,Samsung Galaxy Tab S9,Tablet,3,53140.5,0,Gachibowli,Hyderabad,Telangana,West Hyderabad,Retail Store,Net Banking,Returned
ORD101087,CUST10162,2025-07-15,P014,Samsung Galaxy Tab S9,Tablet,2,51958.52,0.1,Uppal, Hyderabad ,Telangana,East Hyderabad,Retail Store,UPI,Delivered
ORD101105,CUST10163,17/05/2025,P001,Dell Inspiron 15,Laptop,1,62824.67,0.05,Jubilee Hills,Hyderabad,Telangana,Central Hyderabad,Online,Credit Card,Delivered
ORD100318,CUST10385,02-20-2025,P018,American Tourister Backpack,Bags,5,4392.18,0.1,Kompally,hyderabad,Telangana,North Hyderabad,Online,Debit Card,Delivered
ORD102620,CUST10445,2025-07-28,P012,Logitech MX Master 3S,Accessories,5,8070.37,0.1,Begumpet,Hyderabad,Telangana,Central Hyderabad,Online,Net Banking,Delivered
ORD101641,CUST10048,2025-10-07,P001,Dell Inspiron 15,Laptop,2,63117.36,0.05,Manikonda,Hyderabad,Telangana,West Hyderabad,Corporate Sales,Credit Card,Delivered
ORD102218,CUST10295,03-31-2025,P001,Dell Inspiron 15,Laptop,1,57525.92,0.1,Tarnaka,Hyderabad,Telangana,East Hyderabad,Retail Store,Debit Card,Shipped
ORD101301,CUST10376,07/04/2025,P005,OnePlus 13R,Smartphone,2,40349.23,0.1,Kukatpally,Hyderabad,Telangana,North-West Hyderabad,Online,Cash on Delivery  ,Delivered
ORD100923,CUST10171,2025-08-26,P005,OnePlus 13R,Smartphone,2,43319.85,0.15,Mehdipatnam,Hyderabad,Telangana,South Hyderabad,Corporate Sales,UPI,Delivered
ORD100576,CUST10484,2025-05-23,P006,iPhone 16,Smartphone,2,73358.09,0.1,Tarnaka,Hyderabad,Telangana,East Hyderabad,Online,Net Banking,Cancelled
ORD102598,CUST10121,2025-08-28,P016,Green Soul Monster Chair,Furniture,,13861.44,0.1,Madhapur,Hyderabad,Telangana,West Hyderabad,Online,Credit Card,Delivered
ORD100956,CUST10105,2025-03-25,P003,Lenovo IdeaPad Slim 5,Laptop,2,62102.78,0.05,Tarnaka,Hyderabad,Telangana,East Hyderabad,Retail Store,Cash on Delivery,Delivered
ORD102421,CUST10144,2025-07-08,P011,Logitech K380 Keyboard,Accessories,4,3038.73,0.1,Jubilee Hills,Hyderabad,Telangana,Central Hyderabad,Online,Credit Card,Shipped
ORD102141,CUST10416,2025-11-12,P010,American Tourister Backpack,Bags,3,4057.03,0.1,Ameerpet,Hyderabad,Telangana,Central Hyderabad,Corporate Sales,Credit Card,Shipped
ORD101441,CUST10307,10/11/2025,P007,Sony WH-1000XM5,Audio,2,28472.09,0.1,Banjara Hills,Hyderabad,Telangana,Central Hyderabad, Retail Store ,Credit Card,Delivered
ORD101842,CUST10421,2025-02-08,P017,IKEA Linnmon Desk,Furniture,1,10141.92,0.05,Secunderabad,Hyderabad,Telangana,North Hyderabad,Online,UPI,Delivered
ORD101821,CUST10059,15/02/2026,P002,HP Pavilion 14,Laptop,1,72646.75,0.05,Dilsukhnagar,Hyderabad,Telangana,East Hyderabad,Online,Cash on Delivery,Cancelled
ORD102685,CUST10358,2025-01-08,P007,Sony WH-1000XM5,Audio,3,28168.23,0.05,Secunderabad,Hyderabad,Telangana,North Hyderabad,Corporate Sales,Debit Card,Delivered
ORD100962,CUST10432,2025-08-15,P002,HP Pavilion 14,Laptop,1,66011.15,0.05,Ameerpet,Hyderabad,Telangana,Central Hyderabad,Online,UPI,Delivered
ORD102347,CUST10085,2025-09-14,P016,Green Soul Monster Chair,Furniture,2,14086.8,0,Gachibowli,Hyderabad,Telangana,West Hyderabad,Online,UPI,Delivered
ORD100913,CUST10287,2025-01-17,P012,Logitech MX Master 3S,Accessories,1,8897.23,0.05,Jubilee Hills,Hyderabad,TELANGANA,Central Hyderabad,Corporate Sales,Debit Card,Returned
ORD100888,CUST10261,2025-08-11,P013,HP Wireless Mouse,Accessories,5,1656.97,0,LB Nagar,Hyderabad,Telangana,East Hyderabad,Online,NET BANKING,Delivered
ORD101582,CUST10077,2025-07-08,P017,IKEA Linnmon Desk,Furniture,2,8960.18,0.15,HITEC City,Hyderabad,Telangana, West Hyderabad ,Online,UPI,Delivered
ORD102541,CUST10350,11-24-2025,P015,Apple iPad Air,Tablet,1,-500,0.15,Miyapur,Hyderabad,Telangana,North-West Hyderabad,Online,UPI,Delivered
ORD100958,CUST10350,25/08/2025,P016,Green Soul Monster Chair,Furniture,5,14088.82,0.15,Ameerpet,Hyderabad,Telangana,Central Hyderabad,Retail Store,Credit Card,Delivered
ORD100827,CUST10039,2025-08-11,P016,green soul monster chair,Furniture,5,13887.34,0.1,Kompally,Hyderabad, Telangana ,North Hyderabad,Corporate Sales,UPI,Delivered
ORD101784,CUST10398,2025-10-26,P017,IKEA Linnmon Desk,Furniture,1,8797.1,0.1,Nallagandla,Hyderabad,Telangana,West Hyderabad,Online,Debit Card,Delivered
ORD100004,CUST10234,2025-10-21,P017,IKEA Linnmon Desk,Furniture,5,10129.67,0.2,Madhapur,HYDERABAD,Telangana,West Hyderabad,Online,Credit Card,Delivered
ORD101978,CUST10232,10-07-2025,P008,JBL Tune 770NC,Audio,4,7091.56,0.05,Manikonda,Hyderabad,Telangana,West Hyderabad,Online,UPI,Delivered
ORD101698,CUST10480,2025-11-01,P006,iPhone 16,Smartphone,2,72265.81,0.05,Tarnaka,Hyderabad,Telangana,East Hyderabad,Corporate Sales,Debit Card,Cancelled
ORD100762,CUST10259,2025-10-16,P010,HP Pavilion 14,Laptop,4,66817.14,0.05,Miyapur,Hyderabad,Telangana,North-West Hyderabad,Online,UPI,Delivered
ORD102648,CUST10028,07/01/2025,P003,Lenovo IdeaPad Slim 5,Laptop,1,58263.48,0.15,Dilsukhnagar,Hyderabad,Telangana,East Hyderabad,Online,Net Banking,Shipped
ORD100564,CUST10429,19/05/2025,P010,LG UltraGear 27,Monitor,1,26899.78,0.1,Kondapur,Hyderabad,Telangana,West Hyderabad,Online,Cash on Delivery,Delivered
ORD100488,CUST10203,04/11/2025,P012,Logitech MX Master 3S,Accessories,2,9138.18,0.15,Begumpet,Hyderabad,Telangana,Central Hyderabad,Online,UPI,Delivered
ORD100544,CUST10031,2025-12-30,P002,HP Pavilion 14,Laptop,2,71765.01,0.05,LB Nagar,Hyderabad,Telangana,East Hyderabad,Retail Store,Net Banking,Delivered
ORD101854,CUST10162,2025-05-25,P012,Logitech MX Master 3S,Accessories,2,8305.86,0.05,Begumpet,Hyderabad,Telangana,Central Hyderabad,Online,UPI,Delivered
ORD101801,CUST10499,2025-01-17,P017,IKEA Linnmon Desk,Furniture,1,9099.91,0.2,Gachibowli,Hyderabad,Telangana,West Hyderabad,Online,Credit Card,Delivered
ORD100622,CUST10387,02-28-2025,P007,Sony WH-1000XM5,Audio,2,29709.69,0.1,Mehdipatnam,Hyderabad,Telangana,South Hyderabad,Retail Store,UPI,Delivered
ORD100960,CUST10147,2025-05-11,P003,Lenovo IdeaPad Slim 5,Laptop,2,62846.81,0.05,Ameerpet,Hyderabad,Telangana,Central Hyderabad,Online  ,Cash on Delivery,Shipped
ORD102852,CUST10401,2025-01-23,P015,Apple iPad Air,Tablet,1,62978.91,0.2,Gachibowli,Hyderabad,Telangana,West Hyderabad,online,Debit Card,Delivered
ORD102267,CUST10349,2025-11-07,P006,iPhone 16,Smartphone,3,76858.45,0.1,Kukatpally,Hyderabad,Telangana,North-West Hyderabad,Online,Credit Card,Delivered
ORD102812,CUST10066,08-13-2025,P016,Green Soul Monster Chair,Furniture,2,12523.53,0,Miyapur,Hyderabad,Telangana,North-West Hyderabad,Online,Credit Card,Shipped
ORD102185,CUST10092,2025-05-11,P017,IKEA Linnmon Desk,Furniture,3,9281.57,0.05,Tarnaka,Hyderabad,Telangana,East Hyderabad,Online,Credit Card,Delivered
ORD102199,CUST10086,2025-03-23,P012,Logitech MX Master 3S,Accessories,1,8386.38,0.15,Uppal,Hyderabad,Telangana,East Hyderabad,Online,UPI,Cancelled
ORD100069,CUST10201,2025-01-23,P011,Logitech K380 Keyboard,Accessories,,2979.86,0.2,Kondapur,Hyderabad,Telangana,West Hyderabad,Corporate Sales,Credit Card,Delivered
ORD100282,CUST10418,2025-12-11,P007,Sony WH-1000XM5,Audio,0,28951.02,1.5,Begumpet,Hyderabad,Telangana,Central Hyderabad,Retail Store,Credit Card,Delivered
ORD102545,CUST10262,2025-08-27,P011,Logitech K380 Keyboard,Accessories,3,3453.22,0.1,Kondapur,Hyderabad,Telangana,West Hyderabad,Online,Net Banking,Shipped
ORD100890,CUST10128,2025-06-30,P006,iPhone 16,Smartphone,5,82953.86,0.2,Secunderabad,Hyderabad,Telangana,North Hyderabad,Corporate Sales,Credit Card,Delivered
ORD100921,CUST10056,2025-06-18,P011,Logitech K380 Keyboard,Accessories,1,3290.32,0.15,Madhapur,Hyderabad,Telangana,West Hyderabad,Online,Credit Card,Delivered
ORD102484,CUST10281,2025-09-22,P014,Samsung Galaxy Tab S9,Tablet,1,49717.09,0.1,Jubilee Hills,Hyderabad,Telangana,Central Hyderabad,Retail Store,Credit Card,Delivered
ORD102613,,2025-04-08,P007,Sony WH-1000XM5,Audio,1,28314.17,0,Tarnaka,Hyderabad,Telangana,East Hyderabad,Online,Credit Card,Delivered
ORD101488,CUST10495,2025-06-21,P001,Dell Inspiron 15,Laptop,3,66243.98,0.2,Dilsukhnagar,Hyderabad,Telangana,East Hyderabad, Online ,UPI,Shipped
ORD102503,CUST10078,2025-10-02,P013,HP Wireless Mouse,Accessories,4,-500,0.05,Uppal,Hyderabad,TELANGANA,East Hyderabad,Corporate Sales,UPI,Shipped
ORD101365,CUST10153,2025-03-04,P002,HP Pavilion 14,Laptop,2,,0.2,KOMPALLY,Hyderabad,Telangana,North Hyderabad,Corporate Sales,Net Banking,Cancelled
ORD101204,CUST10169,2025-08-22,P007,Sony WH-1000XM5,Audio,1,27424.4,0.05,Ameerpet,Hyderabad,Telangana,Central Hyderabad,Retail Store,Net Banking,Delivered
ORD102026,CUST10131,2025-11-30,P015,Apple iPad Air,Tablet,1,64190.86,0.15,Uppal,Hyderabad,Telangana,East Hyderabad,Retail Store,Net Banking,Delivered
ORD102564,CUST10326,2025-08-04,P009,Dell 24 Monitor,Monitor,5,13469.8,0.15,Nallagandla,Hyderabad,Telangana,West Hyderabad,Online,UPI,Shipped
ORD101225,CUST10034,2025-02-02,P013,HP Wireless Mouse, Accessories ,1,1673,0.05,Kondapur,Hyderabad,Telangana,West Hyderabad,Retail Store,UPI,Delivered
ORD101022,CUST10418,2025-10-22,P015,Apple iPad Air,Tablet,1,67480.78,0.2,Uppal,Hyderabad,Telangana,East Hyderabad,Retail Store,UPI,Delivered
ORD102937,CUST10225,2025-10-22,P018,American Tourister Backpack,Bags,2,4522.77,0.1,Kondapur,Hyderabad,Telangana,West Hyderabad,Online,Credit Card,Shipped
ORD100326,CUST10358,2025-02-24,P018,American Tourister Backpack,Bags,2,3923.67,0.1,Madhapur,Hyderabad,Telangana,West Hyderabad,Online,Credit Card,Cancelled
ORD102113,CUST10362,09-14-2025,P007,Sony WH-1000XM5,Audio,1,27251.08,0.15,Ameerpet,Hyderabad,Telangana,Central Hyderabad,Online,UPI,Delivered
ORD102919,CUST10450,2025-08-06,P001,Dell Inspiron 15,Laptop,2,62063.88,0.1,Miyapur,Hyderabad,Telangana,North-West Hyderabad,Retail Store,UPI,Shipped
ORD101193,CUST10310,2025-06-23,P011,Logitech K380 Keyboard,Accessories,1,3270.09,0,Kondapur,Hyderabad,Telangana,West Hyderabad,Online,UPI,Delivered
ORD102868,CUST10189,2025-03-11,P015,Apple iPad Air,Tablet,1,64941.86,0,HITEC City,Hyderabad,Telangana,West Hyderabad,Online,UPI  ,Delivered
ORD102783,CUST10200,2025-02-05,P016,Green Soul Monster Chair,Furniture,1,14023.98,0.05,Kukatpally,Hyderabad,Telangana,North-West Hyderabad,Online,Debit Card,Shipped
ORD100879,CUST10173,09/03/2025,P017,IKEA Linnmon Desk,Furniture,4,9111.37,0.05,Kondapur,Hyderabad,Telangana,West Hyderabad,Online,UPI,Shipped
ORD101885,CUST10394,2025-02-15,P018,American Tourister Backpack,Bags,4,3886.6,0.05,Banjara Hills,Hyderabad,Telangana,Central Hyderabad,Retail Store,UPI,Delivered
ORD102838,CUST10022,2025-02-04,P010,LG UltraGear 27,Monitor,3,26973,0.05,Secunderabad,Hyderabad,Telangana,North Hyderabad,Online,Net Banking,Delivered
ORD101394,CUST10458,2025-02-23,P017,IKEA Linnmon Desk,Furniture,2,9731.48,0,Secunderabad,Hyderabad,Telangana,North Hyderabad,Corporate Sales,Credit Card,Cancelled
ORD101331,CUST10309,2025-08-04,P010,HP Wireless Mouse,Accessories,2,1602.21,0.05,Uppal,Hyderabad,Telangana,East Hyderabad,Online,Cash on Delivery,Delivered
ORD101358,CUST10121,2025-11-01,P006,iPhone 16,Smartphone,1,82029.74,0.15,Mehdipatnam,Hyderabad,Telangana,South Hyderabad,Retail Store,Credit Card,Cancelled
ORD102413,CUST10280,2025-07-19,P016,Green Soul Monster Chair,Furniture,2,13287.75,0.05,Banjara Hills,Hyderabad,Telangana,Central Hyderabad,Online,UPI,Delivered
ORD101837,CUST10277,2025-07-26,P017,IKEA LINNMON DESK,Furniture,2,9566.5,0.1,Miyapur,Hyderabad,Telangana,North-West Hyderabad,Online,Credit Card,Delivered
ORD102340,CUST10030,27/07/2025,P004,Samsung Galaxy A55,Smartphone,3,33757.03,0.1,Gachibowli, Hyderabad ,Telangana,West Hyderabad,Corporate Sales,credit card,Delivered
ORD100176,CUST10286,01/07/2025,P016,Green Soul Monster Chair,Furniture,1,12448.59,0.05,,Hyderabad,Telangana,East Hyderabad,Online,Net Banking,Delivered
ORD102935,,21/11/2025,P006,iPhone 16,Smartphone,3,82400.91,0.1,Dilsukhnagar,Hyderabad,Telangana,East Hyderabad,Retail Store,Credit Card,Delivered
ORD102956,CUST10467,2025-11-01,P016,Green Soul Monster Chair,Furniture,2,13489.82,0.1,attapur,Hyderabad,Telangana,South Hyderabad,Corporate Sales,Debit Card,Delivered
ORD101685,CUST10453,2025-04-24,P018,American Tourister Backpack,Bags,1,4506.54,0.05,Kondapur,Hyderabad,Telangana,West Hyderabad,Online,Debit Card,Delivered
ORD101117,CUST10293,10-20-2025,P012,Logitech MX Master 3S,Accessories,2,8953.56,0.15,Kukatpally,Hyderabad,Telangana,North-West Hyderabad,Online,UPI,Cancelled
ORD102356,CUST10380,2025-01-19,P008,JBL Tune 770NC,Audio,2,7330.11,0.2,Gachibowli,Hyderabad,Telangana,West Hyderabad,Online,Net Banking,Delivered
ORD101846,CUST10037,2025-07-10,P010,LG UltraGear 27,Monitor,5,28933.81,0.15,Banjara Hills,Hyderabad,Telangana,Central Hyderabad,Online,Net Banking,Delivered
ORD102594,CUST10264,06-03-2025,P010,LG UltraGear 27,Monitor,4,27496.61,0,Uppal,Hyderabad,Telangana,East Hyderabad,Online,Debit Card,Delivered
ORD102904,CUST10383,2025-09-16,P010,LG UltraGear 27,Monitor,1,,0.05,LB Nagar,Hyderabad,Telangana,East Hyderabad,Online,Credit Card,Delivered
ORD101134,CUST10232,2025-06-11,P002,HP Pavilion 14,Laptop,5,70386.08,0.15,Uppal,Hyderabad,Telangana,East Hyderabad,Retail Store,Net Banking,Delivered
ORD101545,CUST10150,2025-07-03,P001,Dell Inspiron 15,Laptop,2,65205.84,0.2,Madhapur,Hyderabad,Telangana,West Hyderabad,Online,UPI,Returned
ORD102978,,2025-08-20,P002,HP Pavilion 14,Laptop,4,71812.43,0.05,Kukatpally,Hyderabad,Telangana,North-West Hyderabad,Corporate Sales,Credit Card,Returned
ORD101686,CUST10180,2025-04-10,P008,JBL Tune 770NC,Audio  ,2,7414.33,1.5,Secunderabad,Hyderabad,Telangana,North Hyderabad,retail store,Credit Card,Delivered
ORD100395,CUST10191,01-04-2025,,Logitech MX Master 3S,Accessories,1,8692.55,0.15,LB Nagar,Hyderabad,Telangana,East Hyderabad,Online,UPI,Delivered
ORD101319,CUST10195,18/01/2025,P003,Lenovo IdeaPad Slim 5,Laptop,5,62670.39,0.1,Mehdipatnam,Hyderabad,Telangana,South Hyderabad,Online,UPI,Delivered
ORD101807,,2025-04-29,P001,Dell Inspiron 15,Laptop,2,64700.1,0.2,Jubilee Hills,Hyderabad,Telangana,Central Hyderabad,Online,Debit Card  ,Delivered
ORD100871,CUST10413,11/07/2025,P003,Lenovo IdeaPad Slim 5,Laptop,4,57691.6,0.1,Manikonda,Hyderabad,Telangana,West Hyderabad,Retail Store,Debit Card,Delivered
ORD101252,CUST10110,2025-09-01,P017,IKEA Linnmon Desk, Furniture ,5,9311.7,0.05,Manikonda,Hyderabad,Telangana,West Hyderabad,Retail Store,Credit Card,Shipped
ORD102560,CUST10202,2025-06-06,P004,Samsung Galaxy A55,Smartphone,3,34209.19,0,Kukatpally,Hyderabad,Telangana,North-West Hyderabad,Online,Net Banking,Delivered
ORD101940,CUST10121,2025-05-20,P013,HP Wireless Mouse,Accessories,2,1638.59,0.1,LB Nagar,Hyderabad,Telangana,East Hyderabad,Online,UPI,Delivered
ORD101767,CUST10351,06-23-2025,P007,Sony WH-1000XM5,Audio,1,28466.37,0.1,Kompally,Hyderabad,Telangana,North Hyderabad,Retail Store,UPI,Shipped
ORD102863,CUST10442,2025-03-06,P013,HP Wireless Mouse,Accessories,1,1604.08,0,Manikonda,Hyderabad,Telangana,West Hyderabad,Retail Store,UPI,Delivered
ORD102504,CUST10050,2025-05-09,P016,Green Soul Monster Chair,Furniture,2,14049.7,0.05,HITEC City,Hyderabad,Telangana,West Hyderabad,Retail Store,Cash on Delivery,Delivered
ORD100686,CUST10474,05/06/2025,P017,IKEA Linnmon Desk,Furniture,5,9886.11,0.2,Nallagandla,Hyderabad,Telangana,West Hyderabad,Online,Cash on Delivery,Cancelled
ORD100231,CUST10497,05-11-2025,P015,Apple iPad Air,Tablet,2,65757.02,0.05,Miyapur,Hyderabad,Telangana,North-West Hyderabad,Corporate Sales,UPI,Shipped
ORD102349,CUST10173,2025-08-28,P009,Dell 24 Monitor,Monitor,5,14663.09,0.05,Ameerpet,Hyderabad,Telangana,Central Hyderabad,ONLINE,Cash on Delivery,Delivered
ORD101997,CUST10329,2025-11-01,P011,LOGITECH K380 KEYBOARD,Accessories,1,3206.82,0.1,Ameerpet,Hyderabad,Telangana,Central Hyderabad,Online,UPI,Delivered
ORD102782,CUST10129,2025-06-18,P010,LG UltraGear 27,Monitor,5,29443.59,0,nallagandla,Hyderabad,Telangana,West Hyderabad,Corporate Sales,Cash on Delivery,Shipped
ORD102800,CUST10391,2025-10-12,P003,Lenovo IdeaPad Slim 5,Laptop,2,60395.45,0.15,Mehdipatnam,Hyderabad,Telangana,South Hyderabad,Online,Credit Card,Delivered
ORD102964,CUST10222,2025-12-05,P010,LG UltraGear 27,Monitor,4,29129.9,0.15,Miyapur,Hyderabad,Telangana,North-West Hyderabad,Retail Store,Credit Card,Delivered
ORD102715,CUST10440,2025-05-15,P007,Sony WH-1000XM5,Audio,1,26798.35,0.15,Nallagandla,Hyderabad,Telangana,West Hyderabad,Online,Debit Card,Delivered
ORD101748,CUST10188,2025-06-27,P002,HP Pavilion 14,Laptop,3,68603.4,0,Begumpet,Hyderabad,telangana,Central Hyderabad,Retail Store,Cash on Delivery,Delivered
ORD100450,CUST10338,13/05/2025,P004,Samsung Galaxy A55,Smartphone,5,34163.35,0,Kondapur,Hyderabad,Telangana,West Hyderabad,Online,UPI,Delivered
ORD101823,CUST10015,09-04-2025,P017,IKEA Linnmon Desk,Furniture,5,9615.99,0.05,Miyapur,Hyderabad,Telangana,North-West Hyderabad,Retail Store,Net Banking,Delivered
ORD102649,CUST10145,2025-05-14,P009,Dell 24 Monitor,Monitor,1,15479.32,0.1,Attapur,Hyderabad,Telangana,South Hyderabad,Online,Debit Card,Delivered
ORD100185,CUST10350,2025-04-10,P003,Lenovo IdeaPad Slim 5,Laptop,3,55624.12,0.05,Dilsukhnagar,Hyderabad,Telangana,East Hyderabad,Online,UPI,Delivered
ORD100749,CUST10277,2025-12-21,P016,Green Soul Monster Chair,Furniture,2,12751.71,0.1,Kondapur,Hyderabad,Telangana,West Hyderabad,Online,Credit Card,Shipped
ORD101682,CUST10147,2025-06-05,P015,Apple iPad Air,Tablet,1,66993.45,0.05,Mehdipatnam,Hyderabad,Telangana,South Hyderabad,Online,UPI,Delivered
ORD102507,CUST10185,2025-03-09,P013,HP Wireless Mouse,Accessories,3,1490.22,0.1,Secunderabad,Hyderabad,Telangana,West Hyderabad,Online,Credit Card,Delivered
ORD102519,CUST10437,2025-01-05,P010,LG UltraGear 27,Monitor,4,26421.09,0.1,Kukatpally,Hyderabad,Telangana,North-West Hyderabad,Online,UPI,Delivered
ORD102116,CUST10111,2025-08-17,P003,Lenovo IdeaPad Slim 5,Laptop,4,58222.25,0,Miyapur,Hyderabad,Telangana,North-West Hyderabad,Retail Store,Cash on Delivery,Cancelled
ORD100397,CUST10109,2025-02-14,P005,OnePlus 13R,Smartphone,2,39169.24,0,Ameerpet,Hyderabad,telangana,Central Hyderabad,Retail Store,Credit Card,Delivered
ORD101946,CUST10119,2025-12-04,P006,iPhone 16,Smartphone,5,80378.28,0.15,Mehdipatnam,Hyderabad,Telangana,South Hyderabad,Online,UPI,Delivered
ORD102569,CUST10097,2025-11-18,P006,iPhone 16,Smartphone,1,81895.08,0,Jubilee Hills,Hyderabad,Telangana,Central Hyderabad,Online,Debit Card,Delivered
ORD101644,CUST10409,2025-08-05,P017,IKEA Linnmon Desk,Furniture,3,9651.04,0.15,Nallagandla,Hyderabad,Telangana,West Hyderabad,Online,Credit Card,Shipped
ORD102214,CUST10105,2025-11-08,P011,Logitech K380 Keyboard,Accessories,3,3065.39,0.05,Madhapur,Hyderabad,Telangana,West Hyderabad,Online,Net Banking,Delivered
ORD100990,CUST10247,2025-11-13,P009,Dell 24 Monitor,Monitor,3,15481.43,,Dilsukhnagar,Hyderabad,Telangana,East Hyderabad,Retail Store,UPI,Cancelled
ORD102707,CUST10378,2025-02-08,P004,Samsung Galaxy A55,Smartphone,4,34878.17,0.15,Begumpet,Hyderabad,Telangana,Central Hyderabad,Retail Store,Debit Card,Cancelled
ORD102951,CUST10311,05-23-2025,P008,JBL Tune 770NC,Audio,2,7289.58,0.05,Tarnaka,Hyderabad,Telangana,East Hyderabad,Corporate Sales,Net Banking,Delivered
ORD100013,CUST10226,2025-05-08,P007,Sony WH-1000XM5,Audio,1,29233.76,0.05,,Hyderabad,Telangana,East Hyderabad,CORPORATE SALES,Credit Card,Cancelled
ORD102011,CUST10435,10/04/2025,,IKEA Linnmon Desk,Furniture,1,8974.73,0.05,Gachibowli,Hyderabad,Telangana,West Hyderabad,Retail Store,Credit Card,Shipped
ORD102271,CUST10166,2025-09-04,P018,American Tourister Backpack,Bags,2,4350.18,0.2,Ameerpet,Hyderabad,Telangana,Central Hyderabad,Online,UPI,Delivered
ORD100632,CUST10154,14/08/2025,P012,Logitech MX Master 3S,Accessories,1,8343.32,0,Mehdipatnam,Hyderabad,Telangana,West Hyderabad,Online,UPI,Delivered
ORD101822,CUST10449,2025-12-04,P018,American Tourister Backpack,Bags,5,4184.19,0.05,Kompally,Hyderabad,Telangana  ,North Hyderabad,Online,Credit Card,Cancelled
ORD101262,CUST10194,2025-09-20,P018,American Tourister Backpack,Bags,2,4283.06,0.15,Madhapur,Hyderabad,Telangana,West Hyderabad,Retail Store,UPI,Cancelled
ORD102596,CUST10487,2025-07-13,P017,IKEA Linnmon Desk,Furniture,1,10002.53,0,Secunderabad,Hyderabad,Telangana,North Hyderabad,Retail Store,UPI,Delivered
ORD100228,CUST10475,2025-07-08,P018,American Tourister Backpack,Bags,1,4310.52,0.1,Gachibowli,Hyderabad,Telangana,West Hyderabad,Online,UPI,Returned
ORD100744,CUST10412,2025-10-04,P012,Logitech MX Master 3S,Accessories,3,8282.72,0,Begumpet,Hyderabad,Telangana,Central Hyderabad,Online,Debit Card,Delivered
ORD100267,CUST10436,2025-11-06,P004,Samsung Galaxy A55,Smartphone,2,35811.28,0.1,Secunderabad,Hyderabad,Telangana,North Hyderabad,Online,Debit Card,Shipped
ORD102893,CUST10492,2025-11-16,P016,Green Soul Monster Chair,Furniture,2,12797.4,0.1,Tarnaka,Hyderabad,Telangana,East Hyderabad,Retail Store,Credit Card,Delivered
ORD102841,CUST10241,2025-10-28,P008,JBL Tune 770NC,Audio,4,7400.35,0.15,Nallagandla,Hyderabad,Telangana,West Hyderabad,Corporate Sales,UPI,Delivered
ORD101153,CUST10391,2025-08-03,P009,Dell 24 Monitor,Monitor,2,14746.01,0.1,Manikonda,Hyderabad,Telangana,West Hyderabad,Online,cash on delivery, Delivered 
ORD101618,CUST10192,23/10/2025,P005,OnePlus 13R,Smartphone,2,40927.57,0.15,Nallagandla, Hyderabad ,Telangana,West Hyderabad,Retail Store,UPI,Shipped
ORD102020,CUST10245,2025-08-20,P009,Dell 24 Monitor,Monitor,4,15215.85,0.1,Attapur,Hyderabad,Telangana,south hyderabad,Corporate Sales,UPI,Shipped
ORD100691,CUST10100,08-14-2025,P010,LG UltraGear 27,Monitor,2,28061.57,,Kukatpally,Hyderabad,Telangana,North-West Hyderabad,Retail Store,Net Banking,Delivered
ORD101421,CUST10222,2025-03-21,P017,IKEA Linnmon Desk,Furniture,1,9254.73,0.1,Banjara Hills,Hyderabad,Telangana,Central Hyderabad,Retail Store,Credit Card,Delivered
ORD102115,CUST10118,2025-12-26,P017,IKEA Linnmon Desk,Furniture,2,9605.79,0.1,LB Nagar,Hyderabad,Telangana,East Hyderabad,Retail Store,UPI,Returned
ORD100988,CUST10367,2025-08-27,P018,American Tourister Backpack,Bags,4,4206.74,0.15,HITEC City,Hyderabad,Telangana,West Hyderabad,Retail Store,UPI,Delivered
ORD101983,CUST10086,2025-10-10,P011,Logitech K380 Keyboard,Accessories,1,3141.3,0.1,Begumpet,Hyderabad,Telangana,Central Hyderabad,Online,Credit Card,Delivered
ORD100116,CUST10462,2025-08-14,P010,LG UltraGear 27,Monitor,1,28103.66,0.1,Nallagandla,Hyderabad,Telangana,West Hyderabad,Corporate Sales,Cash on Delivery,Delivered
ORD101486,CUST10448,09/07/2025,P013,HP Wireless Mouse,Accessories,3,1504.95,0.05,Attapur,Hyderabad,Telangana,South Hyderabad,Retail Store,Net Banking,Delivered
ORD102605,CUST10080,12-28-2025,P002,HP Pavilion 14,Laptop,1,72185.08,0.15,Mehdipatnam,Hyderabad,Telangana,South Hyderabad,Online,Debit Card,Cancelled
ORD100297,CUST10301,2025-07-27,P016,Green Soul Monster Chair,Furniture,3,13706.69,0.15,Manikonda,Hyderabad,Telangana  ,West Hyderabad,Online,Net Banking,Shipped
ORD100047,CUST10042,2025-04-27,P002,HP Pavilion 14,Laptop,3,70415.41,0.05,Madhapur,Hyderabad,Telangana,West Hyderabad,Online,Cash on Delivery,Delivered
ORD102752,CUST10377,12-27-2025,P001,Dell Inspiron 15,Laptop,4,59317.81,0.1,Kompally,Hyderabad,Telangana,North Hyderabad,Online,UPI,Delivered
ORD101760,CUST10050,2025-04-08,P007,Sony WH-1000XM5,Audio,1,30767.25,0,kukatpally,Hyderabad,Telangana,North-West Hyderabad,Retail Store,Cash on Delivery,Returned
ORD101689,CUST10320,10-15-2025,P013,HP Wireless Mouse,Accessories,2,1586.12,0.1,Attapur,Hyderabad,Telangana,South Hyderabad,Online,UPI,Delivered
ORD100264,CUST10050,2025-04-23,P005,OnePlus 13R,smartphone,5,44753.14,0,HITEC CITY,Hyderabad,Telangana,West Hyderabad,Retail Store,UPI,Delivered
ORD100874,CUST10187,2025-05-31,P002,HP Pavilion 14,LAPTOP,1,66417.81,0.1,Secunderabad,Hyderabad,Telangana,North Hyderabad,Online,Debit Card,Delivered
ORD100454,CUST10339,2025-06-06,P015,Apple iPad Air,Tablet,5,62245.71,0.15,Kukatpally,Hyderabad,Telangana,West Hyderabad,Corporate Sales,Cash on Delivery,Delivered
ORD100434,CUST10412,16/03/2025,P014,Samsung Galaxy Tab S9,Tablet,1,48908.06,0.1,Banjara Hills,Hyderabad,Telangana,Central Hyderabad,Retail Store,UPI,Delivered
ORD100605,CUST10015,2025-04-04,P007,Sony WH-1000XM5,Audio,1,27361.43,0.05,Kompally,Hyderabad,Telangana,North Hyderabad,Corporate Sales,UPI,Delivered
ORD102683,CUST10180,2025-10-06,P010,LG UltraGear 27,Monitor,2,27140.58,0.05,Uppal,Hyderabad,Telangana,East Hyderabad,Retail Store,Credit Card,Delivered
ORD101861,CUST10031,2025-07-11,P011,Logitech K380 Keyboard,Accessories,4,3255.14,0,Miyapur,Hyderabad,Telangana,North-West Hyderabad,Retail Store,Credit Card,Delivered
ORD102727,CUST10301,2025-06-20,P018,American Tourister Backpack,Bags,1,4191.83,0.05,Secunderabad,hyderabad,Telangana,North Hyderabad,Online,Credit Card,Delivered
ORD101928,CUST10423,2025-09-28,P009,Dell 24 Monitor,Monitor,4,15239.42,0.1,Kukatpally,Hyderabad,TELANGANA,North-West Hyderabad,Online,Debit Card,Delivered
ORD100743,CUST10469,2025-01-02,P014,Samsung Galaxy Tab S9,Tablet,2,49673.6,0.05,Attapur,Hyderabad,Telangana,South Hyderabad,Retail Store,UPI,Delivered
ORD100416,CUST10450,2025-12-03,P014,Samsung Galaxy Tab S9,Tablet,5,48389.22,0.05,Dilsukhnagar  ,Hyderabad,Telangana,East Hyderabad,Online,Debit Card,Delivered
ORD100202,CUST10359,2025-02-02,P015,Apple iPad Air,Tablet,3,63340.27,0.05, Uppal ,Hyderabad,Telangana,East Hyderabad,Retail Store,Net Banking,Delivered
ORD102779,CUST10278,2025-03-18,P011,Logitech K380 Keyboard,Accessories,1,3068.63,0.15,Mehdipatnam,Hyderabad,Telangana,South Hyderabad,Retail Store,UPI,Cancelled
ORD101587,CUST10098,2025-12-11,P018,American Tourister Backpack,Bags,2,4456.17,0.15,Tarnaka,Hyderabad,Telangana,East Hyderabad,Retail Store,Debit Card,Delivered
ORD102165,CUST10270,2025-02-12,P008,JBL Tune 770NC,Audio,,7529.61,0,Tarnaka,Hyderabad,Telangana,East Hyderabad,Corporate Sales,UPI,Delivered
ORD100316,CUST10066,2025-02-21,P013,HP WIRELESS MOUSE,Accessories,2,1684.48,0.1,Ameerpet,Hyderabad,Telangana,Central Hyderabad,Retail Store,Net Banking,Delivered
ORD102118,CUST10437,04/01/2025,P014,Samsung Galaxy Tab S9,Tablet,4,50613.78,0.05,Begumpet,Hyderabad,Telangana,Central Hyderabad,Retail Store,UPI,Delivered
ORD102367,CUST10247,2025-10-14,P015,Apple iPad Air,Tablet,2,67746.88,0.1,Madhapur,Hyderabad,Telangana,West Hyderabad,Online,UPI,Delivered
ORD100378,CUST10425,2025-07-09,P016,Green Soul Monster Chair,Furniture,3,13423.59,0.05,Dilsukhnagar,Hyderabad,Telangana,East Hyderabad,Retail Store,Debit Card,Shipped
ORD102068,CUST10169,06/12/2025,P012,Logitech MX Master 3S,Accessories,2,8653.6,0.1,Begumpet,Hyderabad,Telangana, Central Hyderabad ,Online,Cash on Delivery,Delivered
ORD102517,CUST10094,2025-12-09,P011,Logitech K380 Keyboard,Accessories,2,3381.95,0.2,Miyapur,Hyderabad,Telangana,North-West Hyderabad,Retail Store,UPI,Delivered
ORD100209,CUST10462,2025-06-21,P017,IKEA Linnmon Desk,Furniture,2,9544.82,0,Kompally,Hyderabad,Telangana,North Hyderabad,Retail Store,Cash on Delivery,Delivered
ORD100575,,2025-07-05,P002,HP Pavilion 14,Laptop,2,69368.84,0.2,Kukatpally,Hyderabad,Telangana,North-West Hyderabad,Corporate Sales,Debit Card,Delivered
ORD101121,CUST10240,27/04/2025,P009,Dell 24 Monitor,Monitor,2,14686.2,0.15,Jubilee Hills,Hyderabad,Telangana,Central Hyderabad,Corporate Sales,Net Banking,Delivered
ORD102137,CUST10202,10/12/2025,P007,Sony WH-1000XM5,Audio,3,30595.4,0.15,Begumpet,Hyderabad,Telangana,Central Hyderabad,Online,UPI,Delivered
ORD101497,CUST10054,11-12-2025,P010,LG UltraGear 27,Monitor,4,27854.81,0.05,Uppal,Hyderabad,Telangana,East Hyderabad,Online, UPI ,Delivered
ORD102320,CUST10195,2025-04-06,P016,Green Soul Monster Chair,Furniture,4,12423.41,0.15,Ameerpet,Hyderabad,Telangana,Central Hyderabad,corporate sales,Credit Card,Delivered
ORD101352,CUST10433,2025-06-22,P014,Samsung Galaxy Tab S9,Tablet,4,56101.37,0.1,LB Nagar,Hyderabad,Telangana,East Hyderabad,Online,Credit Card,Delivered
ORD102668,CUST10190,2025-11-08,P001,Dell Inspiron 15,Laptop,1,62834.12,0.05,Uppal,Hyderabad,Telangana,East Hyderabad,Online,UPI,Delivered
ORD101526,CUST10483,2025-02-15,P001,Dell Inspiron 15,Laptop,1,57402.19,0.1,Madhapur,Hyderabad,Telangana,West Hyderabad,Online,UPI,Delivered
ORD100182,CUST10411,2025-08-14,P016,Green Soul Monster Chair,Furniture,4,13686.77,0.1,Mehdipatnam,Hyderabad,Telangana,South Hyderabad,Retail Store,Credit Card,Delivered
ORD100768,CUST10266,2025-08-13,P005,OnePlus 13R,Smartphone,1,42093.91,0.15,Gachibowli,Hyderabad,Telangana, West Hyderabad ,Online,Net Banking,Delivered
ORD101122,CUST10463,2025-11-24,P005,OnePlus 13R,Smartphone,1,44508.27,0,Secunderabad,Hyderabad,Telangana,North Hyderabad,Corporate Sales,UPI,Delivered
ORD100508,CUST10306,2025-10-25,P008,JBL Tune 770NC,Audio,1,7953.42,0.1,Banjara Hills,Hyderabad,Telangana,Central Hyderabad,Online,Net Banking,Returned
ORD100022,CUST10364,2025-09-02,P015,Apple iPad Air,Tablet,4,62167.75,0.05,Begumpet,Hyderabad,Telangana,Central Hyderabad,Retail Store,UPI,Cancelled
ORD101628,CUST10336,2025-11-24,P018,Dell Inspiron 15,Laptop,4,63618.24,0.1,Secunderabad,Hyderabad,Telangana,North Hyderabad,Retail Store,Cash on Delivery,Delivered
ORD101119,CUST10129,2025-09-27,P001,Dell Inspiron 15,Laptop,1,65281.9,0.05,Jubilee Hills,Hyderabad,Telangana,Central Hyderabad  ,Online,UPI,Delivered
ORD101755,CUST10322,2025-06-28,P002,hp pavilion 14,Laptop,1,68839.65,0.2,Jubilee Hills,Hyderabad,Telangana,Central Hyderabad,Retail Store,Cash on Delivery,Delivered
ORD102401,CUST10098,2025-10-03,P010,LG UltraGear 27,Monitor,1,29820.75,0.2,Attapur,Hyderabad,Telangana,South Hyderabad,Online,Net Banking,Delivered
ORD100547,CUST10155,2025-09-02,P001,Dell Inspiron 15,Laptop,1,65422.81,0.15,Attapur,Hyderabad,Telangana,South Hyderabad,Online,UPI,Cancelled
ORD101288,CUST10131,2025-09-21,P010,LG UltraGear 27,Monitor,4,28888.13,0.1,Miyapur,Hyderabad,Telangana,North-West Hyderabad,Retail Store,UPI,Delivered
ORD101363,CUST10209,2025-12-09,P001,Dell Inspiron 15,Laptop,1,59187.65,0.05,Kondapur,Hyderabad,Telangana,West Hyderabad,Online,UPI,Delivered
ORD100419,CUST10058,2025-03-23,P010,LG UltraGear 27,Monitor,1,30146.1,0,Dilsukhnagar,Hyderabad,Telangana,East Hyderabad,Corporate Sales,Net Banking,Shipped
ORD100085,CUST10174,2025-12-13,P013,HP Wireless Mouse,Accessories,2,1646.22,0,Kukatpally,Hyderabad,Telangana,North-West Hyderabad,Online,UPI,Shipped
ORD100369,CUST10321,2025-02-12,P013,HP Wireless Mouse,Accessories,4,1698.19,0.15,Mehdipatnam,Hyderabad,Telangana,South Hyderabad,Online,Cash on Delivery,Shipped
ORD101750,CUST10431,2025-10-18,P013,HP Wireless Mouse,Accessories,1,1492.88,,Kondapur,HYDERABAD,Telangana,West Hyderabad,Online,Credit Card,Returned
ORD101293,CUST10352,2025-10-17,P006,iPhone 16,Smartphone,,80538.69,0.15,Dilsukhnagar,Hyderabad,Telangana,East Hyderabad,Retail Store,Credit Card,Delivered
ORD102466,CUST10091,2025-09-15,P010,LG UltraGear 27,Monitor,2,27859.92,0,Kompally,Hyderabad,Telangana,North Hyderabad,Corporate Sales,Credit Card,Delivered
ORD102449,CUST10496,2025-08-11,P011,Logitech K380 Keyboard,Accessories,5,3026.72,0.05,Kompally,Hyderabad,Telangana,North Hyderabad,Retail Store,UPI,Delivered
  ORD100733 ,CUST10168,2025-01-14,P010,LG UltraGear 27,Monitor,1,28717.1,0.1,Jubilee Hills,Hyderabad,Telangana,Central Hyderabad,Retail Store,Debit Card,Delivered
ORD100229,CUST10038,2025-01-07,P003,Lenovo IdeaPad Slim 5,Laptop,4,60852.25,0.05,Nallagandla,Hyderabad,Telangana,West Hyderabad,Retail Store,Debit Card,Shipped
ORD100789,CUST10132,09-18-2025,P012,Logitech MX Master 3S,Accessories,2,8667.7,0.05,Attapur,Hyderabad,Telangana,South Hyderabad,Corporate Sales,UPI,Shipped
ORD102755,CUST10293,2025-01-22,P009,Dell 24 Monitor,Monitor,2,14124.68,0.2,Secunderabad,Hyderabad,Telangana,North Hyderabad,Corporate Sales,Credit Card,Returned
ORD101456,CUST10072,2025-11-22,P012,Logitech MX Master 3S,Accessories,4,8950.63,0.05,LB Nagar,Hyderabad,Telangana,East Hyderabad,Online,Credit Card,Delivered
ORD101239,CUST10050,,P008,JBL Tune 770NC,Audio,5,7321.76,0.1,Banjara Hills,Hyderabad,Telangana,central hyderabad,Retail Store,Cash on Delivery,Delivered
ORD100249,CUST10414,10/12/2025,P002,HP Pavilion 14,Laptop,2,68687.4,0.1,Begumpet,Hyderabad,Telangana,Central Hyderabad,Retail Store,Debit Card,Delivered
ORD100364,CUST10132,2025-01-09,P010,LG UltraGear 27,Monitor,1,28455.72,0.1,Ameerpet,Hyderabad,Telangana,Central Hyderabad,Retail Store,Debit Card,Shipped
ORD102318,CUST10106,2025-02-27,P014,Samsung Galaxy Tab S9,Tablet,4,49630.15,0.1,Madhapur,Hyderabad,Telangana,West Hyderabad,Retail Store,UPI,Delivered
ORD102359,CUST10434,2025-07-29,P003,Lenovo IdeaPad Slim 5,Laptop,2,58599.06,0.1,Dilsukhnagar,Hyderabad,Telangana,East Hyderabad,Online,UPI,Delivered
ORD101625,CUST10061,2025-10-27,P007,Sony WH-1000XM5,Audio,3,28603.99,0.05,Manikonda,Hyderabad,Telangana,West Hyderabad,Online,Debit Card,Delivered
ORD102562,CUST10065,2025-12-23,P001,Dell Inspiron 15,Laptop,3,60898.84,0.05,LB Nagar,Hyderabad,Telangana,East Hyderabad,Retail Store,UPI,Delivered
ORD101043,CUST10182,2025-05-25,P015,Apple iPad Air,Tablet,4,67732.62,0,Mehdipatnam,Hyderabad,Telangana,South Hyderabad,Retail Store,Debit Card,Delivered
ORD102627,CUST10438,2025-11-20,P008,JBL Tune 770NC,Audio,5,7034.09,0.15,LB Nagar,Hyderabad,Telangana,East Hyderabad,Online,Debit Card,Delivered
ORD102548,CUST10297,2025-10-23,P002,HP Pavilion 14,Laptop,1,66632.26,0.15,Kukatpally,Hyderabad,Telangana,North-West Hyderabad,Retail Store,UPI,Delivered
ORD100188,CUST10248,2025-12-21,P008,JBL Tune 770NC,Audio,1,7165.42,0.15,Madhapur,Hyderabad,Telangana,West Hyderabad,Retail Store,Net Banking,Delivered  
ORD101136,CUST10306,2025-08-30,P008,JBL Tune 770NC,Audio,5,6976.81,0.05,Miyapur,Hyderabad,Telangana,North-West Hyderabad,Retail Store,Debit Card,Returned
ORD102035,CUST10129,2025-10-01,P009,Dell 24 Monitor,Monitor,1,14321.78,0.05,Nallagandla,Hyderabad,Telangana,West Hyderabad,Online,Net Banking,Delivered
ORD100478,CUST10414,2025-11-24,P003,Lenovo IdeaPad Slim 5,Laptop,2,63057,0.1,LB Nagar,Hyderabad,Telangana,East Hyderabad,Online,Cash on Delivery,Shipped
ORD102300,CUST10393,2025-12-20,P017,IKEA Linnmon Desk,Furniture,4,9138.24,0.15,Mehdipatnam,Hyderabad,telangana,South Hyderabad,Corporate Sales,Net Banking,Delivered
ORD100334,CUST10094,2025-01-25,P006,iPhone 16,Smartphone,4,83122.4,0.05,Miyapur,Hyderabad,Telangana,North-West Hyderabad,Retail Store,UPI,Shipped
ORD100910,CUST10356,2025-04-15,P009,Dell 24 Monitor,Monitor,1,15554.4,0.05,Gachibowli,Hyderabad,Telangana,West Hyderabad,Online,Debit Card,Delivered
ORD102880,CUST10393,,P010,LG ULTRAGEAR 27,Monitor,2,26335.93,0.15,Dilsukhnagar,Hyderabad  ,Telangana,East Hyderabad,Online,UPI,Delivered
ORD101487,CUST10241,2025-03-08,P005,OnePlus 13R,Smartphone,2,41124.92,0,Ameerpet,Hyderabad,Telangana,Central Hyderabad,Retail Store,Debit Card,Delivered
ORD102114,CUST10170,24/01/2025,P015,Apple iPad Air,Tablet,1,69599.08,0.1,Mehdipatnam,Hyderabad, Telangana ,South Hyderabad,Online,Cash on Delivery,Delivered
ORD100724,CUST10228,2025-12-18,P003,Lenovo IdeaPad Slim 5,Laptop,2,60976.39,0.2,Madhapur,Hyderabad,Telangana,West Hyderabad,Retail Store,UPI,Delivered
ORD102336,CUST10424,2025-07-20,P006,iPhone 16,Smartphone,2,80787.54,0.2,HITEC City,Hyderabad,Telangana,West Hyderabad,Online,UPI,Delivered
ORD101927,CUST10033,2025-08-31,P012,Logitech MX Master 3S,Accessories,3,7899.22,0,Tarnaka,Hyderabad,Telangana,East Hyderabad,Online,UPI,Delivered
ORD101550,CUST10274,2025-11-01,P007,Sony WH-1000XM5,Audio,2,30804.03,0.1,Miyapur,Hyderabad,Telangana,North-West Hyderabad,Online,UPI,Cancelled
ORD102811,,2025-10-16,P011,Logitech K380 Keyboard,Accessories,2,3252.18,0.1,Kukatpally,Hyderabad,Telangana,North-West Hyderabad,Online,UPI,Returned
ORD100139,CUST10348,2025-06-01,P006,iPhone 16,Smartphone,5,73702.79,0.1,Tarnaka,Hyderabad,Telangana,East Hyderabad,Online,UPI,Returned
ORD100075,CUST10338,2025-06-12,P009,Dell 24 Monitor,Monitor,1,14289.8,0.15,Secunderabad,Hyderabad,Telangana,North Hyderabad,Corporate Sales,Net Banking,Delivered
ORD101103,CUST10298,2025-06-10,P007,Sony WH-1000XM5,Audio,1,26711.34,0.05,Nallagandla,Hyderabad,Telangana,West Hyderabad,Online,UPI,Cancelled
ORD100984,CUST10429,2025-02-27,P015,Apple iPad Air,Tablet,5,63493.89,0.15,Begumpet,Hyderabad,Telangana,Central Hyderabad,Corporate Sales,Credit Card,Returned
ORD100534,CUST10312,2025-02-27,P001,Dell Inspiron 15,Laptop,4,60717.86,0.1,Kompally,Hyderabad,Telangana,North Hyderabad,Corporate Sales,Credit Card,Delivered
ORD101082,CUST10114,2025-02-24,P005,OnePlus 13R,Smartphone,1,42806.29,0.1,Attapur,Hyderabad,Telangana,South Hyderabad,Online,UPI,Delivered
ORD102661,CUST10096,26/03/2025,P005,OnePlus 13R,Smartphone,4,39075.82,0.1,Kompally,Hyderabad,Telangana,North Hyderabad,Online,UPI,Delivered
ORD100365,CUST10139,31/01/2025,P009,Dell 24 Monitor,Monitor,5,13916.14,0.05,Miyapur,Hyderabad,Telangana,North-West Hyderabad,Online,Net Banking,Shipped
ORD101312,CUST10043,2025-03-15,P002,HP Pavilion 14,Laptop,1,72009.34,0.15,Begumpet,Hyderabad,telangana,Central Hyderabad,Retail Store,Debit Card,Delivered
ORD100073,CUST10226,2025-04-19,P013,HP Wireless Mouse,Accessories,1,1670.47,0,Begumpet,Hyderabad,Telangana,Central Hyderabad,Online,Debit Card,Delivered
ORD100259,CUST10435,2025-06-06,P006,iPhone 16,Smartphone,1,75007.82,0.05,Madhapur,Hyderabad,Telangana,West Hyderabad,Retail Store,Credit Card,Delivered
ORD101335,CUST10032,16/12/2025,P012,Logitech MX Master 3S,Accessories,1,8765.99,0.1,Kukatpally,Hyderabad,Telangana  ,North-West Hyderabad,Online,Credit Card  ,delivered
ORD100291,CUST10022,2025-01-29,P011,Logitech K380 Keyboard,Accessories,1,3234.24,0.1,BEGUMPET,Hyderabad,Telangana,Central Hyderabad,Retail Store,Credit Card,Delivered
ORD102274,CUST10274,2025-08-16,P015,Apple iPad Air,Tablet,4,62530.21,0.1,,Hyderabad,Telangana,West Hyderabad  ,Online,UPI,Cancelled
ORD101491,CUST10490,2025-11-11,P012,Logitech MX Master 3S,Accessories,2,8803.6,0.1,Kukatpally,Hyderabad,Telangana,West Hyderabad,Online,Cash on Delivery,Delivered
ORD101073,CUST10018,2025-05-14,P015,Apple iPad Air,Tablet,2,70089.27,0.1,kukatpally,Hyderabad,Telangana,North-West Hyderabad,Retail Store,Debit Card,Delivered
ORD101957,CUST10353,24/12/2025,P007,Sony WH-1000XM5,Audio,1,30821.99,0.1,HITEC City,Hyderabad,Telangana,West Hyderabad,Online,UPI,Delivered
ORD102529,CUST10094,2025-04-23,P005,OnePlus 13R,Smartphone,5,39641.81,0.15,Ameerpet,Hyderabad,Telangana,Central Hyderabad,Corporate Sales,Debit Card,Returned
ORD100292,CUST10064,2025-06-24,P016,Green Soul Monster Chair,Furniture,1,13856.78,0.05,LB Nagar,Hyderabad,Telangana,East Hyderabad,Corporate Sales,Debit Card,Delivered
ORD101539,CUST10282,2024-11-20,P015,Apple iPad Air,Tablet,2,66586.08,0.2,,Hyderabad,Telangana,CENTRAL HYDERABAD,Online,Debit Card,Delivered
ORD100975,CUST10210,2025-05-14,P010,LG UltraGear 27,Monitor,1,27674.87,0.1,Ameerpet,Hyderabad,Telangana,Central Hyderabad,Online,Debit Card,Shipped
ORD101984,CUST10424,2025-11-22,P013,HP Wireless Mouse,Accessories,1,-500,0.05, Mehdipatnam ,Hyderabad,Telangana,South Hyderabad,Online,Credit Card,Delivered
ORD101269,CUST10428,2025-11-17,P014,Samsung Galaxy Tab S9,Tablet,1,55646.33,0.1,Dilsukhnagar,Hyderabad,Telangana,East Hyderabad,Retail Store,UPI,Delivered
ORD100296,CUST10277,2025-08-24,P015,Apple iPad Air,TABLET,4,62479.99,0.1,Miyapur,Hyderabad,Telangana,North-West Hyderabad,Online,UPI,Returned
ORD101273,CUST10296,2025-01-11,P006,iPhone 16,Smartphone,3,80388.71,0.1,Banjara Hills,Hyderabad,Telangana,Central Hyderabad,Corporate Sales,Cash on Delivery,Delivered  
ORD101862,CUST10062,2025-07-06,P013,HP Wireless Mouse,Accessories,2,1676.34,0,Mehdipatnam,Hyderabad  ,Telangana,South Hyderabad,Retail Store,Cash on Delivery,Delivered
ORD102409,CUST10120,2025-12-07,P014,Samsung Galaxy Tab S9,Tablet,1,-1000,0.15,Tarnaka,Hyderabad,Telangana,East Hyderabad,Retail Store,Cash on Delivery,Returned
ORD100660,CUST10412,06/10/2025,P011,Logitech K380 Keyboard,Accessories,1,3259.58,0.05,Jubilee Hills,Hyderabad,Telangana,Central Hyderabad,Retail Store,Cash on Delivery,Delivered
ORD101437,CUST10212,2025-08-06,P012,Logitech MX Master 3S,Accessories,1,8844.13,0.05,Banjara Hills,Hyderabad,Telangana,Central Hyderabad,Online,UPI,Delivered
ORD102511,,2025-11-09,P004,Samsung Galaxy A55,Smartphone,1,33650.31,0.1,Gachibowli,Hyderabad,Telangana,West Hyderabad,Online,UPI,SHIPPED
ORD100201,CUST10261,2025-04-23,P008,JBL Tune 770NC,Audio,5,7996.87,0.15,Secunderabad,Hyderabad,telangana,North Hyderabad,Online,Net Banking,Delivered
ORD101786,CUST10097,2025-01-05,P009,Dell 24 Monitor,Monitor,2,13928.25,0,Mehdipatnam,Hyderabad,Telangana,South Hyderabad,Retail Store,UPI,Delivered
ORD102065,CUST10107,2025-02-10,P014,Samsung Galaxy Tab S9,Tablet,4,54098.84,0.15,Attapur,Hyderabad,Telangana,South Hyderabad,Online,UPI,Delivered
ORD101852,CUST10368,2025-07-25,P009,Dell 24 Monitor,Monitor,3,14976.4,0.05,Tarnaka,Hyderabad,Telangana,East Hyderabad,Online,UPI,Delivered
ORD101648,CUST10273,2025-10-14,P012,Logitech MX Master 3S,Accessories,3,8933.71,0,Kondapur,Hyderabad,Telangana,West Hyderabad,Retail Store,UPI,Delivered
ORD101011,CUST10060,2025-03-06,P009,Dell 24 Monitor,Monitor,1,14992.89,0.15,LB Nagar,Hyderabad,Telangana,East Hyderabad,Online,UPI,Delivered
ORD101049,CUST10217,2025-10-18,P016,Green Soul Monster Chair,Furniture,1,13189.52,0.1,Kompally,Hyderabad,TELANGANA,North Hyderabad,Online,Credit Card,Delivered
  ORD101318 ,CUST10221,2025-09-01,P001,Dell Inspiron 15,Laptop,3,63240.59,0,Nallagandla,Hyderabad,Telangana,West Hyderabad,Online,Credit Card,Cancelled
ORD102864,CUST10249,2025-02-19,P001,Dell Inspiron 15,Laptop,3,58873.28,0,Secunderabad,Hyderabad,Telangana,North Hyderabad,Retail Store,Debit Card,Delivered
ORD100417,CUST10316,2025-11-17,P016,Green Soul Monster Chair,Furniture,2,13726.66,0.05,Tarnaka,Hyderabad,Telangana,East Hyderabad,Online,Debit Card,Returned
ORD100916,CUST10010,2025-04-16,P005,OnePlus 13R,Smartphone,3,43540.16,0.1,LB Nagar,Hyderabad,TELANGANA,East Hyderabad,Corporate Sales,UPI,Delivered
ORD100623,CUST10446,10-23-2025,P014,Samsung Galaxy Tab S9,Tablet,5,55502.46,0.05,Attapur,Hyderabad,Telangana,South Hyderabad,Online,Net Banking,Delivered
ORD101159,CUST10453,2025-12-11,P016,Green Soul Monster Chair,Furniture,5,14421.69,0.1,LB Nagar,Hyderabad,Telangana,East Hyderabad,Online,,delivered
ORD102656,CUST10385,06/06/2025,P005,OnePlus 13R,Smartphone,1,43991.71,0.05,BEGUMPET,Hyderabad,Telangana,Central Hyderabad,Online,Net Banking,Delivered
ORD102823,CUST10366,09-05-2025,P007,Sony WH-1000XM5,Audio,5,28315.1,0.05,Attapur,Hyderabad,Telangana,South Hyderabad,Retail Store,Credit Card,Shipped
ORD100761,CUST10324,2025-08-09,P001,Dell Inspiron 15,Laptop,1,66019.53,0.2,LB Nagar,Hyderabad,Telangana,North Hyderabad,Online,UPI,Delivered
ORD102528,CUST10280,2025-10-12,P010,LG UltraGear 27,Monitor,2,29796.78,0.05,Tarnaka,Hyderabad,Telangana,East Hyderabad,Online,UPI,Delivered
ORD101051,CUST10074,2025-04-19,P001,Dell Inspiron 15,Laptop,4,65369.76,0.05,Miyapur,Hyderabad,Telangana,North-West Hyderabad,Online,Cash on Delivery,Delivered
ORD102765,CUST10211,2025-11-06,P009,Dell 24 Monitor,Monitor,5,15443.51,0,Manikonda,Hyderabad,Telangana,West Hyderabad,Online,Net Banking,Shipped
ORD100438,CUST10340,09-03-2025,P007,Sony WH-1000XM5,Audio,1,27977.4,,Jubilee Hills,Hyderabad,Telangana,Central Hyderabad,Corporate Sales,Debit Card,Cancelled
ORD102690,CUST10440,2025-08-20,P005,OnePlus 13R,Smartphone,5,44172.04,0,Tarnaka,Hyderabad,Telangana,East Hyderabad,Online,Debit Card,Delivered
ORD100028,CUST10396,2025-05-08,P005,OnePlus 13R,Smartphone,1,45239.68,0.05,Jubilee Hills,Hyderabad,Telangana,Central Hyderabad,Corporate Sales,UPI,DELIVERED
ORD101989,CUST10126,2025-06-28,P005,OnePlus 13R,Smartphone,1,38927.68,0.1,Uppal,Hyderabad,Telangana,East Hyderabad,Retail Store,Debit Card,Delivered
ORD101459,CUST10460,2025-05-04,P007,Sony WH-1000XM5,Audio,4,31150.85,0.15,Gachibowli,Hyderabad,Telangana,West Hyderabad,Corporate Sales,Debit Card,Shipped
ORD102676,CUST10371,2025-01-31,P004,Samsung Galaxy A55,Smartphone,1,36645.64,0.1,Ameerpet,Hyderabad,Telangana,Central Hyderabad,Online,Credit Card,Delivered
ORD101565,CUST10453,13/10/2025,P006,iPhone 16,Smartphone,4,75161.11,0.05,Begumpet,Hyderabad,Telangana,Central Hyderabad,Online,Credit Card,Delivered
ORD102381,CUST10177,2025-08-19,P005,OnePlus 13R,Smartphone,4,38695.87,0.05,Madhapur,Hyderabad,Telangana,West Hyderabad,Online,UPI,Delivered
ORD102125,CUST10170,2025-07-24,P009,Dell 24 Monitor,Monitor,3,13342.9,0.1,LB Nagar,Hyderabad,Telangana,East Hyderabad,Retail Store,Credit Card,Shipped
ORD100952,CUST10284,10/07/2025,P002,HP Pavilion 14,Laptop,2,67306.64,0.05,Dilsukhnagar,Hyderabad,Telangana,East Hyderabad,Online,Cash on Delivery,Delivered
ORD100794,CUST10008,07-09-2025,P006,iPhone 16,Smartphone,4,75000.57,0,Kukatpally  ,Hyderabad,Telangana,North-West Hyderabad,Online,Net Banking,Returned
ORD102305,CUST10031,2025-09-02,P008,JBL Tune 770NC,Audio,1,7968.15,0.1,Nallagandla,Hyderabad,Telangana,West Hyderabad,Corporate Sales,Cash on Delivery,Shipped
